paramId	name	behaviorVariationId	normalChangeTexChrId	hp	stamina	itemLotIdEnemy	teamType	lockCameraParamId	soundBankId	retargetReferenceChrId
1	Human	0	-1	291	50	-1	6	-1	-1	-1
100	NPC Param 100	0	-1	291	50	-1	6	-1	-1	-1
540	NPC Param 540	0	-1	291	50	-1	6	-1	-1	-1
541	NPC Param 541	0	-1	291	50	-1	6	-1	-1	-1
542	NPC Param 542	0	-1	291	50	-1	6	-1	-1	-1
1000	NPC Param 1000	0	-1	640	50	-1	6	-1	-1	-1
9999	NPC Param 9999	0	-1	291	50	-1	6	-1	-1	-1
1000000	BuddyStone	1000	-1	1939	50	-1	30	-1	8000	-1
1002000	Patrol Dummy	1000	-1	1939	50	-1	6	-1	-1	-1
1100000	Caravan Dummy	1100	-1	1939	50	-1	30	-1	-1	-1
1200000	Bullet Dummy	1200	-1	1939	50	-1	6	-1	-1	-1
1200020	Bullet Dummy	1200	-1	1939	50	-1	6	-1	-1	-1
1200030	Bullet Dummy	1200	-1	1939	50	-1	6	-1	-1	-1
1200041	Bullet Dummy	1200	-1	1939	50	-1	6	-1	-1	-1
1200090	NPC Param 1200090	1200	-1	1939	50	-1	48	-1	-1	-1
1200100	Bullet Dummy	1200	-1	1939	50	-1	6	-1	-1	-1
1300000	Balloon Dummy	1300	-1	39	50	-1	6	-1	-1	-1
10000000	Bonfire	0	-1	1939	50	-1	0	-1	-1	-1
10000100	Talk Dummy	0	-1	1939	50	-1	0	-1	-1	-1
10001000	BuddyStone	0	-1	1939	50	-1	0	-1	-1	-1
10003000	Talk Dummy	1000	-1	1939	50	-1	7	-1	-1	-1
10003100	Talk Dummy	1000	-1	1939	50	-1	7	-1	-1	-1
10004000	NPC Param 10004000	0	-1	1939	50	-1	0	-1	-1	-1
10005000	Talk Dummy	0	-1	1939	50	-1	0	-1	-1	-1
10006000	NPC Param 10006000	0	-1	1939	50	-1	33	-1	-1	-1
10006050	Talk Dummy	0	-1	1939	50	-1	33	-1	-1	-1
10100000	Talk Dummy	1000	-1	1939	50	-1	7	-1	-1	-1
20100000	Blaidd the Half-Wolf	20100	-1	1320	50	-1	7	-1	-1	-1
20101000	Blaidd the Half-Wolf	20100	-1	1320	50	-1	7	-1	-1	-1
20107500	Blaidd the Half-Wolf	20100	-1	3491	50	-1	2	-1	-1	-1
20108000	Blaidd the Half-Wolf	20100	-1	1320	50	-1	6	-1	-1	-1
20108500	Baleful Shadow	20100	-1	1320	50	-1	6	-1	-1	-1
20108562	Baleful Shadow	20100	-1	1320	50	-1	6	-1	-1	-1
20109000	Blaidd the Half-Wolf	20100	-1	1320	50	-1	7	-1	-1	-1
20109010	Blaidd the Half-Wolf	20100	-1	1320	50	-1	26	-1	-1	-1
20109020	Blaidd the Half-Wolf	20100	-1	1320	50	-1	0	-1	-1	-1
20109040	Blaidd the Half-Wolf	20100	-1	1320	50	-1	0	-1	-1	-1
20109064	Blaidd the Half-Wolf	20100	-1	1320	50	-1	26	-1	-1	-1
20109110	Blaidd the Half-Wolf	20100	-1	1320	50	-1	26	-1	-1	-1
20109120	Blaidd the Half-Wolf	20100	-1	1320	50	-1	7	-1	-1	-1
20109140	Blaidd the Half-Wolf	20100	-1	2900	50	-1	2	-1	-1	-1
20109210	Blaidd the Half-Wolf	20100	-1	1320	50	-1	26	-1	-1	-1
20109240	Blaidd the Half-Wolf	20100	-1	1320	50	-1	26	-1	-1	-1
20109310	Blaidd the Half-Wolf	20100	-1	1320	50	-1	2	-1	-1	-1
20109410	Blaidd the Half-Wolf	20100	-1	1320	50	-1	0	-1	-1	-1
20300000	Rennala, Queen of the Full Moon	20300	-1	1452	50	-1	6	-1	-1	-1
20300024	Rennala, Queen of the Full Moon	20300	-1	1452	50	-1	6	-1	-1	-1
20300100	Rennala, Queen of the Full Moon	20300	-1	1452	50	-1	26	-1	-1	-1
20300124	Rennala, Queen of the Full Moon	20300	-1	1452	50	-1	0	-1	-1	-1
20310000	Rennala, Queen of the Full Moon	20310	2030	1703	50	-1	6	2031	2030	-1
20310024	Rennala, Queen of the Full Moon	20310	2030	1703	50	-1	6	2031	2030	-1
20310100	Rennala, Queen of the Full Moon	20310	2030	1703	50	-1	26	2031	2030	-1
20310124	Rennala, Queen of the Full Moon	20310	2030	1703	50	-1	26	2031	2030	-1
20400000	Juvenile Scholar	20400	-1	85	50	-1	6	-1	2030	-1
20400024	Juvenile Scholar	20400	-1	85	50	-1	6	-1	2030	-1
20401000	Juvenile Scholar	20400	-1	85	50	-1	6	-1	2030	-1
20401024	Juvenile Scholar	20400	-1	85	50	-1	6	-1	2030	-1
20402000	Juvenile Scholar	20400	-1	85	50	-1	6	-1	2030	-1
20402024	Juvenile Scholar	20400	-1	85	50	-1	6	-1	2030	-1
20402100	Juvenile Scholar	20400	-1	85	50	-1	6	-1	2030	-1
20402124	Juvenile Scholar	20400	-1	85	50	-1	6	-1	2030	-1
20402200	Juvenile Scholar	20400	-1	85	50	-1	6	-1	2030	-1
20402224	Juvenile Scholar	20400	-1	85	50	-1	6	-1	2030	-1
20403000	Juvenile Scholar	20400	-1	85	50	-1	6	-1	2030	-1
20403024	Juvenile Scholar	20400	-1	85	50	-1	6	-1	2030	-1
20404000	Juvenile Scholar	20400	-1	85	50	-1	6	-1	2030	-1
20404024	Juvenile Scholar	20400	-1	85	50	-1	6	-1	2030	-1
20410000	Kindred of Rot Larva	20410	-1	77	50	-1	6	-1	3810	-1
20410040	Kindred of Rot Larva	20410	-1	77	50	204100000	51	-1	3810	-1
20410056	Kindred of Rot Larva	20410	-1	77	50	204100100	6	-1	3810	-1
20500000	Ranni the Witch	20500	-1	1939	50	-1	6	-1	-1	-1
20500010	Renna the Witch	20500	-1	1939	50	-1	26	-1	-1	-1
20500020	Ranni the Witch	20500	-1	1939	50	-1	26	-1	-1	-1
20500100	Ranni the Witch	20500	-1	1939	50	-1	6	-1	-1	-1
20500122	Ranni the Witch	20500	-1	1939	50	-1	26	-1	-1	-1
20500178	Ranni the Witch	20500	-1	1939	50	-1	26	-1	-1	-1
20501000	Ranni the Witch	20500	-1	1939	50	-1	6	-1	-1	-1
20501022	Ranni the Witch	20500	-1	1939	50	-1	26	-1	-1	-1
20501100	Ranni the Witch	20500	-1	1939	50	-1	6	-1	-1	-1
20501122	Ranni the Witch	20500	-1	1939	50	-1	26	-1	-1	-1
20510000	Ranni the Witch	20510	-1	1939	50	-1	6	-1	-1	-1
20600000	The Two Fingers	20600	-1	5818	50	-1	6	-1	-1	-1
20600079	The Two Fingers	20600	-1	5818	50	-1	0	-1	-1	-1
21000000	Black Knife Assassin (Unscaled)	21000	-1	731	50	210000000	7	-1	-1	-1
21000034	Black Knife Assassin (Leyndell)	21000	-1	731	50	210000000	7	-1	-1	-1
21000052	Black Knife Assassin (Ordina)	21000	-1	731	50	210000000	33	-1	-1	-1
21000735	Black Knife Assassin (Boss)	21000	-1	731	50	-1	7	-1	-1	-1
21000820	Black Knife Assassin (Boss)	21000	-1	731	50	-1	7	-1	-1	-1
21000830	Black Knife Assassin (Boss)	21000	-1	731	50	-1	7	-1	-1	-1
21000930	Black Knife Assassin (Boss)	21000	-1	731	50	-1	7	-1	-1	-1
21001000	Black Knife Assassin (Unscaled)	21000	-1	731	50	-1	7	-1	-1	-1
21001010	Black Knife Assassin (Limgrave Catacombs Boss)	21000	-1	731	50	-1	7	-1	-1	-1
21002000	Black Knife Assassin (Unscaled)	21000	-1	1307	50	-1	7	-1	-1	-1
21002922	Alecto, Black Knife Ringleader	21000	-1	1307	50	-1	7	-1	-1	-1
21009000	Black Knife Assassin (Unscaled)	21000	-1	731	50	-1	0	-1	-1	-1
21009020	Black Knife Assassin (Liurnia Catacombs Boss)	21000	-1	731	50	-1	0	-1	-1	-1
21100000	Beast Clergyman	21100	-1	1588	50	-1	7	2110	-1	-1
21100072	Beast Clergyman (Farum Azula)	21100	-1	1588	50	-1	33	2110	-1	-1
21101000	Maliketh	21100	-1	1588	50	-1	7	2110	-1	-1
21101072	Maliketh (Farum Azula)	21100	-1	1588	50	-1	33	2110	-1	-1
21102000	Beast Clergyman	21100	-1	1588	50	-1	7	2110	-1	-1
21109000	Gurranq, Beast Clergyman	21100	-1	1588	50	-1	26	2110	-1	-1
21109042	Gurranq, Beast Clergyman	21100	-1	1588	50	-1	26	2110	-1	-1
21200000	Malenia, Blade of Miquella	21200	-1	2489	50	-1	33	-1	-1	-1
21200056	Malenia, Blade of Miquella	21200	-1	2489	50	-1	33	-1	-1	-1
21201000	Malenia, Blade of Miquella	21200	-1	2489	50	-1	33	-1	-1	-1
21201100	Malenia, Blade of Miquella	21200	-1	2489	50	-1	33	-1	-1	-1
21202000	Malenia, Blade of Miquella	21200	-1	2489	50	-1	33	-1	-1	-1
21202056	Malenia, Blade of Miquella	21200	-1	2489	50	-1	33	-1	-1	-1
21203000	Malenia, Blade of Miquella	21200	-1	2489	50	-1	33	-1	-1	-1
21203056	Malenia, Blade of Miquella	21200	-1	2489	50	-1	33	-1	-1	-1
21209000	Malenia, Blade of Miquella	21200	-1	2489	50	-1	33	-1	-1	-1
21300000	Margit	21300	-1	2521	50	-1	7	-1	-1	-1
21300014	Margit, the Fell Omen	21300	-1	2521	50	-1	7	-1	-1	-1
21300033	Margit (Capital Outskirts)	21300	-1	2521	50	-1	7	-1	-1	-1
21300500	Morgott	21300	-1	2521	50	-1	7	-1	-1	-1
21300534	Morgott, the Omen King	21300	-1	2521	50	-1	7	-1	-1	-1
21310000	Morgott - Dead	21310	-1	2521	50	-1	0	-1	-1	-1
21310034	Morgott - Dead (Leyndell)	21310	-1	0	50	-1	26	-1	-1	-1
21400000	Omen	21400	-1	902	50	214000000	7	-1	-1	-1
21400012	Omen	21400	-1	902	50	214000000	7	-1	-1	-1
21400030	Omen	21400	-1	902	50	214000000	7	-1	-1	-1
21400034	Omen (Leyndell)	21400	-1	902	50	214000000	7	-1	-1	-1
21400035	Omen	21400	-1	902	50	214000000	7	-1	-1	-1
21400090	Omen	21400	-1	902	50	-1	7	-1	-1	-1
21400100	Omen	21400	-1	902	50	214000000	7	-1	-1	-1
21400114	Omen (Stormveil Castle)	21400	-1	902	50	214000000	7	-1	-1	-1
21400120	Omen	21400	-1	902	50	214000000	33	-1	-1	-1
21400130	Omen	21400	-1	902	50	214000000	7	-1	-1	-1
21400135	Omen	21400	-1	902	50	214000000	7	-1	-1	-1
21400200	Omen (Accursed)	21400	-1	1082	50	214000000	7	-1	-1	-1
21400235	Omen (Accursed)	21400	-1	1082	50	214000990	33	-1	-1	-1
21400300	Omen	21400	-1	1082	50	214000000	7	-1	-1	-1
21400335	Omen	21400	-1	1082	50	214000000	7	-1	-1	-1
21400400	Omen (Horned)	21400	-1	1082	50	214000000	7	-1	-1	-1
21400435	Omen (Horned)	21400	-1	1082	50	214000000	33	-1	-1	-1
21400600	Omen (Death-serving)	21400	-1	902	50	214000000	7	-1	-1	-1
21400633	Omen (Death-serving)	21400	-1	902	50	214000000	33	-1	-1	-1
21400900	Omen	21400	-1	902	50	214000000	7	-1	-1	-1
21400930	Omen	21400	-1	902	50	214000000	7	-1	-1	-1
21401000	Omen	21400	-1	902	50	214000100	7	-1	-1	-1
21401030	Omen	21400	-1	902	50	214000100	7	-1	-1	-1
21401035	Omen	21400	-1	902	50	214000100	7	-1	-1	-1
21401100	Omen	21400	-1	902	50	214000100	7	-1	-1	-1
21401120	Omen	21400	-1	902	50	214000100	33	-1	-1	-1
21401130	Omen	21400	-1	902	50	214000100	7	-1	-1	-1
21401135	Omen	21400	-1	902	50	214000100	7	-1	-1	-1
21401200	Omen	21400	-1	1082	50	214000100	7	-1	-1	-1
21401235	Omen	21400	-1	1082	50	214000100	33	-1	-1	-1
21401300	Omen	21400	-1	1082	50	214000100	7	-1	-1	-1
21401335	Omen	21400	-1	1082	50	214000100	7	-1	-1	-1
21401400	Omen	21400	-1	1082	50	214000100	7	-1	-1	-1
21401435	Omen	21400	-1	1082	50	214000100	33	-1	-1	-1
21401600	Omen	21400	-1	902	50	214000100	7	-1	-1	-1
21401900	Omen	21400	-1	902	50	214000100	7	-1	-1	-1
21401930	Omen	21400	-1	902	50	214000100	7	-1	-1	-1
21403000	Omen	21400	-1	1625	50	-1	7	-1	-1	-1
21403050	Fell Twin	21400	-1	1625	50	-1	33	-1	-1	-1
21403100	Omen	21400	-1	1350	50	-1	7	-1	-1	-1
21403150	Fell Twin	21400	-1	1350	50	-1	33	-1	-1	-1
21409000	Omen	21400	-1	902	50	-1	7	-1	-1	-1
21500000	NPC Param 21500000	21500	-1	187	50	-1	6	-1	-1	-1
21500052	Lightning Ball	21500	-1	187	50	-1	6	-1	-1	-1
21500064	Lightning Ball (Siofra River)	21500	-1	187	50	-1	6	-1	-1	-1
21500300	NPC Param 21500300	21500	-1	187	50	-1	6	-1	-1	-1
21500352	Lightning Ball	21500	-1	187	50	-1	6	-1	-1	-1
21500400	NPC Param 21500400	21500	-1	187	50	-1	6	-1	-1	-1
21500452	Lightning Ball	21500	-1	187	50	-1	6	-1	-1	-1
21500500	NPC Param 21500500	21500	-1	187	50	-1	6	-1	-1	-1
21500552	Lightning Ball	21500	-1	187	50	-1	6	-1	-1	-1
21500600	NPC Param 21500600	21500	-1	187	50	-1	6	-1	-1	-1
21500652	Lightning Ball	21500	-1	187	50	-1	6	-1	-1	-1
21600000	Finger Reader Crone	21600	-1	902	50	-1	26	-1	2160	-1
21601000	Finger Reader Crone	21600	-1	1939	50	-1	26	-1	2160	-1
21601010	Finger Reader Crone	21600	-1	1939	50	-1	26	-1	2160	-1
21601012	Finger Reader Crone	21600	-1	1939	50	-1	26	-1	2160	-1
21601020	Finger Reader Crone	21600	-1	902	50	-1	26	-1	2160	-1
21601030	Finger Reader Crone	21600	-1	902	50	-1	26	-1	2160	-1
21601033	Finger Reader Crone	21600	-1	902	50	-1	26	-1	2160	-1
21601040	Finger Reader Crone	21600	-1	902	50	-1	26	-1	2160	-1
21601050	Keeper of Forbidden Lands	21600	-1	902	50	-1	26	-1	2160	-1
21601066	Godwyn's Wet Nurse	21600	-1	902	50	-1	26	-1	2160	-1
21700000	Finger Reader Enia	21700	-1	902	50	-1	26	-1	2160	-1
21700079	Finger Reader Enia	21700	-1	902	50	-1	0	-1	2160	-1
21701000	Finger Reader Enia	21700	-1	902	50	-1	26	-1	2160	-1
21800000	Melina	21800	-1	1920	50	-1	26	-1	-1	-1
21801000	Melina	21800	-1	1920	50	-1	2	-1	-1	-1
21801034	Melina	21800	-1	1920	50	-1	2	-1	-1	-1
21803000	Melina	21800	-1	1920	50	-1	26	-1	-1	-1
21809000	Melina	21800	-1	1920	50	-1	6	-1	-1	-1
21900000	Radagon (Unscaled)	21900	-1	1893	50	-1	6	-1	-1	-1
21900078	Radagon of the Golden Order	21900	-1	1893	50	-1	6	-1	-1	-1
21910000	Radagon - Crucified (Unscaled)	21910	-1	2913	50	-1	6	-1	-1	-1
22000000	Elden Beast	22000	-1	3140	50	-1	6	2200	-1	-1
22000078	Elden Beast	22000	-1	3140	50	-1	6	2200	-1	-1
22700000	Giant Crab	22700	-1	357	50	227000000	7	-1	-1	-1
22700010	Giant Crab	22700	-1	357	50	227000000	7	-1	-1	-1
22700012	Giant Crab	22700	-1	357	50	227000000	7	-1	-1	-1
22700013	Giant Crab (Limgrave)	22700	-1	357	50	227000000	7	-1	-1	-1
22700030	Giant Crab	22700	-1	357	50	227000000	7	-1	-1	-1
22700032	Giant Crab	22700	-1	357	50	227000000	7	-1	-1	-1
22700033	Giant Crab	22700	-1	357	50	227000000	7	-1	-1	-1
22700064	Giant Crab (Siofra River)	22700	-1	357	50	227000000	7	-1	-1	-1
22700100	Giant Crab	22700	-1	357	50	227000000	7	-1	-1	-1
22700210	Giant Crab	22700	-1	357	50	227000000	7	-1	-1	-1
22710000	Crab	22710	-1	28	50	227100000	6	-1	-1	-1
22710010	Crab	22710	-1	28	50	227100000	6	-1	-1	-1
22710012	Crab	22710	-1	28	50	227100000	6	-1	-1	-1
22710013	Crab (Limgrave)	22710	-1	28	50	227100000	6	-1	-1	-1
22710030	Crab	22710	-1	28	50	227100000	6	-1	-1	-1
22710032	Crab	22710	-1	28	50	227100000	6	-1	-1	-1
22710033	Crab	22710	-1	28	50	227100000	6	-1	-1	-1
22710040	Crab	22710	-1	28	50	227100000	6	-1	-1	-1
22710060	Crab (Ainsel River)	22710	-1	28	50	227100000	6	-1	-1	-1
22710064	Crab (Siofra River)	22710	-1	28	50	227100000	6	-1	-1	-1
22710065	Crab	22710	-1	28	50	227100000	6	-1	-1	-1
22720000	Giant Black Crab	22700	-1	357	50	227000000	7	-1	2270	2270
22720020	Giant Black Crab	22700	-1	357	50	227000000	7	-1	2270	2270
22720100	Giant Black Crab	22700	-1	357	50	227000000	7	-1	2270	2270
22720112	Giant Black Crab	22700	-1	357	50	227000000	7	-1	2270	2270
22730000	Giant Black Crab	22710	-1	28	50	227100000	6	-1	2271	2271
22730020	Black Crab	22710	-1	28	50	227100000	6	-1	2271	2271
22740000	Giant Albinauric Crab	22700	-1	357	50	227000000	7	-1	2270	2270
22740020	Giant Albinauric Crab	22700	-1	357	50	227000000	52	-1	2270	2270
22740021	Giant Albinauric Crab	22700	-1	357	50	227000000	52	-1	2270	2270
22740024	Giant Albinauric Crab	22700	-1	357	50	227000000	7	-1	2270	2270
22740052	Giant Albinauric Crab	22700	-1	357	50	227000000	7	-1	2270	2270
22740120	Giant Albinauric Crab	22700	-1	357	50	227000000	7	-1	2270	2270
22750000	Albinauric Crab	22710	-1	28	50	227100000	6	-1	2271	2271
22750020	Albinauric Crab	22710	-1	28	50	227100000	51	-1	2271	2271
22750024	Albinauric Crab	22710	-1	28	50	227100000	6	-1	2271	2271
22750052	Albinauric Crab	22710	-1	28	50	227100000	6	-1	2271	2271
22750120	Albinauric Crab	22710	-1	28	50	227100000	6	-1	2271	2271
22751000	Albinauric Crab	22710	-1	260	50	227100500	6	-1	2271	2271
22751024	Albinauric Crab	22710	-1	260	50	227100500	6	-1	2271	2271
22760000	Giant Death Crab	22700	-1	357	50	227000000	7	-1	2270	2270
22760020	Giant Death Crab	22700	-1	357	50	227000000	7	-1	2270	2270
22760033	Giant Death Crab	22700	-1	357	50	227000000	7	-1	2270	2270
22770000	Death Crab	22710	-1	28	50	227100000	6	-1	2271	2271
22770020	Death Crab	22710	-1	28	50	227100000	6	-1	2271	2271
22770033	Death Crab	22710	-1	28	50	227100000	6	-1	2271	2271
25000000	Crucible Knight (Unscaled)	25000	-1	840	150	-1	6	-1	-1	-1
25000010	Crucible Knight (Limgrave Evergaol Boss)	25000	-1	840	150	-1	6	-1	-1	-1
25000014	Crucible Knight	25000	-1	840	150	-1	6	-1	-1	-1
25000030	Crucible Knight	25000	-1	840	150	-1	6	-1	-1	-1
25000034	Crucible Knight (Leyndell)	25000	-1	840	150	-1	6	-1	-1	-1
25000042	Crucible Knight (Boss)	25000	-1	840	150	-1	6	-1	-1	-1
25000065	Crucible Knight	25000	-1	840	150	-1	6	-1	-1	-1
25000100	Crucible Knight (Unscaled)	25000	-1	840	150	-1	6	-1	-1	-1
25000165	Crucible Knight	25000	-1	840	150	-1	6	-1	-1	-1
25000172	Crucible Knight (Farum Azula)	25000	-1	840	150	-1	6	-1	-1	-1
25000865	Crucible Knight (Four Belfries)	25000	-1	840	150	-1	6	-1	-1	-1
25000933	Crucible Knight Ordovis	25000	-1	840	150	-1	6	-1	-1	-1
25000941	Crucible Knight (Redmane Boss)	25000	-1	840	150	-1	6	-1	-1	-1
25001000	Crucible Knight (Unscaled)	25000	-1	840	50	-1	6	-1	-1	-1
25001034	Crucible Knight (Leyndell)	25000	-1	840	50	-1	6	-1	-1	-1
25001065	Crucible Knight	25000	-1	840	50	-1	6	-1	-1	-1
25001066	Crucible Knight Siluria	25000	-1	840	50	-1	6	-1	-1	-1
25001100	Crucible Knight (Unscaled)	25000	-1	840	50	-1	6	-1	-1	-1
25001134	Crucible Knight (Leyndell)	25000	-1	840	50	-1	6	-1	-1	-1
25001165	Crucible Knight	25000	-1	840	50	-1	6	-1	-1	-1
25001933	Crucible Knight Ordovis (Auriza Boss)	25000	-1	840	50	-1	6	-1	-1	-1
25006000	Crucible Knight (Unscaled)	25000	-1	189	150	-1	6	-1	-1	-1
25006020	Crucible Knight (Boss)	25000	-1	628	150	-1	6	-1	-1	-1
25006100	Crucible Knight (Unscaled)	25000	-1	189	150	-1	6	-1	-1	-1
25006120	Crucible Knight (Boss)	25000	-1	628	150	-1	6	-1	-1	-1
25007000	Crucible Knight (Unscaled)	25000	-1	189	50	-1	6	-1	-1	-1
25007020	Crucible Knight (Boss)	25000	-1	628	50	-1	6	-1	-1	-1
25007100	Crucible Knight (Unscaled)	25000	-1	189	50	-1	6	-1	-1	-1
25007120	Crucible Knight (Boss)	25000	-1	628	50	-1	6	-1	-1	-1
25009000	Tanith's Knight	25000	-1	840	150	-1	6	-1	-1	-1
25009038	Tanith's Knight	25000	-1	840	150	-1	0	-1	-1	-1
25009138	Tanith's Knight	25000	-1	840	150	-1	27	-1	-1	-1
30000000	Exile Soldier	30000	-1	134	50	300000000	6	-1	-1	-1
30000006	Exile Soldier	30000	-1	134	50	-1	6	-1	-1	-1
30000014	Exile Soldier (Stormveil Castle)	30000	-1	134	50	300014000	6	-1	-1	-1
30000034	Exile Soldier (Leyndell)	30000	-1	134	50	300000000	6	-1	-1	-1
30000100	Exile Soldier	30000	-1	134	50	300000100	6	-1	-1	-1
30000106	Exile Soldier	30000	-1	134	50	-1	6	-1	-1	-1
30000114	Exile Soldier (Stormveil Castle)	30000	-1	134	50	300014100	6	-1	-1	-1
30000134	Exile Soldier (Leyndell)	30000	-1	134	50	300000100	6	-1	-1	-1
30000200	Exile Soldier	30000	-1	134	50	300000200	6	-1	-1	-1
30000214	Exile Soldier (Stormveil Castle)	30000	-1	134	50	300014200	6	-1	-1	-1
30000300	Exile Soldier	30000	-1	134	50	-1	6	-1	-1	-1
30000600	Exile Soldier	30000	-1	134	50	300000300	6	-1	-1	-1
30000614	Exile Soldier (Stormveil Castle)	30000	-1	134	50	300014300	6	-1	-1	-1
30000700	Exile Soldier	30000	-1	134	50	300000400	6	-1	-1	-1
30000714	Exile Soldier (Stormveil Castle)	30000	-1	134	50	300014400	6	-1	-1	-1
30000800	Exile Soldier	30000	-1	134	50	300000000	6	-1	-1	-1
30000814	Exile Soldier (Stormveil Castle)	30000	-1	134	50	300014000	6	-1	-1	-1
30000834	Exile Soldier (Leyndell)	30000	-1	134	50	300000000	6	-1	-1	-1
30001000	Exile Soldier	30000	-1	134	50	300000500	6	-1	-1	-1
30001014	Exile Soldier (Stormveil Castle)	30000	-1	134	50	300014500	6	-1	-1	-1
30001034	Exile Soldier (Leyndell)	30000	-1	134	50	300000500	6	-1	-1	-1
30001100	Exile Soldier	30000	-1	134	50	300000500	6	-1	-1	-1
30001114	Exile Soldier (Stormveil Castle)	30000	-1	134	50	300014500	6	-1	-1	-1
30001200	Exile Soldier	30000	-1	134	50	300000000	6	-1	-1	-1
30001214	Exile Soldier (Stormveil Castle)	30000	-1	134	50	300014000	6	-1	-1	-1
30001300	Exile Soldier	30000	-1	134	50	300000100	6	-1	-1	-1
30001314	Exile Soldier (Stormveil Castle)	30000	-1	134	50	300014100	6	-1	-1	-1
30002000	Exile Soldier	30000	-1	134	50	300000600	6	-1	-1	-1
30002014	Exile Soldier (Stormveil Castle)	30000	-1	134	50	300014600	6	-1	-1	-1
30002034	Exile Soldier (Leyndell)	30000	-1	134	50	300000600	6	-1	-1	-1
30003000	Exile Soldier	30000	-1	134	50	300000700	6	-1	-1	-1
30003014	Exile Soldier (Stormveil Castle)	30000	-1	134	50	300014700	6	-1	-1	-1
30003034	Exile Soldier (Leyndell)	30000	-1	134	50	300000700	6	-1	-1	-1
30003200	Exile Soldier	30000	-1	134	50	300000800	6	-1	-1	-1
30003214	Exile Soldier (Stormveil Castle)	30000	-1	134	50	300014800	6	-1	-1	-1
30003500	Exile Soldier	30000	-1	134	50	300000700	6	-1	-1	-1
30003514	Exile Soldier (Stormveil Castle)	30000	-1	134	50	300014700	6	-1	-1	-1
30004000	Mausoleum Exile Soldier	30000	-1	134	50	300000000	6	-1	-1	-1
30004007	Mausoleum Exile Soldier	30000	-1	134	50	300000010	6	-1	-1	-1
30004051	Mausoleum Exile Soldier	30000	-1	134	50	300051000	6	-1	-1	-1
30004100	Mausoleum Exile Soldier	30000	-1	134	50	300000100	6	-1	-1	-1
30004107	Mausoleum Exile Soldier	30000	-1	134	50	300000110	6	-1	-1	-1
30004151	Mausoleum Exile Soldier	30000	-1	134	50	300051100	6	-1	-1	-1
30004200	Mausoleum Exile Soldier	30000	-1	134	50	300000200	6	-1	-1	-1
30004251	Mausoleum Exile Soldier	30000	-1	134	50	300051200	6	-1	-1	-1
30004300	Mausoleum Exile Soldier	30000	-1	134	50	300000200	6	-1	-1	-1
30004351	Mausoleum Exile Soldier	30000	-1	134	50	300051200	6	-1	-1	-1
30005000	Mausoleum Exile Soldier	30000	-1	134	50	300000500	6	-1	-1	-1
30005007	Mausoleum Exile Soldier	30000	-1	134	50	300000510	6	-1	-1	-1
30005051	Mausoleum Exile Soldier	30000	-1	134	50	300051500	6	-1	-1	-1
30006000	Mausoleum Exile Soldier	30000	-1	134	50	300000600	6	-1	-1	-1
30006051	Mausoleum Exile Soldier	30000	-1	134	50	300051600	6	-1	-1	-1
30007000	Mausoleum Exile Soldier	30000	-1	134	50	300000700	6	-1	-1	-1
30007051	Mausoleum Exile Soldier	30000	-1	134	50	300051700	6	-1	-1	-1
30008000	Exile Soldier	30000	-1	134	50	-1	6	-1	-1	-1
30008040	Exile Soldier (Boss)	30000	-1	134	50	-1	51	-1	-1	-1
30100000	Banished Knight	30100	-1	477	100	301000000	6	-1	-1	-1
30100014	Banished Knight (Stormveil Castle)	30100	-1	477	100	301000000	6	-1	-1	-1
30100034	Banished Knight (Leyndell)	30100	-1	477	100	301000000	6	-1	-1	-1
30100100	Banished Knight	30100	-1	448	100	301000100	6	-1	-1	-1
30100114	Banished Knight (Stormveil Castle)	30100	-1	448	100	301000100	6	-1	-1	-1
30100134	Banished Knight (Leyndell)	30100	-1	448	100	301000100	6	-1	-1	-1
30100140	Banished Knight	30100	-1	448	100	301000100	6	-1	-1	-1
30100172	Banished Knight	30100	-1	448	100	301000100	6	-1	-1	-1
30100200	Banished Knight	30100	-1	640	100	301000200	6	-1	-1	-1
30100214	Banished Knight	30100	-1	477	100	301000000	0	-1	-1	-1
30100234	Banished Knight (Leyndell)	30100	-1	640	100	301000200	6	-1	-1	-1
30100400	Mausoleum Banished Knight	30100	-1	477	100	301000000	6	-1	-1	-1
30100451	Mausoleum Banished Knight	30100	-1	477	100	301000000	6	-1	-1	-1
30100500	Mausoleum Banished Knight	30100	-1	448	100	301000000	6	-1	-1	-1
30100507	Mausoleum Banished Knight	30100	-1	448	100	301000010	6	-1	-1	-1
30100600	Mausoleum Banished Knight	30100	-1	640	100	301000200	6	-1	-1	-1
30100651	Mausoleum Banished Knight	30100	-1	640	100	301000200	6	-1	-1	-1
30100800	Banished Knight	30100	-1	477	100	301000000	6	-1	-1	-1
30100814	Banished Knight (Stormveil Castle)	30100	-1	477	100	301000000	6	-1	-1	-1
30101000	Banished Knight	30100	-1	477	100	301000300	6	-1	-1	-1
30101034	Banished Knight (Leyndell)	30100	-1	477	100	301000300	6	-1	-1	-1
30101100	Banished Knight	30100	-1	448	100	301000400	6	-1	-1	-1
30101134	Banished Knight (Leyndell)	30100	-1	448	100	301000400	6	-1	-1	-1
30101140	Banished Knight	30100	-1	448	100	301000400	6	-1	-1	-1
30101172	Banished Knight	30100	-1	448	100	301000400	6	-1	-1	-1
30101200	Banished Knight	30100	-1	640	100	301000500	6	-1	-1	-1
30101234	Banished Knight (Leyndell)	30100	-1	640	100	301000500	6	-1	-1	-1
30101400	Mausoleum Banished Knight	30100	-1	477	100	301000300	6	-1	-1	-1
30101451	Mausoleum Banished Knight	30100	-1	477	100	301000300	6	-1	-1	-1
30101500	Mausoleum Banished Knight	30100	-1	448	100	301000400	6	-1	-1	-1
30101600	Mausoleum Banished Knight	30100	-1	640	100	301000500	6	-1	-1	-1
30101651	Mausoleum Banished Knight	30100	-1	640	100	301000500	6	-1	-1	-1
30102000	Banished Knight	30100	-1	477	100	301000600	6	-1	-1	-1
30102014	Banished Knight (Stormveil Castle)	30100	-1	477	100	301000600	6	-1	-1	-1
30102034	Banished Knight (Leyndell)	30100	-1	477	100	301000600	6	-1	-1	-1
30102100	Banished Knight	30100	-1	448	100	301000700	6	-1	-1	-1
30102134	Banished Knight (Leyndell)	30100	-1	448	100	301000700	6	-1	-1	-1
30102172	Banished Knight	30100	-1	448	100	301000700	6	-1	-1	-1
30102200	Banished Knight	30100	-1	640	100	301000800	6	-1	-1	-1
30102234	Banished Knight (Leyndell)	30100	-1	640	100	301000800	6	-1	-1	-1
30102400	Mausoleum Banished Knight	30100	-1	477	100	301000600	6	-1	-1	-1
30102451	Mausoleum Banished Knight	30100	-1	477	100	301000600	6	-1	-1	-1
30102500	Mausoleum Banished Knight	30100	-1	448	100	301000700	6	-1	-1	-1
30102507	Mausoleum Banished Knight	30100	-1	448	100	301000710	6	-1	-1	-1
30102600	Mausoleum Banished Knight	30100	-1	640	100	301000800	6	-1	-1	-1
30102651	Mausoleum Banished Knight	30100	-1	640	100	301000800	6	-1	-1	-1
30106000	Banished Knight	30100	-1	477	100	-1	6	3015	-1	-1
30106051	Banished Knight (Niall Boss)	30100	-1	477	100	-1	6	3015	-1	-1
30107000	Banished Knight	30100	-1	477	100	-1	6	3015	-1	-1
30107051	Banished Knight (Niall Boss)	30100	-1	477	100	-1	6	3015	-1	-1
30108000	Banished Knight	30100	-1	477	100	-1	6	3015	-1	-1
30200000	Large Exile Soldier	30200	3000	192	50	302000000	6	-1	3000	3000
30200014	Large Exile Soldier	30200	3000	192	50	302014000	6	-1	3000	3000
30200034	Large Exile Soldier (Leyndell)	30200	3000	192	50	302000000	6	-1	3000	3000
30200100	Mausoleum Large Exile Soldier	30200	3000	192	50	302000000	6	-1	3000	3000
30200151	Mausoleum Large Exile Soldier	30200	3000	192	50	302051000	6	-1	3000	3000
30208000	Large Exile Soldier	30200	3000	192	50	-1	6	-1	3000	3000
30208040	Large Exile Soldier (Boss)	30200	3000	192	50	-1	51	-1	3000	3000
30500000	Commander	30500	-1	2834	50	305000000	6	3050	-1	-1
30500051	Commander Niall	30500	-1	2834	50	-1	6	3050	-1	-1
30500100	Commander	30500	-1	2834	50	305000000	6	3050	-1	-1
30500140	Commander O'Neil	30500	-1	2834	50	-1	51	3050	-1	-1
30509999	Commander	30500	-1	2834	50	305000000	6	3050	-1	-1
30600000	Giant Skeleton	30600	-1	671	50	306000000	6	-1	3060	-1
30600020	Giant Skeleton	30600	-1	671	50	306000000	6	-1	3060	-1
30600030	Giant Skeleton	30600	-1	671	50	306000000	6	-1	3060	-1
30600040	Giant Skeleton	30600	-1	671	50	306000000	6	-1	3060	-1
30600050	Giant Skeleton	30600	-1	671	50	306000000	6	-1	3060	-1
30601000	Giant Skeleton	30600	-1	613	50	306000100	6	-1	3060	-1
30601020	Giant Skeleton	30600	-1	613	50	306000100	6	-1	3060	-1
30601030	Giant Skeleton	30600	-1	613	50	306000100	6	-1	3060	-1
30601040	Giant Skeleton	30600	-1	613	50	306000100	6	-1	3060	-1
30601050	Giant Skeleton	30600	-1	613	50	306000100	6	-1	3060	-1
30610000	Giant Beast Skeleton	30610	3060	671	50	305000000	6	-1	3060	3060
30610072	Giant Beast Skeleton	30610	3060	671	50	305000000	6	-1	3060	3060
30611000	Giant Beast Skeleton	30610	3060	613	50	305000100	6	-1	3060	3060
30611072	Giant Beast Skeleton	30610	3060	613	50	305000100	6	-1	3060	3060
30700000	Dominula Celebrant	30700	-1	162	50	307000000	6	-1	3070	-1
30700030	Dominula Celebrant	30700	-1	162	50	307000000	6	-1	3070	-1
30700032	Dominula Celebrant	30700	-1	162	50	307000000	6	-1	3070	-1
30701000	Dominula Celebrant	30700	-1	162	50	307000100	6	-1	3070	-1
30701030	Dominula Celebrant	30700	-1	162	50	307000100	6	-1	3070	-1
30701032	Dominula Celebrant	30700	-1	162	50	307000100	6	-1	3070	-1
30702000	Dominula Celebrant	30700	-1	233	50	307000200	6	-1	3070	-1
30702030	Dominula Celebrant	30700	-1	233	50	307000200	6	-1	3070	-1
30703000	Dominula Celebrant	30700	-1	233	50	307000300	6	-1	3070	-1
30703030	Dominula Celebrant	30700	-1	233	50	307000300	6	-1	3070	-1
30704000	Dominula Celebrant	30700	-1	233	50	307000400	6	-1	3070	-1
30704030	Dominula Celebrant	30700	-1	233	50	307000400	6	-1	3070	-1
30800000	Imp	30800	-1	172	50	308000000	6	-1	3080	-1
30800007	Imp	30800	-1	172	50	308000010	6	-1	3080	-1
30800010	Imp	30800	-1	172	50	308000010	6	-1	3080	-1
30800012	Imp	30800	-1	172	50	308000010	6	-1	3080	-1
30800020	Imp	30800	-1	172	50	308000020	6	-1	3080	-1
30800030	Imp	30800	-1	172	50	308000040	6	-1	3080	-1
30800032	Imp	30800	-1	172	50	308000040	6	-1	3080	-1
30800033	Imp	30800	-1	172	50	308000040	6	-1	3080	-1
30800034	Imp (Leyndell)	30800	-1	172	50	308000040	6	-1	3080	-1
30800035	Imp	30800	-1	172	50	308000040	6	-1	3080	-1
30800040	Imp	30800	-1	172	50	308000030	6	-1	3080	-1
30800042	Imp	30800	-1	172	50	308000030	6	-1	3080	-1
30800050	Imp	30800	-1	172	50	308000050	6	-1	3080	-1
30800052	Imp	30800	-1	172	50	308000050	6	-1	3080	-1
30800100	Imp	30800	-1	172	50	308000010	6	-1	3080	-1
30800110	Imp	30800	-1	172	50	308000010	6	-1	3080	-1
30800830	Imp	30800	-1	172	50	308000040	6	-1	3080	-1
30800852	Imp	30800	-1	172	50	308000050	6	-1	3080	-1
30800912	Imp (Boss)	30800	-1	172	50	-1	6	-1	3080	-1
30801000	Imp	30800	-1	172	50	308000100	6	-1	3080	-1
30801010	Imp	30800	-1	172	50	308000110	6	-1	3080	-1
30801012	Imp	30800	-1	172	50	308000110	6	-1	3080	-1
30801020	Imp	30800	-1	172	50	308000120	6	-1	3080	-1
30801032	Imp	30800	-1	172	50	308000140	6	-1	3080	-1
30801033	Imp	30800	-1	172	50	308000140	6	-1	3080	-1
30801034	Imp (Leyndell)	30800	-1	172	50	308000140	6	-1	3080	-1
30801035	Imp	30800	-1	172	50	308000140	6	-1	3080	-1
30801040	Imp	30800	-1	172	50	308000130	6	-1	3080	-1
30801042	Imp	30800	-1	172	50	308000130	6	-1	3080	-1
30801100	Imp	30800	-1	172	50	308000200	6	-1	3080	-1
30801120	Imp	30800	-1	172	50	308000220	6	-1	3080	-1
30801133	Imp	30800	-1	172	50	308000240	6	-1	3080	-1
30801150	Imp	30800	-1	172	50	308000250	6	-1	3080	-1
30801200	Imp	30800	-1	172	50	308000100	6	-1	3080	-1
30801232	Imp	30800	-1	172	50	308000740	6	-1	3080	-1
30801233	Imp	30800	-1	172	50	308000740	6	-1	3080	-1
30802000	Imp	30800	-1	172	50	308000300	6	-1	3080	-1
30802010	Imp	30800	-1	172	50	308000310	6	-1	3080	-1
30802012	Imp	30800	-1	172	50	308000310	6	-1	3080	-1
30802030	Imp	30800	-1	172	50	308000340	6	-1	3080	-1
30802032	Imp	30800	-1	172	50	308000340	6	-1	3080	-1
30802033	Imp	30800	-1	172	50	308000340	6	-1	3080	-1
30802034	Imp (Leyndell)	30800	-1	172	50	308000340	6	-1	3080	-1
30802035	Imp	30800	-1	172	50	308000340	6	-1	3080	-1
30806000	Imp	30800	-1	172	50	308000400	6	-1	3080	-1
30806007	Imp	30800	-1	172	50	308000410	6	-1	3080	-1
30806012	Imp	30800	-1	172	50	308000410	6	-1	3080	-1
30806020	Imp	30800	-1	172	50	308000420	6	-1	3080	-1
30806030	Imp	30800	-1	172	50	308000440	6	-1	3080	-1
30806032	Imp	30800	-1	172	50	308000440	6	-1	3080	-1
30806033	Imp	30800	-1	172	50	308000440	6	-1	3080	-1
30806034	Imp (Leyndell)	30800	-1	172	50	308000440	6	-1	3080	-1
30806035	Imp	30800	-1	172	50	308000440	6	-1	3080	-1
30806040	Imp	30800	-1	172	50	308000430	6	-1	3080	-1
30806042	Imp	30800	-1	172	50	308000430	6	-1	3080	-1
30806050	Imp	30800	-1	172	50	308000450	6	-1	3080	-1
30806052	Imp	30800	-1	172	50	308000450	6	-1	3080	-1
30807000	Imp	30800	-1	172	50	-1	6	-1	3080	-1
30808000	Imp	30800	-1	172	50	-1	6	-1	3080	-1
31000000	Elemer of the Briar	31000	-1	1507	50	-1	7	-1	-1	-1
31000010	Bell Bearing Hunter (Limgrave)	31000	-1	1507	50	-1	7	-1	-1	-1
31000020	Bell Bearing Hunter	31000	-1	1507	50	-1	7	-1	-1	-1
31000033	Bell Bearing Hunter	31000	-1	1507	50	-1	7	-1	-1	-1
31000042	Bell Bearing Hunter	31000	-1	1507	50	-1	7	-1	-1	-1
31000931	Elemer of the Briar (Shaded Castle)	31000	-1	1507	50	-1	7	-1	-1	-1
31500000	Night's Cavalry	31500	-1	1006	50	-1	6	-1	-1	-1
31500010	Night's Cavalry (Limgrave Boss)	31500	-1	1006	50	-1	6	-1	-1	-1
31500020	Night's Cavalry	31500	-1	1006	50	-1	6	-1	-1	-1
31500032	Night's Cavalry	31500	-1	1006	50	-1	6	-1	-1	-1
31500040	Night's Cavalry	31500	-1	1006	50	-1	6	-1	-1	-1
31500042	Night's Cavalry	31500	-1	1006	50	-1	6	-1	-1	-1
31500050	Night's Cavalry	31500	-1	1006	50	-1	6	-1	-1	-1
31500052	Night's Cavalry (Glaive)	31500	-1	1006	50	-1	6	-1	-1	-1
31501000	Night's Cavalry	31500	-1	1006	50	-1	6	-1	-1	-1
31501012	Night's Cavalry (Weeping Peninsula Boss)	31500	-1	1006	50	-1	6	-1	-1	-1
31501030	Night's Cavalry	31500	-1	1006	50	-1	6	-1	-1	-1
31501040	Night's Cavalry	31500	-1	1006	50	-1	6	-1	-1	-1
31501052	Night's Cavalry (Flail)	31500	-1	1006	50	-1	6	-1	-1	-1
31600000	Funeral Steed	31600	-1	1089	50	-1	6	-1	3150	-1
31600010	Funeral Steed (Limgrave)	31600	-1	1089	50	-1	6	-1	3150	-1
31600012	Funeral Steed (Weeping Peninsula)	31600	-1	1089	50	-1	6	-1	3150	-1
31600020	Funeral Steed	31600	-1	1089	50	-1	6	-1	3150	-1
31600030	Funeral Steed	31600	-1	1089	50	-1	6	-1	3150	-1
31600032	Funeral Steed	31600	-1	1089	50	-1	6	-1	3150	-1
31600040	Funeral Steed	31600	-1	1089	50	-1	6	-1	3150	-1
31600042	Funeral Steed	31600	-1	1089	50	-1	6	-1	3150	-1
31600050	Funeral Steed	31600	-1	1089	50	-1	6	-1	3150	-1
31600052	Funeral Steed	31600	-1	1089	50	-1	6	-1	3150	-1
31700000	Albinauric Archer	31700	-1	487	50	317000000	6	-1	3170	-1
31700052	Albinauric Archer	31700	-1	487	50	317000000	6	-1	3170	-1
31701000	Albinauric Archer	31700	-1	487	50	317000000	6	-1	3170	-1
31701052	Albinauric Archer	31700	-1	487	50	317000000	6	-1	3170	-1
31709000	Latenna the Albinauric	31700	-1	487	50	-1	26	-1	3170	-1
31709020	Latenna the Albinauric	31700	-1	487	50	-1	26	-1	3170	-1
31709052	Latenna the Albinauric	31700	-1	487	50	-1	0	-1	3170	-1
31710000	Phillia, Towering Little Sister	31710	3170	487	50	-1	26	-1	-1	3170
31710052	Phillia, Towering Little Sister	31710	3170	487	50	-1	0	-1	-1	3170
31800000	Albinauric Archer's Wolf	31800	-1	774	50	318000000	6	3181	3170	-1
31800020	Albinauric Archer's Wolf	31800	-1	774	50	318000000	6	3181	3170	-1
31800021	Albinauric Archer's Wolf	31800	-1	774	50	318000000	6	3181	3170	-1
31800052	Albinauric Archer's Wolf	31800	-1	774	50	318000000	6	3180	3170	-1
31809000	Albinauric Archer's Wolf	31800	-1	774	50	318000000	26	3181	3170	-1
31809020	Albinauric Archer's Wolf	31800	-1	774	50	318000000	26	3181	3170	-1
31810000	Red Wolf of Radagon	31810	-1	973	50	318100000	6	3181	3181	-1
31810020	Red Wolf of Radagon	31810	-1	973	50	318100000	6	3181	3181	-1
31810022	Red Wolf of Radagon	31810	-1	973	50	318100000	6	3181	3181	-1
31810052	Red Wolf of Radagon	31810	-1	973	50	318100000	6	3181	3181	-1
31810065	Red Wolf of Radagon	31810	-1	973	50	318100000	6	3181	3181	-1
31811000	Red Wolf of Radagon Sword	31810	-1	973	50	318100000	6	3181	3181	-1
31811024	Red Wolf of Radagon Sword (Archives)	31810	-1	973	50	-1	6	3181	3181	-1
31811032	Red Wolf of the Champion	31810	-1	973	50	-1	6	3181	3181	-1
31811052	Red Wolf of Radagon Sword (Snowfields)	31810	-1	973	50	318100000	6	3181	3181	-1
32000000	Merchant Kalé	32000	-1	1282	50	320000000	26	-1	-1	-1
32000010	Merchant Kalé	32000	-1	1282	50	-1	26	-1	-1	-1
32000012	Merchant Kalé	32000	-1	1282	50	-1	26	-1	-1	-1
32000020	Merchant Kalé	32000	-1	1282	50	320000000	26	-1	-1	-1
32000030	Merchant Kalé	32000	-1	1282	50	320000000	26	-1	-1	-1
32000032	Merchant Kalé	32000	-1	1282	50	320000000	28	-1	-1	-1
32000034	Merchant Kalé	32000	-1	1282	50	320000000	26	-1	-1	-1
32000035	Merchant Kalé	32000	-1	1282	50	320000000	0	-1	-1	-1
32000110	Merchant Kalé	32000	-1	1282	50	-1	26	-1	-1	-1
32000120	Merchant Kalé	32000	-1	1282	50	320000000	26	-1	-1	-1
32000134	Merchant Kalé	32000	-1	1282	50	320000000	26	-1	-1	-1
32000135	Merchant Kalé	32000	-1	1282	50	320000000	26	-1	-1	-1
32000210	Merchant Kalé	32000	-1	1282	50	-1	26	-1	-1	-1
32000220	Merchant Kalé	32000	-1	1282	50	320000000	26	-1	-1	-1
32000234	Merchant Kalé	32000	-1	1282	50	320000000	26	-1	-1	-1
32001010	Merchant Kalé	32000	-1	1282	50	320000000	26	-1	-1	-1
32001110	Nomadic Merchant	32000	-1	1282	50	-1	26	-1	-1	-1
32001210	Nomadic Merchant	32000	-1	1282	50	-1	26	-1	-1	-1
32001310	Nomadic Merchant	32000	-1	1282	50	-1	26	-1	-1	-1
32001412	Nomadic Merchant	32000	-1	1282	50	-1	26	-1	-1	-1
32001520	Nomadic Merchant	32000	-1	1282	50	-1	26	-1	-1	-1
32001612	Isolated Merchant	32000	-1	1282	50	-1	26	-1	-1	-1
32001720	Isolated Merchant	32000	-1	1282	50	-1	26	-1	-1	-1
32001820	Nomadic Merchant	32000	-1	1282	50	-1	26	-1	-1	-1
32001933	Hermit Merchant	32000	-1	1282	50	-1	26	-1	-1	-1
32002030	Nomadic Merchant	32000	-1	1282	50	-1	26	-1	-1	-1
32002132	Nomadic Merchant	32000	-1	1282	50	-1	26	-1	-1	-1
32002240	Nomadic Merchant	32000	-1	1282	50	-1	26	-1	-1	-1
32002340	Nomadic Merchant	32000	-1	1282	50	-1	26	-1	-1	-1
32002542	Isolated Merchant	32000	-1	1282	50	-1	26	-1	-1	-1
32002650	Hermit Merchant	32000	-1	1282	50	-1	26	-1	-1	-1
32002764	Abandoned Merchant	32000	-1	1282	50	-1	26	-1	-1	-1
32002860	Hermit Merchant	32000	-1	1282	50	-1	26	-1	-1	-1
32002968	Imprisoned Merchant	32000	-1	1282	50	-1	26	-1	-1	-1
32003010	Nomadic Merchant	32000	-1	1282	50	-1	26	-1	-1	-1
32008010	Nomadic Merchant	32000	-1	1282	50	320000000	26	-1	-1	-1
32008900	Nomadic Merchant	32000	-1	1282	50	320000000	26	-1	-1	-1
32009000	Merchant	32000	-1	1282	50	320000000	26	-1	-1	-1
32009100	Nomadic Merchant	32000	-1	1282	50	320000000	26	-1	-1	-1
32009200	Nomadic Merchant	32000	-1	1282	50	320000000	26	-1	-1	-1
32009210	Nomadic Merchant	32000	-1	1282	50	-1	26	-1	-1	-1
32009300	Nomadic Merchant	32000	-1	1282	50	320000000	26	-1	-1	-1
32009400	Nomadic Merchant	32000	-1	1282	50	320000000	26	-1	-1	-1
32009500	Nomadic Merchant	32000	-1	1282	50	320000000	26	-1	-1	-1
32009600	Nomadic Merchant	32000	-1	1282	50	320000000	26	-1	-1	-1
32009700	Nomadic Merchant	32000	-1	1282	50	320000000	26	-1	-1	-1
32009800	Nomadic Merchant	32000	-1	1282	50	320000000	26	-1	-1	-1
32009900	Nomadic Merchant	32000	-1	1282	50	-1	27	-1	-1	-1
32009910	Nomadic Merchant	32000	-1	1282	50	-1	27	-1	-1	-1
32010000	Frenzied Nomad	32000	-1	169	50	-1	6	-1	3200	-1
32010035	Frenzied Nomad	32000	-1	169	50	-1	6	-1	3200	-1
32020000	Merchant Kalé	32000	-1	19392	50	-1	26	-1	-1	3200
32020035	Merchant Kalé	32000	-1	19392	50	-1	0	-1	-1	3200
32100000	Nomadic Merchant's Donkey	32100	-1	747	50	321000000	26	3210	3200	-1
32100010	Nomadic Merchant's Donkey	32100	-1	747	50	321000000	26	3210	3200	-1
32100012	Nomadic Merchant's Donkey	32100	-1	747	50	321000000	26	3210	3200	-1
32100030	Nomadic Merchant's Donkey	32100	-1	747	50	321000000	26	3210	3200	-1
32100032	Nomadic Merchant's Donkey	32100	-1	747	50	321000000	26	3210	3200	-1
32100210	Nomadic Merchant's Donkey	32100	-1	747	50	321000000	26	3210	3200	-1
32101010	Nomadic Merchant's Donkey	32100	-1	747	50	321000000	26	3210	3200	-1
32101110	Nomadic Merchant's Donkey	32100	-1	747	50	321000000	26	3210	3200	-1
32101210	Nomadic Merchant's Donkey	32100	-1	747	50	321000000	26	3210	3200	-1
32101310	Nomadic Merchant's Donkey	32100	-1	747	50	321000000	26	3210	3200	-1
32101412	Nomadic Merchant's Donkey	32100	-1	747	50	321000000	26	3210	3200	-1
32101520	Nomadic Merchant's Donkey	32100	-1	747	50	321000000	26	3210	3200	-1
32101612	Nomadic Merchant's Donkey	32100	-1	747	50	321000000	26	3210	3200	-1
32101720	Nomadic Merchant's Donkey	32100	-1	747	50	321000000	26	3210	3200	-1
32101820	Nomadic Merchant's Donkey	32100	-1	747	50	321000000	26	3210	3200	-1
32101933	Nomadic Merchant's Donkey	32100	-1	747	50	321000000	26	3210	3200	-1
32102030	Nomadic Merchant's Donkey	32100	-1	747	50	321000000	26	3210	3200	-1
32102132	Nomadic Merchant's Donkey	32100	-1	747	50	321000000	26	3210	3200	-1
32102240	Nomadic Merchant's Donkey	32100	-1	747	50	321000000	26	3210	3200	-1
32102340	Nomadic Merchant's Donkey	32100	-1	747	50	321000000	26	3210	3200	-1
32102542	Nomadic Merchant's Donkey	32100	-1	747	50	321000000	26	3210	3200	-1
32102650	Nomadic Merchant's Donkey	32100	-1	747	50	321000000	26	3210	3200	-1
32102764	Nomadic Merchant's Donkey (Siofra River)	32100	-1	747	50	321000000	26	3210	3200	-1
32102860	Nomadic Merchant's Donkey (Ainsel River)	32100	-1	747	50	321000000	26	3210	3200	-1
32102968	Nomadic Merchant's Donkey	32100	-1	747	50	321000000	26	3210	3200	-1
32103010	Nomadic Merchant's Donkey	32100	-1	747	50	321000000	26	3210	3200	-1
32108900	Nomadic Merchant's Donkey	32100	-1	747	50	321000000	26	3210	3200	-1
32109000	Nomadic Merchant's Donkey	32100	-1	747	50	321000000	26	3210	3200	-1
32109010	Nomadic Merchant's Donkey	32100	-1	747	50	321000000	26	3210	3200	-1
32109100	Nomadic Merchant's Donkey	32100	-1	747	50	321000000	26	3210	3200	-1
32109200	Nomadic Merchant's Donkey	32100	-1	747	50	321000000	26	3210	3200	-1
32109300	Nomadic Merchant's Donkey	32100	-1	747	50	321000000	26	3210	3200	-1
32109400	Nomadic Merchant's Donkey	32100	-1	747	50	321000000	26	3210	3200	-1
32109500	Nomadic Merchant's Donkey	32100	-1	747	50	321000000	26	3210	3200	-1
32109600	Nomadic Merchant's Donkey	32100	-1	747	50	321000000	26	3210	3200	-1
32109700	Nomadic Merchant's Donkey	32100	-1	747	50	321000000	26	3210	3200	-1
32109800	Nomadic Merchant's Donkey	32100	-1	747	50	321000000	26	3210	3200	-1
32109810	Nomadic Merchant's Donkey	32100	-1	747	50	321000000	26	3210	3200	-1
32109900	Nomadic Merchant's Donkey	32100	-1	747	50	321000000	27	3210	3200	-1
32500000	Draconic Tree Sentinel (Unscaled)	32500	-1	2036	50	325000000	7	3250	-1	-1
32500033	Draconic Tree Sentinel (Capital Outskirts)	32500	-1	2036	50	-1	7	3250	-1	-1
32500070	Draconic Tree Sentinel	32500	-1	2036	50	325000000	7	3250	-1	-1
32500072	Draconic Tree Sentinel (Farum Azula)	32500	-1	2036	50	-1	7	3250	-1	-1
32510000	Tree Sentinel (Unscaled)	32510	-1	1745	50	325100000	7	3251	-1	-1
32510010	Tree Sentinel (Limgrave)	32510	-1	1745	50	-1	7	3251	-1	-1
32510030	Tree Sentinel (Altus Plateau)	32510	-1	1745	50	-1	33	3251	-1	-1
32510034	Tree Sentinel  (Leyndell)	32510	-1	1745	50	-1	7	3251	-1	-1
32510070	Tree Sentinel	32510	-1	1745	50	325100000	7	3251	-1	-1
32511000	Tree Sentinel (Unscaled)	32510	-1	1454	50	325100000	7	3251	-1	-1
32511030	Tree Sentinel - Torch (Altus Plateau)	32510	-1	1454	50	-1	33	3251	-1	-1
32520000	Loretta Tree Sentinel (Unscaled)	32520	-1	1860	50	325200000	7	3252	-1	-1
32520054	Loretta, Knight of the Haligtree	32520	-1	1860	50	-1	7	3252	-1	-1
32520100	Loretta Tree Sentinel (Unscaled)	32520	-1	1860	50	325200000	7	3252	-1	-1
32520921	Royal Knight Loretta	32520	-1	1860	50	-1	7	3252	-1	-1
33000000	Nox Swordstress (Unscaled)	33000	-1	339	200	330000000	6	-1	-1	-1
33000062	Nox Swordstress	33000	-1	339	200	330000000	6	-1	-1	-1
33000820	Nox Swordstress	33000	-1	339	200	330000000	0	-1	-1	-1
33000900	Nox Swordstress	33000	-1	339	200	330000000	26	-1	-1	-1
33000940	Nox Swordstress (Boss)	33000	-1	339	200	-1	6	-1	-1	-1
33001000	Nox Monk (Unscaled)	33100	-1	339	200	325200100	6	-1	-1	-1
33001062	Nox Monk	33100	-1	339	200	325200100	6	-1	-1	-1
33001065	Nox Monk	33100	-1	339	200	325200100	6	-1	-1	-1
33001100	Nox Monk	33100	-1	339	200	325200100	6	-1	-1	-1
33001940	Nox Monk (Boss)	33100	-1	339	200	-1	6	-1	-1	-1
33002000	Nox Nightmaiden	33100	-1	339	200	325200200	6	-1	-1	-1
33002062	Nox Nightmaiden	33100	-1	339	200	325200200	6	-1	-1	-1
33002065	Nox Nightmaiden	33100	-1	339	200	325200200	6	-1	-1	-1
33200000	Silver Tear (Unscaled)	33200	-1	111	300	332000000	6	-1	-1	-1
33200062	Silver Tear	33200	-1	111	300	332000000	6	-1	-1	-1
33200100	Silver Tear	33200	-1	111	300	332000100	6	-1	-1	-1
33200162	Silver Tear	33200	-1	111	300	332000100	6	-1	-1	-1
33200200	Silver Tear	33200	-1	111	300	332000200	6	-1	-1	-1
33200262	Silver Tear	33200	-1	111	300	332000200	6	-1	-1	-1
33200265	Silver Tear	33200	-1	111	300	332000200	6	-1	-1	-1
33201000	Silver Tear (Unscaled)	33200	-1	111	300	-1	6	-1	-1	-1
33201052	Silver Tear	33200	-1	111	300	-1	6	-1	-1	-1
33201062	Silver Tear	33200	-1	111	300	332000600	6	-1	-1	-1
33201065	Silver Tear	33200	-1	111	300	332000600	6	-1	-1	-1
33201100	Silver Tear	33200	-1	111	300	-1	6	-1	-1	-1
33201165	Silver Tear	33200	-1	111	300	332000600	6	-1	-1	-1
33202000	Electrified Silver Tear (Unscaled)	33200	-1	111	300	332000300	6	-1	-1	-1
33202062	Electrified Silver Tear	33200	-1	111	300	332000300	6	-1	-1	-1
33202100	Electrified Silver Tear	33200	-1	111	300	332000400	6	-1	-1	-1
33202200	Electrified Silver Tear	33200	-1	111	300	332000500	6	-1	-1	-1
33202262	Electrified Silver Tear	33200	-1	111	300	332000500	6	-1	-1	-1
33209000	Asimi, Silver Tear	33200	-1	111	300	-1	6	-1	-1	-1
33209010	Asimi, Silver Tear	33200	-1	111	300	-1	6	-1	-1	-1
33300000	Giant Silver Tear (Unscaled)	33300	-1	552	50	333000000	6	-1	3320	-1
33300040	Giant Silver Tear	33300	-1	552	50	333000000	6	-1	3320	-1
33300042	Giant Silver Tear	33300	-1	552	50	333000000	6	-1	3320	-1
33300062	Giant Silver Tear	33300	-1	552	50	333000000	6	-1	3320	-1
33300065	Giant Silver Tear	33300	-1	552	50	333000000	6	-1	3320	-1
33300100	Giant Silver Tear (Unscaled)	33300	-1	552	50	333000100	6	-1	3320	-1
33300162	Giant Silver Tear	33300	-1	552	50	333000100	6	-1	3320	-1
33300262	Giant Silver Tear	33300	-1	552	50	333000000	6	-1	3320	-1
33300600	Giant Silver Tear (Unscaled)	33300	-1	552	50	333000000	6	-1	3320	-1
33300662	Giant Silver Tear	33300	-1	552	50	333062000	6	-1	3320	-1
33300665	Giant Silver Tear	33300	-1	552	50	333065000	6	-1	3320	-1
33300700	Giant Silver Tear (Unscaled)	33300	-1	552	50	333000000	6	-1	3320	-1
33300762	Giant Silver Tear	33300	-1	552	50	333062010	6	-1	3320	-1
33300800	Giant Silver Tear (Unscaled)	33300	-1	552	50	333000000	6	-1	3320	-1
33300862	Giant Silver Tear	33300	-1	552	50	333062020	6	-1	3320	-1
33500000	Crystalian	33500	-1	352	50	335000000	6	-1	-1	-1
33500022	Crystalian	33500	-1	352	50	335000000	6	-1	-1	-1
33500154	Crystalian (Spirit)	33500	-1	352	50	-1	6	-1	-1	-1
33500500	Putrid Crystalian	33500	-1	698	50	335000000	6	-1	-1	-1
33500556	Putrid Crystalian	33500	-1	698	50	335000000	6	-1	-1	-1
33500920	Crystalian (Boss)	33500	-1	352	50	-1	6	-1	-1	-1
33500930	Crystalian (Ringblade)	33500	-1	352	50	-1	6	-1	-1	-1
33500940	Putrid Crystalian (Ringblade)	33500	-1	698	50	-1	6	-1	-1	-1
33501000	Crystalian	33500	-1	352	50	335000100	6	-1	-1	-1
33501020	Crystalian	33500	-1	352	50	335000100	6	-1	-1	-1
33501022	Crystalian	33500	-1	352	50	335000100	6	-1	-1	-1
33501154	Crystalian	33500	-1	352	50	-1	6	-1	-1	-1
33501500	Putrid Crystalian	33500	-1	698	50	335000600	6	-1	-1	-1
33501556	Putrid Crystalian	33500	-1	698	50	335000600	6	-1	-1	-1
33501920	Crystalian (Spear)	33500	-1	352	50	-1	6	-1	-1	-1
33501930	Crystalian (Spear)	33500	-1	352	50	-1	6	-1	-1	-1
33501940	Putrid Crystalian (Spear)	33500	-1	698	50	-1	6	-1	-1	-1
33502000	Crystalian	33500	-1	352	50	335000200	6	-1	-1	-1
33502154	Crystalian	33500	-1	352	50	-1	6	-1	-1	-1
33502500	Putrid Crystalian	33500	-1	698	50	335000700	6	-1	-1	-1
33502556	Putrid Crystalian	33500	-1	698	50	335000700	6	-1	-1	-1
33502920	Crystalian (Staff)	33500	-1	352	50	-1	6	-1	-1	-1
33502940	Putrid Crystalian (Staff)	33500	-1	698	50	-1	6	-1	-1	-1
33507000	Crystalian	33500	-1	352	50	335000000	6	-1	-1	-1
33507100	Crystalian	33500	-1	352	50	335000000	6	-1	-1	-1
33507200	Crystalian	33500	-1	698	50	335000000	6	-1	-1	-1
33507300	Crystalian	33500	-1	352	50	335000000	6	-1	-1	-1
33509000	Crystalian	33500	-1	15706	50	-1	6	-1	-1	-1
33509161	Crystalian	33500	-1	15706	50	-1	6	-1	-1	-1
33509264	Crystalian	33500	-1	15706	50	-1	6	-1	-1	-1
33600000	Ancestral Follower	33600	-1	316	50	336000000	6	-1	-1	-1
33600020	Ancestral Follower	33600	-1	316	50	336000000	6	-1	-1	-1
33600062	Ancestral Follower	33600	-1	316	50	336000700	6	-1	-1	-1
33600064	Ancestral Follower (Siofra River)	33600	-1	316	50	336000000	6	-1	-1	-1
33600065	Ancestral Follower	33600	-1	316	50	336000000	6	-1	-1	-1
33600100	Ancestral Follower	33600	-1	316	50	336000000	6	-1	-1	-1
33600200	Ancestral Follower	33600	-1	316	50	336000000	6	-1	-1	-1
33600264	Ancestral Follower (Siofra River)	33600	-1	316	50	336000000	6	-1	-1	-1
33600265	Ancestral Follower	33600	-1	316	50	336000000	6	-1	-1	-1
33600300	Ancestral Follower	33600	-1	316	50	336000000	6	-1	-1	-1
33600500	Ancestral Follower	33600	-1	316	50	336000000	6	-1	-1	-1
33600520	Ancestral Follower	33600	-1	316	50	336000000	6	-1	-1	-1
33600564	Ancestral Follower (Siofra River)	33600	-1	316	50	336000000	6	-1	-1	-1
33600565	Ancestral Follower	33600	-1	316	50	336000000	6	-1	-1	-1
33600600	Ancestral Follower	33600	-1	316	50	336000000	6	-1	-1	-1
33600700	Ancestral Follower	33600	-1	316	50	336000000	6	-1	-1	-1
33600764	Ancestral Follower (Siofra River)	33600	-1	316	50	336000000	6	-1	-1	-1
33600765	Ancestral Follower	33600	-1	316	50	336000000	6	-1	-1	-1
33601000	Ancestral Follower - Greathorn Hammer	33600	-1	316	50	336000100	6	-1	-1	-1
33601064	Ancestral Follower (Siofra River)	33600	-1	316	50	336000100	6	-1	-1	-1
33601065	Ancestral Follower	33600	-1	316	50	336000100	6	-1	-1	-1
33601100	Ancestral Follower	33600	-1	316	50	336000100	6	-1	-1	-1
33601200	Ancestral Follower	33600	-1	316	50	336000100	6	-1	-1	-1
33601264	Ancestral Follower (Siofra River)	33600	-1	316	50	336000100	6	-1	-1	-1
33601265	Ancestral Follower	33600	-1	316	50	336000100	6	-1	-1	-1
33601300	Ancestral Follower	33600	-1	316	50	336000100	6	-1	-1	-1
33601365	Ancestral Follower	33600	-1	316	50	336000100	6	-1	-1	-1
33602000	Ancestral Follower - Winged Greatthorn	33600	-1	316	50	336000200	6	-1	-1	-1
33602064	Ancestral Follower (Siofra River)	33600	-1	316	50	336000200	6	-1	-1	-1
33602065	Ancestral Follower	33600	-1	316	50	336000200	6	-1	-1	-1
33602100	Ancestral Follower	33600	-1	316	50	336000200	6	-1	-1	-1
33602200	Ancestral Follower	33600	-1	316	50	336000200	6	-1	-1	-1
33602264	Ancestral Follower (Siofra River)	33600	-1	316	50	336000200	6	-1	-1	-1
33602265	Ancestral Follower	33600	-1	316	50	336000200	6	-1	-1	-1
33602300	Ancestral Follower	33600	-1	316	50	336000200	6	-1	-1	-1
33602352	Ancestral Follower	33600	-1	316	50	336000200	6	-1	-1	-1
33602365	Ancestral Follower	33600	-1	316	50	336000200	6	-1	-1	-1
33605000	Ancestral Follower	33600	-1	316	50	336000000	6	-1	-1	-1
33605064	Ancestral Follower (Siofra River)	33600	-1	316	50	336000000	6	-1	-1	-1
33605200	Ancestral Follower	33600	-1	316	50	336000000	6	-1	-1	-1
33605264	Ancestral Follower (Siofra River)	33600	-1	316	50	336000000	6	-1	-1	-1
33605500	Ancestral Follower	33600	-1	316	50	336000000	6	-1	-1	-1
33605564	Ancestral Follower (Siofra River)	33600	-1	316	50	336000000	6	-1	-1	-1
33605700	Ancestral Follower	33600	-1	316	50	336000000	6	-1	-1	-1
33605764	Ancestral Follower (Siofra River)	33600	-1	316	50	336000000	6	-1	-1	-1
33606000	Ancestral Follower	33600	-1	316	50	336000100	6	-1	-1	-1
33606064	Ancestral Follower (Siofra River)	33600	-1	316	50	336000100	6	-1	-1	-1
33606200	Ancestral Follower	33600	-1	316	50	336000100	6	-1	-1	-1
33606264	Ancestral Follower (Siofra River)	33600	-1	316	50	336000100	6	-1	-1	-1
33607000	Ancestral Follower	33600	-1	316	50	336000200	6	-1	-1	-1
33607064	Ancestral Follower (Siofra River)	33600	-1	316	50	336000200	6	-1	-1	-1
33607200	Ancestral Follower	33600	-1	316	50	336000200	6	-1	-1	-1
33607264	Ancestral Follower (Siofra River)	33600	-1	316	50	336000200	6	-1	-1	-1
33610000	Putrid Ancestral Follower	33600	-1	316	50	336000000	6	-1	3360	3360
33610062	Putrid Ancestral Follower	33600	-1	316	50	336000000	6	-1	3360	3360
33610200	Putrid Ancestral Follower	33600	-1	316	50	336000000	6	-1	3360	3360
33610300	Putrid Ancestral Follower	33600	-1	316	50	336000000	6	-1	3360	3360
33610500	Putrid Ancestral Follower	33600	-1	316	50	336000000	6	-1	3360	3360
33610562	Putrid Ancestral Follower	33600	-1	316	50	336000000	6	-1	3360	3360
33610700	Putrid Ancestral Follower	33600	-1	316	50	336000000	6	-1	3360	3360
33611000	Putrid Ancestral Follower	33600	-1	316	50	336000100	6	-1	3360	3360
33611062	Putrid Ancestral Follower	33600	-1	316	50	336000100	6	-1	3360	3360
33611200	Putrid Ancestral Follower	33600	-1	316	50	336000100	6	-1	3360	3360
33611300	Putrid Ancestral Follower	33600	-1	316	50	336000100	6	-1	3360	3360
33612000	Putrid Ancestral Follower	33600	-1	316	50	336000200	6	-1	3360	3360
33612062	Putrid Ancestral Follower	33600	-1	316	50	336000200	6	-1	3360	3360
33612200	Putrid Ancestral Follower	33600	-1	316	50	336000200	6	-1	3360	3360
33612300	Putrid Ancestral Follower	33600	-1	316	50	336000200	6	-1	3360	3360
33700000	Ancestral Follower Shaman	33700	-1	450	50	-1	6	-1	-1	-1
33700052	Ancestral Follower Shaman	33700	-1	450	50	337000000	6	-1	-1	-1
33700064	Ancestral Follower Shaman (Siofra River)	33700	-1	450	50	337000000	6	-1	-1	-1
33700065	Ancestral Follower Shaman	33700	-1	450	50	337000000	6	-1	-1	-1
33700100	Ancestral Follower Shaman	33700	-1	450	50	337000000	6	-1	-1	-1
33700200	Ancestral Follower Shaman	33700	-1	450	50	-1	6	-1	-1	-1
33700265	Ancestral Follower Shaman	33700	-1	450	50	337000700	6	-1	-1	-1
33700865	Ancestral Follower Shaman	33700	-1	450	50	337065000	6	-1	-1	-1
33710000	Putrid Ancestral Shaman	33700	-1	450	50	-1	6	-1	3370	3370
33710062	Putrid Ancestral Shaman	33700	-1	450	50	337000000	6	-1	3370	3370
33710100	Putrid Ancestral Shaman	33700	-1	450	50	-1	6	-1	3370	3370
34000000	Grave Warden Duelist	34000	-1	1280	50	340000000	6	-1	-1	-1
34000030	Grave Warden Duelist	34000	-1	1280	50	340000000	6	-1	-1	-1
34000034	Grave Warden Duelist (Leyndell)	34000	-1	1280	50	340000000	6	-1	-1	-1
34000040	Grave Warden Duelist	34000	-1	1280	50	340000000	6	-1	-1	-1
34000100	Grave Warden Duelist	34000	-1	1280	50	340000000	6	-1	-1	-1
34000200	Grave Warden Duelist	34000	-1	1280	50	340000100	6	-1	-1	-1
34000252	Grave Warden Duelist	34000	-1	1280	50	340000100	6	-1	-1	-1
34000254	Grave Warden Duelist	34000	-1	1280	50	340000100	6	-1	-1	-1
34000256	Grave Warden Duelist	34000	-1	1280	50	340000100	6	-1	-1	-1
34000300	Grave Warden Duelist	34000	-1	1280	50	-1	6	-1	-1	-1
34000800	Grave Warden Duelist	34000	-1	1280	50	340000100	6	-1	-1	-1
34000852	Grave Warden Duelist	34000	-1	1280	50	340052100	6	-1	-1	-1
34000900	Grave Warden Duelist	34000	-1	1280	50	-1	26	-1	-1	-1
34000940	Frenzied Grave Warden Duelist (Boss)	34000	-1	1280	50	-1	6	-1	-1	-1
34000952	Putrid Grave Warden Duelist (Boss)	34000	-1	1280	50	-1	6	-1	-1	-1
34001000	Grave Warden Duelist	34000	-1	960	50	340000200	6	-1	-1	-1
34001034	Grave Warden Duelist (Leyndell)	34000	-1	960	50	340000200	6	-1	-1	-1
34001100	Grave Warden Duelist	34000	-1	960	50	340000200	6	-1	-1	-1
34001110	Grave Warden Duelist (Boss)	34000	-1	960	50	-1	6	-1	-1	-1
34001133	Grave Warden Duelist (Auriza Boss)	34000	-1	960	50	-1	6	-1	-1	-1
34001200	Grave Warden Duelist	34000	-1	960	50	340000300	6	-1	-1	-1
34001252	Grave Warden Duelist	34000	-1	960	50	340000300	6	-1	-1	-1
34001254	Grave Warden Duelist	34000	-1	960	50	340000300	6	-1	-1	-1
34001256	Grave Warden Duelist	34000	-1	960	50	340000300	6	-1	-1	-1
34001300	Grave Warden Duelist	34000	-1	960	50	340000300	6	-1	-1	-1
34001800	Grave Warden Duelist	34000	-1	960	50	340000300	6	-1	-1	-1
34001852	Grave Warden Duelist	34000	-1	960	50	340051300	6	-1	-1	-1
34500000	Misbegotten	34500	-1	192	50	345000000	6	-1	-1	-1
34500012	Misbegotten	34500	-1	192	50	345000000	60	-1	-1	-1
34500013	Misbegotten	34500	-1	192	50	345000000	60	-1	-1	-1
34500030	Misbegotten	34500	-1	192	50	345000000	6	-1	-1	-1
34500034	Misbegotten (Leyndell)	34500	-1	192	50	345000000	6	-1	-1	-1
34500054	Misbegotten	34500	-1	192	50	345000000	6	-1	-1	-1
34500100	Misbegotten	34500	-1	192	50	345000000	24	-1	-1	-1
34501000	Winged Misbegotten	34500	-1	192	50	345000100	6	-1	-1	-1
34501012	Winged Misbegotten	34500	-1	192	50	345000100	60	-1	-1	-1
34501013	Winged Misbegotten	34500	-1	192	50	345000100	60	-1	-1	-1
34501020	Winged Misbegotten	34500	-1	192	50	345000100	6	-1	-1	-1
34501030	Winged Misbegotten	34500	-1	192	50	345000100	6	-1	-1	-1
34501034	Winged Misbegotten (Leyndell)	34500	-1	192	50	345000100	6	-1	-1	-1
34501052	Winged Misbegotten	34500	-1	192	50	345000100	6	-1	-1	-1
34501054	Winged Misbegotten	34500	-1	192	50	345000100	6	-1	-1	-1
34501100	Winged Misbegotten	34500	-1	192	50	345000100	24	-1	-1	-1
34501354	Winged Misbegotten	34500	-1	192	50	345000100	6	-1	-1	-1
34502000	Misbegotten	34500	-1	192	50	345000100	6	-1	-1	-1
34502012	Misbegotten	34500	-1	192	50	345000100	60	-1	-1	-1
34502030	Misbegotten	34500	-1	192	50	345000100	6	-1	-1	-1
34502054	Misbegotten	34500	-1	192	50	345000100	6	-1	-1	-1
34502100	Misbegotten	34500	-1	192	50	345000100	24	-1	-1	-1
34502354	Misbegotten	34500	-1	192	50	345000100	6	-1	-1	-1
34509000	Misbegotten	34500	-1	192	50	-1	26	-1	-1	-1
34509100	Misbegotten	34500	-1	192	50	-1	26	-1	-1	-1
34510000	Scaly Misbegotten	34510	-1	531	50	345100000	6	-1	3450	3450
34510012	Scaly Misbegotten	34510	-1	531	50	345100000	60	-1	3450	3450
34510013	Scaly Misbegotten	34510	-1	531	50	345100000	60	-1	3450	3450
34510030	Scaly Misbegotten	34510	-1	531	50	345100000	6	-1	3450	3450
34510034	Scaly Misbegotten (Leyndell)	34510	-1	531	50	345100000	6	-1	3450	3450
34510052	Scaly Misbegotten	34510	-1	531	50	345100000	6	-1	3450	3450
34510054	Scaly Misbegotten	34510	-1	531	50	345100000	6	-1	3450	3450
34510100	Smithing Master Hewg	34510	-1	531	50	345100000	26	-1	3450	3450
34510179	Smithing Master Hewg	34510	-1	531	50	345100000	0	-1	3450	3450
34510200	Scaly Misbegotten	34510	-1	531	50	345100000	24	-1	3450	3450
34510354	Scaly Misbegotten	34510	-1	531	50	345100000	6	-1	3450	3450
34510912	Scaly Misbegotten (Morne Tunnel Boss)	34510	-1	531	50	-1	6	-1	3450	3450
34519000	Scaly Misbegotten	34510	-1	531	50	345100000	26	-1	3450	3450
34519020	Scaly Misbegotten	34510	-1	531	50	345100000	26	-1	3450	3450
34600000	Leonine Misbegotten	34600	-1	664	50	346000000	6	-1	3460	-1
34600012	Leonine Misbegotten	34600	-1	664	50	346000000	60	-1	3460	-1
34600034	Leonine Misbegotten (Leyndell)	34600	-1	664	50	346000000	6	-1	3460	-1
34600054	Leonine Misbegotten	34600	-1	664	50	346000000	6	-1	3460	-1
34600354	Leonine Misbegotten	34600	-1	664	50	346000000	6	-1	3460	-1
34600913	Leonine Misbegotten (Castle Morne Boss)	34600	-1	664	50	-1	60	-1	3460	-1
34600930	Misbegotten Warrior	34600	-1	664	50	-1	6	-1	3460	-1
34600941	Misbegotten Warrior	34600	-1	664	50	-1	6	-1	3460	-1
34601000	Winged Misbegotten	34600	-1	664	50	-1	6	-1	3460	-1
34601952	Misbegotten Crusader	34600	-1	664	50	-1	6	-1	3460	-1
34700000	Albinauric	34700	-1	247	90	347000000	6	-1	-1	-1
34700020	Albinauric	34700	-1	247	90	347000000	51	-1	-1	-1
34700100	Albinauric	34700	-1	169	90	347000100	6	-1	-1	-1
34700120	Albinauric	34700	-1	169	90	347000100	51	-1	-1	-1
34700200	Bloodbane Albinauric (Unscaled)	34700	-1	247	90	347000100	6	-1	-1	-1
34700268	Bloodbane Albinauric	34700	-1	247	90	347000100	6	-1	-1	-1
34700300	Snowfield Albinauric (Unscaled)	34700	-1	247	90	347000000	6	-1	-1	-1
34700352	Snowfield Albinauric	34700	-1	247	90	347000000	6	-1	-1	-1
34700400	Albinauric	34700	-1	247	90	347000000	6	-1	-1	-1
34700452	Albinauric	34700	-1	247	90	347000050	6	-1	-1	-1
34701000	Albinauric	34700	-1	247	90	347000200	6	-1	-1	-1
34701020	Albinauric	34700	-1	247	90	347000200	51	-1	-1	-1
34701100	Albinauric	34700	-1	169	90	347000300	6	-1	-1	-1
34701120	Albinauric	34700	-1	169	90	347000300	51	-1	-1	-1
34701200	Albinauric	34700	-1	247	90	347000300	6	-1	-1	-1
34701300	Albinauric	34700	-1	169	90	347000300	6	-1	-1	-1
34701400	Bloodbane Albinauric	34700	-1	247	90	347000300	6	-1	-1	-1
34701468	Bloodbane Albinauric	34700	-1	247	90	347000300	6	-1	-1	-1
34701500	Albinauric	34700	-1	247	90	347000200	6	-1	-1	-1
34701552	Albinauric	34700	-1	247	90	347000200	6	-1	-1	-1
34701600	Albinauric	34700	-1	247	90	347000200	6	-1	-1	-1
34701652	Albinauric	34700	-1	247	90	347000250	6	-1	-1	-1
34702000	Albinauric	34700	-1	247	90	347000400	6	-1	-1	-1
34702100	Albinauric	34700	-1	169	90	347000400	6	-1	-1	-1
34702120	Albinauric	34700	-1	169	90	347000400	51	-1	-1	-1
34702200	Albinauric	34700	-1	247	90	347000500	6	-1	-1	-1
34702300	Albinauric	34700	-1	169	90	347000500	6	-1	-1	-1
34702320	Albinauric	34700	-1	169	90	347000500	51	-1	-1	-1
34702400	Bloodbane Albinauric	34700	-1	247	90	347000400	6	-1	-1	-1
34702468	Bloodbane Albinauric	34700	-1	247	90	347000400	6	-1	-1	-1
34702500	Albinauric	34700	-1	247	90	347000500	6	-1	-1	-1
34702552	Albinauric	34700	-1	247	90	347000500	6	-1	-1	-1
34703000	Albinauric	34700	-1	169	90	347000600	6	-1	-1	-1
34703020	Bloodbane Albinauric	34700	-1	169	90	347000600	51	-1	-1	-1
34703068	Bloodbane Albinauric	34700	-1	169	90	347000600	6	-1	-1	-1
34703100	Albinauric	34700	-1	169	90	347000600	6	-1	-1	-1
34703200	Albinauric	34700	-1	169	90	347000600	6	-1	-1	-1
34703252	Albinauric	34700	-1	169	90	347000600	6	-1	-1	-1
34704000	Albinauric	34700	-1	247	90	347000700	6	-1	-1	-1
34704020	Albinauric	34700	-1	247	90	347000700	51	-1	-1	-1
34704100	Albinauric	34700	-1	169	90	347000800	6	-1	-1	-1
34704120	Albinauric	34700	-1	169	90	347000800	51	-1	-1	-1
34704200	Bloodbane Albinauric	34700	-1	247	90	347000800	6	-1	-1	-1
34704268	Bloodbane Albinauric	34700	-1	247	90	347000800	6	-1	-1	-1
34704300	Albinauric	34700	-1	247	90	347000800	6	-1	-1	-1
34704352	Albinauric	34700	-1	247	90	347000800	6	-1	-1	-1
34715000	Large Albinauric	34700	3470	549	50	347100000	6	3470	3470	3470
34715100	Large Albinauric	34700	3470	388	50	347100000	6	3470	3470	3470
34715120	Large Albinauric	34700	3470	388	50	347100000	51	3470	3470	3470
34715200	Large Bloodbane Albinauric (Unscaled)	34700	3470	549	50	347100000	6	3470	3470	3470
34715268	Large Bloodbane Albinauric	34700	3470	549	50	347100000	6	3470	3470	3470
34715300	Large Snowfield Albinauric (Unscaled)	34700	3470	549	50	347100000	6	3470	3470	3470
34715352	Large Snowfield Albinauric	34700	3470	549	50	347100000	6	3470	3470	3470
35000000	Large Skeleton (Spear)	35000	-1	148	50	350000000	6	-1	-1	-1
35000010	Large Skeleton (Spear)	35000	-1	148	50	350000000	6	-1	-1	-1
35000012	Large Skeleton (Spear)	35000	-1	148	50	350000000	6	-1	-1	-1
35000014	Large Skeleton (Spear)	35000	-1	148	50	350000000	6	-1	-1	-1
35000020	Large Skeleton (Spear)	35000	-1	148	50	350000000	6	-1	-1	-1
35000030	Large Skeleton (Spear)	35000	-1	148	50	350000000	6	-1	-1	-1
35000032	Large Skeleton (Spear)	35000	-1	148	50	350000000	6	-1	-1	-1
35000034	Large Skeleton (Spear)	35000	-1	148	50	350000000	6	-1	-1	-1
35000040	Large Skeleton (Spear)	35000	-1	148	50	350000000	6	-1	-1	-1
35000050	Large Skeleton (Spear)	35000	-1	148	50	350000000	6	-1	-1	-1
35000100	Large Skeleton (Spear)	35000	-1	148	50	350000000	6	-1	-1	-1
35000172	Large Skeleton (Spear)	35000	-1	148	50	350000000	6	-1	-1	-1
35000300	Large Skeleton (Spear)	35000	-1	148	50	350000000	6	-1	-1	-1
35000330	Large Skeleton (Spear)	35000	-1	148	50	350000000	6	-1	-1	-1
35000400	Large Skeleton (Spear)	35000	-1	148	50	350000000	6	-1	-1	-1
35000500	Large Skeleton (Spear)	35000	-1	148	50	350000000	6	-1	-1	-1
35000700	Large Skeleton (Spear)	35000	-1	148	50	350000000	6	-1	-1	-1
35000733	Large Skeleton (Spear)	35000	-1	148	50	350000000	6	-1	-1	-1
35001000	Large Skeleton (Crossbow)	35000	-1	148	50	350000100	6	-1	-1	-1
35001010	Large Skeleton (Crossbow)	35000	-1	148	50	350000100	6	-1	-1	-1
35001012	Large Skeleton (Crossbow)	35000	-1	148	50	350000100	6	-1	-1	-1
35001014	Large Skeleton (Crossbow)	35000	-1	148	50	350000100	6	-1	-1	-1
35001030	Large Skeleton (Crossbow)	35000	-1	148	50	350000100	6	-1	-1	-1
35001032	Large Skeleton (Crossbow)	35000	-1	148	50	350000100	6	-1	-1	-1
35001040	Large Skeleton (Crossbow)	35000	-1	148	50	350000100	6	-1	-1	-1
35001050	Large Skeleton (Crossbow)	35000	-1	148	50	350000100	6	-1	-1	-1
35001100	Large Skeleton (Crossbow)	35000	-1	148	50	350000100	6	-1	-1	-1
35001172	Large Skeleton (Crossbow)	35000	-1	148	50	350000100	6	-1	-1	-1
35001700	Large Skeleton (Crossbow)	35000	-1	148	50	350000100	6	-1	-1	-1
35001733	Large Skeleton (Crossbow)	35000	-1	148	50	350000100	6	-1	-1	-1
35002000	Large Skeleton (Scythe)	35000	-1	148	50	350000200	6	-1	-1	-1
35002010	Large Skeleton (Scythe)	35000	-1	148	50	350000200	6	-1	-1	-1
35002012	Large Skeleton (Scythe)	35000	-1	148	50	350000200	6	-1	-1	-1
35002020	Large Skeleton (Scythe)	35000	-1	148	50	350000200	6	-1	-1	-1
35002032	Large Skeleton (Scythe)	35000	-1	148	50	350000200	6	-1	-1	-1
35002040	Large Skeleton (Scythe)	35000	-1	148	50	350000200	6	-1	-1	-1
35002050	Large Skeleton (Scythe)	35000	-1	148	50	350000200	6	-1	-1	-1
35002100	Large Skeleton (Scythe)	35000	-1	148	50	350000200	6	-1	-1	-1
35002172	Large Skeleton (Scythe)	35000	-1	148	50	350000200	6	-1	-1	-1
35002700	Large Skeleton (Scythe)	35000	-1	148	50	350000200	6	-1	-1	-1
35002733	Large Skeleton (Scythe)	35000	-1	148	50	350000200	6	-1	-1	-1
35003000	Large Skeleton (Sword and Shield)	35000	-1	148	50	350000300	6	-1	-1	-1
35003010	Large Skeleton (Sword and Shield)	35000	-1	148	50	350000300	6	-1	-1	-1
35003012	Large Skeleton (Sword and Shield)	35000	-1	148	50	350000300	6	-1	-1	-1
35003014	Large Skeleton (Sword and Shield)	35000	-1	148	50	350000300	6	-1	-1	-1
35003032	Large Skeleton (Sword and Shield)	35000	-1	148	50	350000300	6	-1	-1	-1
35003040	Large Skeleton (Sword and Shield)	35000	-1	148	50	350000300	6	-1	-1	-1
35003050	Large Skeleton (Sword and Shield)	35000	-1	148	50	350000300	6	-1	-1	-1
35003100	Large Skeleton (Sword and Shield)	35000	-1	148	50	350000300	6	-1	-1	-1
35003172	Large Skeleton (Sword and Shield)	35000	-1	148	50	350000300	6	-1	-1	-1
35003700	Large Skeleton (Sword and Shield)	35000	-1	148	50	350000300	6	-1	-1	-1
35003733	Large Skeleton (Sword and Shield)	35000	-1	148	50	350000300	6	-1	-1	-1
35004000	Large Skeleton (Curved Swords)	35000	-1	148	50	350000400	6	-1	-1	-1
35004010	Large Skeleton (Curved Swords)	35000	-1	148	50	350000400	6	-1	-1	-1
35004012	Large Skeleton (Curved Swords)	35000	-1	148	50	350000400	6	-1	-1	-1
35004020	Large Skeleton (Curved Swords)	35000	-1	148	50	350000400	6	-1	-1	-1
35004030	Large Skeleton (Curved Swords)	35000	-1	148	50	350000400	6	-1	-1	-1
35004032	Large Skeleton (Curved Swords)	35000	-1	148	50	350000400	6	-1	-1	-1
35004040	Large Skeleton (Curved Swords)	35000	-1	148	50	350000400	6	-1	-1	-1
35004050	Large Skeleton (Curved Swords)	35000	-1	148	50	350000400	6	-1	-1	-1
35004100	Large Skeleton (Curved Swords)	35000	-1	148	50	350000400	6	-1	-1	-1
35004172	Large Skeleton (Curved Swords)	35000	-1	148	50	350000400	6	-1	-1	-1
35004700	Large Skeleton (Curved Swords)	35000	-1	148	50	350000400	6	-1	-1	-1
35004733	Large Skeleton (Curved Swords)	35000	-1	148	50	350000400	6	-1	-1	-1
35005000	Large Skeleton (Spear)	35000	-1	148	50	-1	6	-1	-1	-1
35005010	Large Skeleton (Spear)	35000	-1	148	50	-1	6	-1	-1	-1
35005020	Large Skeleton (Spear)	35000	-1	148	50	-1	6	-1	-1	-1
35005032	Large Skeleton (Spear)	35000	-1	148	50	-1	6	-1	-1	-1
35006000	Large Skeleton (Crossbow)	35000	-1	148	50	-1	6	-1	-1	-1
35006010	Large Skeleton (Crossbow)	35000	-1	148	50	-1	6	-1	-1	-1
35006032	Large Skeleton (Crossbow)	35000	-1	148	50	-1	6	-1	-1	-1
35007000	Large Skeleton (Scythe)	35000	-1	148	50	-1	6	-1	-1	-1
35007010	Large Skeleton (Scythe)	35000	-1	148	50	-1	6	-1	-1	-1
35007020	Large Skeleton (Scythe)	35000	-1	148	50	-1	6	-1	-1	-1
35007032	Large Skeleton (Scythe)	35000	-1	148	50	-1	6	-1	-1	-1
35008000	Large Skeleton (Sword and Shield)	35000	-1	148	50	-1	6	-1	-1	-1
35008010	Large Skeleton (Sword and Shield)	35000	-1	148	50	-1	6	-1	-1	-1
35008020	Large Skeleton (Sword and Shield)	35000	-1	148	50	-1	6	-1	-1	-1
35008032	Large Skeleton (Sword and Shield)	35000	-1	148	50	-1	6	-1	-1	-1
35009000	Large Skeleton (Curved Swords)	35000	-1	148	50	-1	6	-1	-1	-1
35009010	Large Skeleton (Curved Swords)	35000	-1	148	50	-1	6	-1	-1	-1
35009032	Large Skeleton (Curved Swords)	35000	-1	148	50	-1	6	-1	-1	-1
35100000	Skeleton (Sword and Shield)	35100	-1	281	50	351000000	6	-1	-1	-1
35100006	Skeleton (Sword and Shield)	35100	-1	281	50	-1	6	-1	-1	-1
35100010	Skeleton (Sword and Shield)	35100	-1	281	50	351000000	6	-1	-1	-1
35100012	Skeleton (Sword and Shield)	35100	-1	281	50	351000000	6	-1	-1	-1
35100020	Skeleton (Sword and Shield)	35100	-1	281	50	351000000	6	-1	-1	-1
35100032	Skeleton (Sword and Shield)	35100	-1	281	50	351000000	6	-1	-1	-1
35100033	Skeleton (Sword and Shield)	35100	-1	281	50	351000000	6	-1	-1	-1
35100040	Skeleton (Sword and Shield)	35100	-1	281	50	351000000	6	-1	-1	-1
35100100	Skeleton (Sword and Shield)	35100	-1	281	50	351000100	6	-1	-1	-1
35100110	Skeleton (Sword and Shield)	35100	-1	281	50	351000100	6	-1	-1	-1
35100112	Skeleton (Sword and Shield)	35100	-1	281	50	351000100	6	-1	-1	-1
35100120	Skeleton (Sword and Shield)	35100	-1	281	50	351000100	6	-1	-1	-1
35100132	Skeleton (Sword and Shield)	35100	-1	281	50	351000100	6	-1	-1	-1
35100133	Skeleton (Sword and Shield)	35100	-1	281	50	351000100	6	-1	-1	-1
35100200	Skeleton (Sword and Shield)	35100	-1	281	50	351000200	6	-1	-1	-1
35100210	Skeleton (Sword and Shield)	35100	-1	281	50	351000200	6	-1	-1	-1
35100920	Skeleton (Sword and Shield)	35100	-1	281	50	-1	6	-1	-1	-1
35101000	Skeleton (Sword)	35100	-1	281	50	351000300	6	-1	-1	-1
35101006	Skeleton (Sword)	35100	-1	281	50	-1	6	-1	-1	-1
35101010	Skeleton (Sword)	35100	-1	281	50	351000300	6	-1	-1	-1
35101012	Skeleton (Sword)	35100	-1	281	50	351000300	6	-1	-1	-1
35101020	Skeleton (Sword)	35100	-1	281	50	351000300	6	-1	-1	-1
35101032	Skeleton (Sword)	35100	-1	281	50	351000300	6	-1	-1	-1
35101033	Skeleton (Sword)	35100	-1	281	50	351000300	6	-1	-1	-1
35101040	Skeleton (Sword)	35100	-1	281	50	351000300	6	-1	-1	-1
35101100	Skeleton (Sword)	35100	-1	281	50	351000400	6	-1	-1	-1
35101110	Skeleton (Sword)	35100	-1	281	50	351000400	6	-1	-1	-1
35101112	Skeleton (Sword)	35100	-1	281	50	351000400	6	-1	-1	-1
35101140	Skeleton (Sword)	35100	-1	281	50	351000400	6	-1	-1	-1
35101920	Skeleton (Sword)	35100	-1	281	50	-1	6	-1	-1	-1
35102000	Skeleton (Bow)	35100	-1	281	50	351000500	6	-1	-1	-1
35102006	Skeleton (Bow)	35100	-1	281	50	-1	6	-1	-1	-1
35102010	Skeleton (Bow)	35100	-1	281	50	351000500	6	-1	-1	-1
35102012	Skeleton (Bow)	35100	-1	281	50	351000500	6	-1	-1	-1
35102020	Skeleton (Bow)	35100	-1	281	50	351000500	6	-1	-1	-1
35102032	Skeleton (Bow)	35100	-1	281	50	351000500	6	-1	-1	-1
35102033	Skeleton (Bow)	35100	-1	281	50	351000500	6	-1	-1	-1
35102040	Skeleton (Bow)	35100	-1	281	50	351000500	6	-1	-1	-1
35102920	Skeleton (Bow)	35100	-1	281	50	-1	6	-1	-1	-1
35103000	Skeleton (Fists)	35100	-1	281	50	351000600	6	-1	-1	-1
35103010	Skeleton (Fists)	35100	-1	281	50	351000600	6	-1	-1	-1
35103012	Skeleton (Fists)	35100	-1	281	50	351000600	6	-1	-1	-1
35103020	Skeleton (Fists)	35100	-1	281	50	351000600	6	-1	-1	-1
35103100	Skeleton (Fists)	35100	-1	281	50	351000700	6	-1	-1	-1
35103106	Skeleton (Fists)	35100	-1	281	50	-1	6	-1	-1	-1
35103110	Skeleton (Fists)	35100	-1	281	50	351000700	6	-1	-1	-1
35104000	Skeleton (Fists)	35100	-1	281	50	351000800	6	-1	-1	-1
35104006	Skeleton (Fists)	35100	-1	281	50	-1	6	-1	-1	-1
35104010	Skeleton (Fists)	35100	-1	281	50	351000800	6	-1	-1	-1
35104012	Skeleton (Fists)	35100	-1	281	50	351000800	6	-1	-1	-1
35104032	Skeleton (Fists)	35100	-1	281	50	351000800	6	-1	-1	-1
35104100	Skeleton (Fists)	35100	-1	281	50	351000900	6	-1	-1	-1
35104110	Skeleton (Fists)	35100	-1	281	50	351000900	6	-1	-1	-1
35500000	Sanguine Noble (Unscaled)	35500	-1	582	50	355000000	6	-1	-1	-1
35500020	Sanguine Noble	35500	-1	582	50	355000000	6	-1	-1	-1
35500030	Sanguine Noble	35500	-1	582	50	355000000	6	-1	-1	-1
35500050	Sanguine Noble	35500	-1	582	50	355000000	6	-1	-1	-1
35500068	Sanguine Noble	35500	-1	582	50	355000000	6	-1	-1	-1
35500930	Sanguine Noble (Boss)	35500	-1	582	50	-1	6	-1	-1	-1
35600000	Godskin Apostle (Unscaled)	35600	-1	2033	50	-1	6	3560	-1	-1
35600030	Godskin Apostle	35600	-1	2033	50	-1	6	3560	-1	-1
35600040	Godskin Apostle	35600	-1	2033	50	-1	6	3560	-1	-1
35600042	Godskin Apostle	35600	-1	2033	50	-1	6	3560	-1	-1
35600100	Godskin Apostle (Unscaled)	35600	-1	1016	50	-1	6	3560	-1	-1
35600172	Godskin Apostle {Godskin Duo)	35600	-1	1016	50	-1	6	3560	-1	-1
35600900	Godskin Apostle (Unscaled)	35600	-1	4015	50	-1	6	3560	-1	-1
35600950	Godskin Apostle	35600	-1	2033	50	-1	6	3560	-1	-1
35600972	Godskin Apostle (Godskin Duo HP)	35600	-1	4015	50	-1	6	3560	-1	-1
35700000	Godskin Noble (Unscaled)	35700	-1	2439	50	-1	6	3570	3560	-1
35700028	Godskin Noble (Liurnia Divine Tower)	35700	-1	2439	50	-1	6	3570	3560	-1
35700038	Godskin Noble (Volcano Manor)	35700	-1	2439	50	-1	6	3570	3560	-1
35700100	Godskin Noble (Unscaled)	35700	-1	1219	50	-1	6	3570	3560	-1
35700172	Godskin Noble (Godskin Duo)	35700	-1	1219	50	-1	6	3570	3560	-1
35700950	Godskin Noble	35700	-1	2439	50	-1	6	3570	3560	-1
36000000	Alabaster Lord (Unscaled)	36000	-1	755	50	-1	6	3600	-1	-1
36000010	Alabaster Lord	36000	-1	755	50	360010000	6	3600	-1	-1
36000012	Alabaster Lord	36000	-1	755	50	-1	6	3600	-1	-1
36000024	Alabaster Lord	36000	-1	755	50	360000010	6	3600	-1	-1
36000052	Alabaster Lord	36000	-1	755	50	360000020	6	3600	-1	-1
36000062	Alabaster Lord	36000	-1	755	50	360062000	6	3600	-1	-1
36001000	Onyx Lord	36000	-1	755	50	-1	6	3600	-1	-1
36001052	Onyx Lord	36000	-1	755	50	360052100	6	3600	-1	-1
36001920	Onyx Lord (Boss)	36000	-1	755	50	-1	6	3600	-1	-1
36001933	Onyx Lord (Boss)	36000	-1	755	50	-1	6	3600	-1	-1
36100000	Oracle Envoy	36100	-1	169	50	361000000	6	-1	3610	-1
36100034	Oracle Envoy (Leyndell)	36100	-1	169	50	361000000	6	-1	3610	-1
36100054	Oracle Envoy	36100	-1	169	50	361000000	6	-1	3610	-1
36200000	Large Oracle Envoy	36200	3610	471	50	361000100	6	3620	3610	-1
36200034	Large Oracle Envoy (Leyndell)	36200	3610	471	50	361000100	6	3620	3610	-1
36200054	Large Oracle Envoy	36200	3610	471	50	361000100	6	3620	3610	-1
36300000	Giant Oracle Envoy	36300	3610	768	50	361000200	6	3630	3610	-1
36300054	Giant Oracle Envoy	36300	3610	768	50	361000200	6	3630	3610	-1
36400000	NPC Param 36400000	36400	-1	194	50	-1	6	-1	3610	-1
36500000	Guardian	36500	-1	147	50	365000000	6	-1	-1	-1
36500012	Guardian	36500	-1	147	50	365000000	6	-1	-1	-1
36500020	Guardian	36500	-1	147	50	365000000	6	-1	-1	-1
36500030	Guardian	36500	-1	147	50	365000000	57	-1	-1	-1
36500033	Guardian	36500	-1	147	50	365000000	6	-1	-1	-1
36500034	Guardian (Leyndell)	36500	-1	147	50	365000000	6	-1	-1	-1
36501000	Full-Bloom Guardian	36500	-1	147	50	365000100	6	-1	-1	-1
36501033	Full-Bloom Guardian	36500	-1	147	50	365000100	6	-1	-1	-1
36501034	Full-Bloom Guardian (Leyndell)	36500	-1	147	50	365000100	6	-1	-1	-1
36501100	Full-Bloom Guardian - Full Bloomed	36500	-1	289	50	365000100	6	-1	-1	-1
36501833	Full-Bloom Guardian	36500	-1	147	50	365033100	6	-1	-1	-1
36502000	Rotten Guardian	36500	-1	147	50	365000200	6	-1	-1	-1
36502040	Rotten Guardian	36500	-1	147	50	365000200	6	-1	-1	-1
36502042	Rotten Guardian	36500	-1	147	50	365000200	6	-1	-1	-1
36502052	Rotten Guardian	36500	-1	147	50	365000200	6	-1	-1	-1
36503000	Fuller-Bloom Guardian	36500	-1	167	50	-1	6	-1	-1	-1
36600000	Commoner	36600	-1	105	50	366000000	6	-1	-1	-1
36600014	Commoner	36600	-1	105	50	366000000	6	-1	-1	-1
36600020	Commoner	36600	-1	105	50	366000000	6	-1	-1	-1
36600030	Commoner	36600	-1	105	50	366000000	6	-1	-1	-1
36600034	Commoner (Leyndell)	36600	-1	105	50	366000000	6	-1	-1	-1
36600035	Commoner	36600	-1	105	50	366000000	6	-1	-1	-1
36600041	Commoner	36600	-1	105	50	366000000	48	-1	-1	-1
36600070	Commoner	36600	-1	105	50	366000000	6	-1	-1	-1
36600100	Commoner	36600	-1	105	50	366000100	6	-1	-1	-1
36600110	Commoner	36600	-1	105	50	366000100	6	-1	-1	-1
36600114	Commoner	36600	-1	105	50	366000100	6	-1	-1	-1
36600600	Frenzied Commoner	36600	-1	105	50	366000200	6	-1	-1	-1
36600612	Frenzied Commoner	36600	-1	105	50	366000200	6	-1	-1	-1
36600620	Frenzied Commoner	36600	-1	105	50	366000200	6	-1	-1	-1
36600652	Frenzied Commoner	36600	-1	105	50	366000200	6	-1	-1	-1
36600700	Death-serving Commoner	36600	-1	105	50	366000300	6	-1	-1	-1
36600733	Death-serving Commoner	36600	-1	105	50	366000300	33	-1	-1	-1
36600800	Imprisoned Commoner	36600	-1	105	50	366000400	6	-1	-1	-1
36600838	Imprisoned Commoner	36600	-1	105	50	366000400	6	-1	-1	-1
36601000	Commoner (Spear)	36600	-1	105	50	366000500	6	-1	-1	-1
36601030	Commoner	36600	-1	105	50	366000500	6	-1	-1	-1
36601070	Commoner	36600	-1	105	50	366000500	6	-1	-1	-1
36601200	Frenzied Commoner	36600	-1	105	50	366000600	6	-1	-1	-1
36601212	Frenzied Commoner	36600	-1	105	50	366000600	6	-1	-1	-1
36601220	Frenzied Commoner	36600	-1	105	50	366000600	6	-1	-1	-1
36601252	Frenzied Commoner	36600	-1	105	50	366000600	6	-1	-1	-1
36601300	Death-serving Commoner	36600	-1	105	50	366000700	6	-1	-1	-1
36601333	Death-serving Commoner	36600	-1	105	50	366000700	6	-1	-1	-1
36601400	Imprisoned Commoner	36600	-1	105	50	366000800	6	-1	-1	-1
36601438	Imprisoned Commoner	36600	-1	105	50	366000800	6	-1	-1	-1
36602000	Commoner (Torchpole, Cloak)	36600	-1	105	50	366000900	6	-1	-1	-1
36602070	Commoner	36600	-1	105	50	366000900	6	-1	-1	-1
36602100	Frenzied Commoner	36600	-1	105	50	366000910	6	-1	-1	-1
36602152	Frenzied Commoner	36600	-1	105	50	366000910	6	-1	-1	-1
36602200	Death-serving Commoner	36600	-1	105	50	366000920	6	-1	-1	-1
36602233	Death-serving Commoner	36600	-1	105	50	366000920	6	-1	-1	-1
36602300	Imprisoned Commoner	36600	-1	105	50	366000930	6	-1	-1	-1
36602338	Imprisoned Commoner	36600	-1	105	50	366000930	6	-1	-1	-1
36603000	Commoner (Torchpole)	36600	-1	105	50	366000940	6	-1	-1	-1
36603010	Commoner	36600	-1	105	50	366000940	6	-1	-1	-1
36603020	Commoner	36600	-1	105	50	366000940	6	-1	-1	-1
36603100	Commoner	36600	-1	105	50	366000940	6	-1	-1	-1
36603110	Commoner	36600	-1	105	50	366000940	6	-1	-1	-1
36608000	Commoner (Margit)	36600	-1	105	50	-1	6	-1	-1	-1
36608033	Commoner (Margit)	36600	-1	105	50	-1	6	-1	-1	-1
36609000	Commoner (Stranded Soul)	36600	-1	105	50	-1	0	-1	-1	-1
36609006	Commoner (Stranded Soul)	36600	-1	105	50	-1	0	-1	-1	-1
36609010	Commoner (Stranded Soul)	36600	-1	105	50	-1	0	-1	-1	-1
36609012	Commoner (Stranded Soul)	36600	-1	105	50	-1	0	-1	-1	-1
36609020	Commoner (Stranded Soul)	36600	-1	105	50	-1	0	-1	-1	-1
36609022	Commoner (Stranded Soul)	36600	-1	105	50	-1	0	-1	-1	-1
36609040	Commoner (Stranded Soul)	36600	-1	105	50	-1	0	-1	-1	-1
36609052	Commoner (Stranded Soul)	36600	-1	105	50	-1	0	-1	-1	-1
36609100	Commoner (Stranded Soul)	36600	-1	105	50	-1	0	-1	-1	-1
36609114	Commoner (Stranded Soul)	36600	-1	105	50	-1	0	-1	-1	-1
36609120	Commoner (Stranded Soul)	36600	-1	105	50	-1	0	-1	-1	-1
36609130	Commoner (Stranded Soul)	36600	-1	105	50	-1	0	-1	-1	-1
36609140	Commoner (Stranded Soul)	36600	-1	105	50	-1	0	-1	-1	-1
36609142	Commoner (Stranded Soul)	36600	-1	105	50	-1	0	-1	-1	-1
36609152	Commoner (Stranded Soul)	36600	-1	105	50	-1	0	-1	-1	-1
36609162	Commoner (Stranded Soul)	36600	-1	105	50	-1	0	-1	-1	-1
36609165	Commoner (Stranded Soul)	36600	-1	105	50	-1	0	-1	-1	-1
36609170	Commoner (Stranded Soul)	36600	-1	105	50	-1	0	-1	-1	-1
36609500	Commoner (Stranded Soul)	36600	-1	105	50	-1	0	-1	-1	-1
36609510	Commoner (Stranded Soul)	36600	-1	105	50	-1	0	-1	-1	-1
36609520	Commoner (Stranded Soul)	36600	-1	105	50	-1	0	-1	-1	-1
36610000	Putrid Corpse	36610	-1	376	50	366100000	6	-1	3661	3660
36610012	Putrid Corpse	36610	-1	376	50	366100000	6	-1	3661	3660
36610030	Putrid Corpse	36610	-1	376	50	366100000	6	-1	3661	3660
36610032	Putrid Corpse	36610	-1	376	50	366100000	6	-1	3661	3660
36610033	Putrid Corpse	36610	-1	376	50	366100000	6	-1	3661	3660
36610034	Putrid Corpse (Leyndell)	36610	-1	376	50	366100000	6	-1	3661	3660
36610035	Putrid Corpse	36610	-1	376	50	366100000	6	-1	3661	3660
36610039	Putrid Corpse	36610	-1	376	50	-1	6	-1	3661	3660
36610040	Putrid Corpse	36610	-1	376	50	366100000	6	-1	3661	3660
36610054	Putrid Corpse	36610	-1	376	50	366100000	6	-1	3661	3660
36610100	Putrid Corpse	36610	-1	376	50	366100000	24	-1	3661	3660
36610140	Putrid Corpse	36610	-1	376	50	366100000	6	-1	3661	3660
36610812	Putrid Corpse	36610	-1	376	50	366100000	6	-1	3661	3660
36610820	Putrid Corpse (Mirage)	36610	-1	376	50	-1	6	-1	3661	3660
36611000	Putrid Corpse (Maggots)	36610	-1	376	50	366100100	6	-1	3661	3660
36611012	Putrid Corpse (Maggots)	36610	-1	376	50	366100100	6	-1	3661	3660
36611030	Putrid Corpse (Maggots)	36610	-1	376	50	366100100	6	-1	3661	3660
36611031	Putrid Corpse (Maggots) (Shaded Castle)	36610	-1	376	50	366100100	6	-1	3661	3660
36611035	Putrid Corpse (Maggots)	36610	-1	376	50	366100100	6	-1	3661	3660
36611100	Putrid Corpse (Maggots)	36610	-1	376	50	366100100	24	-1	3661	3660
36612000	Putrid Corpse (Burning)	36610	-1	376	50	366100200	6	-1	3661	3660
36612030	Putrid Corpse (Burning)	36610	-1	376	50	366100200	6	-1	3661	3660
36612032	Putrid Corpse (Burning)	36610	-1	376	50	366100200	6	-1	3661	3660
36612035	Putrid Corpse (Burning)	36610	-1	376	50	366100200	6	-1	3661	3660
36612040	Putrid Corpse (Burning)	36610	-1	376	50	366100200	6	-1	3661	3660
36612132	Putrid Corpse (Burning)	36610	-1	376	50	366100200	6	-1	3661	3660
36612200	Putrid Corpse (Burning)	36610	-1	376	50	366100200	24	-1	3661	3660
36613000	Putrid Corpse (Mushroom)	36610	-1	376	50	366100000	6	-1	3661	3660
36613054	Putrid Corpse (Mushroom)	36610	-1	376	50	366100300	6	-1	3661	3660
36613100	Putrid Corpse (Mushroom)	36610	-1	376	50	366100000	6	-1	3661	3660
36613154	Putrid Corpse (Mushroom)	36610	-1	376	50	366100300	6	-1	3661	3660
36613200	Putrid Corpse (Mushroom)	36610	-1	376	50	366100000	6	-1	3661	3660
36613254	Putrid Corpse (Mushroom)	36610	-1	376	50	366100300	6	-1	3661	3660
36614000	Putrid Corpse (Magic)	36610	-1	376	50	366100400	6	-1	3661	3660
36614024	Putrid Corpse (Magic)	36610	-1	376	50	366100400	6	-1	3661	3660
36615000	Putrid Corpse (Blood)	36610	-1	376	50	366100500	6	-1	3661	3660
36615068	Putrid Corpse (Blood)	36610	-1	376	50	366100500	6	-1	3661	3660
36616000	Putrid Corpse (Rotten)	36610	-1	376	50	366100000	6	-1	3661	3660
36616040	Putrid Corpse (Rotten)	36610	-1	376	50	366100000	6	-1	3661	3660
36619000	Putrid Corpse	36610	-1	376	50	366100000	0	-1	3661	3660
36619040	Putrid Corpse Ghost	36610	-1	376	50	366100000	0	-1	3661	3660
36620000	Putrid Corpse (Large)	36620	3661	626	50	366200000	6	-1	3661	3660
36620012	Putrid Corpse (Large)	36620	3661	626	50	366200000	6	-1	3661	3660
36620034	Putrid Corpse (Large) (Leyndell)	36620	3661	626	50	366200000	6	-1	3661	3660
36620040	Putrid Corpse (Large)	36620	3661	626	50	366200000	6	-1	3661	3660
36620054	Putrid Corpse (Large)	36620	3661	626	50	366200000	6	-1	3661	3660
36620100	Putrid Corpse (Large)	36620	3661	626	50	366200000	24	-1	3661	3660
36620140	Putrid Corpse (Large)	36620	3661	626	50	366200000	6	-1	3661	3660
36621000	Putrid Corpse (Large) (Maggots)	36620	3661	626	50	366200100	6	-1	3661	3660
36621031	Putrid Corpse (Large) (Maggots) (Shaded Castle)	36620	3661	626	50	366200100	6	-1	3661	3660
36621035	Putrid Corpse (Large) (Maggots)	36620	3661	626	50	366200100	6	-1	3661	3660
36621100	Putrid Corpse (Large) (Maggots)	36620	3661	626	50	366200100	24	-1	3661	3660
36621140	Putrid Corpse (Large) (Maggots)	36620	3661	626	50	366200100	6	-1	3661	3660
36622000	Putrid Corpse (Large) (Burning)	36620	3661	188	50	366200200	6	-1	3661	3660
36622040	Putrid Corpse (Large) (Burning)	36620	3661	188	50	366200200	6	-1	3661	3660
36622200	Putrid Corpse (Large) (Burning)	36620	3661	188	50	366200200	24	-1	3661	3660
36623000	Putrid Corpse (Large) (Mushroom)	36620	3661	626	50	366200300	6	-1	3661	3660
36623054	Putrid Corpse (Large) (Mushroom)	36620	3661	626	50	366200300	6	-1	3661	3660
36623100	Putrid Corpse (Large) (Mushroom)	36620	3661	626	50	366200300	6	-1	3661	3660
36623154	Putrid Corpse (Large) (Mushroom)	36620	3661	626	50	366200300	6	-1	3661	3660
36623200	Putrid Corpse (Large) (Mushroom)	36620	3661	626	50	366200300	6	-1	3661	3660
36623254	Putrid Corpse (Large) (Mushroom)	36620	3661	626	50	366200300	6	-1	3661	3660
36624000	Putrid Corpse (Large) (Magic)	36620	3661	626	50	366200400	6	-1	3661	3660
36624024	Putrid Corpse (Large) (Magic)	36620	3661	626	50	366200400	6	-1	3661	3660
36625000	Putrid Corpse (Large) (Blood)	36620	3661	82	50	366200500	6	-1	3661	3660
36625068	Putrid Corpse (Large) (Blood)	36620	3661	82	50	366200500	6	-1	3661	3660
36626000	Putrid Corpse (Large) (Rotten)	36620	3661	626	50	366200000	6	-1	3661	3660
36626040	Putrid Corpse (Large) (Rotten)	36620	3661	626	50	366200000	6	-1	3661	3660
36640000	Cemetery Shade	36640	-1	305	50	366400000	6	3664	3664	3660
36640012	Cemetery Shade (Weeping Peninsula)	36640	-1	305	50	-1	6	3664	3664	3660
36640032	Cemetery Shade	36640	-1	305	50	366400700	6	3664	3664	3660
36640035	Cemetery Shade	36640	-1	305	50	366400000	6	3664	3664	3660
36640040	Cemetery Shade (Boss)	36640	-1	305	50	-1	24	3664	3664	3660
36640920	Cemetery Shade (Boss)	36640	-1	305	50	-1	6	3664	3664	3660
36650000	Gatekeeper Gostoc	36600	-1	1570	50	-1	26	-1	3660	3660
36650014	Gatekeeper Gostoc	36600	-1	1570	50	-1	26	-1	3660	3660
36650114	Gatekeeper Gostoc	36600	-1	1570	50	-1	26	-1	3660	3660
36650214	Gatekeeper Gostoc	36600	-1	1570	50	-1	26	-1	3660	3660
36650314	Gatekeeper Gostoc	36600	-1	1570	50	-1	26	-1	3660	3660
36650414	Gatekeeper Gostoc	36600	-1	1570	50	-1	26	-1	3660	3660
36650514	Gatekeeper Gostoc	36600	-1	1570	50	-1	26	-1	3660	3660
36650614	Gatekeeper Gostoc	36600	-1	1570	50	-1	0	-1	3660	3660
36651000	Gatekeeper Gostoc	36600	-1	1570	50	-1	6	-1	3660	3660
36660000	The Noble Goldmask	36600	-1	1042	50	-1	26	-1	-1	3660
36660030	The Noble Goldmask	36600	-1	1042	50	-1	26	-1	-1	3660
36660034	The Noble Goldmask	36600	-1	1042	50	-1	26	-1	-1	3660
36660050	The Noble Goldmask	36600	-1	1042	50	-1	26	-1	-1	3660
36660070	The Noble Goldmask	36600	-1	1042	50	-1	26	-1	-1	3660
36700000	Elder Albinauric	36700	-1	162	50	367000000	6	3670	-1	-1
36700042	Elder Albinauric	36700	-1	162	50	367000000	6	3670	-1	-1
36700100	Elder Albinauric	36700	-1	162	50	367000000	6	3670	-1	-1
36700120	Elder Albinauric	36700	-1	162	50	367000000	6	3670	-1	-1
36700134	Elder Albinauric (Leyndell)	36700	-1	162	50	367000000	6	3670	-1	-1
36701000	Elder Albinauric Sorcerer	36700	-1	162	50	367000100	6	3670	-1	-1
36701021	Elder Albinauric Sorcerer	36700	-1	162	50	367000100	6	3670	-1	-1
36701038	Elder Albinauric Sorcerer	36700	-1	162	50	367000100	6	3670	-1	-1
36701042	Elder Albinauric Sorcerer	36700	-1	162	50	367000100	6	3670	-1	-1
36701100	Elder Albinauric Sorcerer	36700	-1	162	50	367000100	6	3670	-1	-1
36701120	Elder Albinauric Sorcerer	36700	-1	162	50	367000100	6	3670	-1	-1
36701121	Elder Albinauric Sorcerer	36700	-1	162	50	367000100	6	3670	-1	-1
36701138	Elder Albinauric Sorcerer	36700	-1	162	50	367000100	6	3670	-1	-1
36701200	Pidia, Carian Servant	36700	-1	316	50	-1	26	3670	-1	-1
36702000	Imprisoned Elder Albinauric	36700	-1	115	50	367000200	6	3670	-1	-1
36702038	Imprisoned Elder Albinauric	36700	-1	115	50	367000200	6	3670	-1	-1
36702051	Imprisoned Elder Albinauric	36700	-1	115	50	367000200	6	3670	-1	-1
36702100	Imprisoned Elder Albinauric	36700	-1	115	50	367000200	6	3670	-1	-1
36702138	Imprisoned Elder Albinauric	36700	-1	115	50	367000200	6	3670	-1	-1
36702151	Imprisoned Elder Albinauric	36700	-1	115	50	367000200	6	3670	-1	-1
36702200	Imprisoned Elder Albinauric	36700	-1	115	50	367000200	6	3670	-1	-1
36702238	Imprisoned Elder Albinauric	36700	-1	115	50	367000200	6	3670	-1	-1
36702251	Imprisoned Elder Albinauric	36700	-1	115	50	367000200	6	3670	-1	-1
36703000	Black Dumpling Elder Albinauric	36700	-1	162	50	367000300	6	3670	-1	-1
36703034	Black Dumpling Elder Albinauric (Leyndell, Royal Capital)	36700	-1	162	50	367000300	6	3670	-1	-1
36703038	Black Dumpling Elder Albinauric	36700	-1	162	50	367000300	6	3670	-1	-1
36703051	Black Dumpling Elder Albinauric	36700	-1	162	50	367000300	6	3670	-1	-1
36704000	Poison Claw Elder Albinauric	36700	-1	162	50	367000400	6	3670	-1	-1
36704020	Poison Claw Elder Albinauric	36700	-1	162	50	367000400	6	3670	-1	-1
36708000	Old Albus	36700	-1	316	50	-1	26	3670	-1	-1
36708020	Old Albus	36700	-1	316	50	-1	26	3670	-1	-1
36709000	Pidia, Carian Servant	36700	-1	316	50	-1	26	3670	-1	-1
36709020	Pidia, Carian Servant	36700	-1	316	50	367020500	0	3670	-1	-1
36709100	Elder Albinauric	36700	-1	162	50	-1	0	-1	-1	-1
36709120	Pidia, Carian Servant	36700	-1	162	50	-1	26	3670	-1	-1
36709920	Pidia, Carian Servant	36700	-1	162	50	-1	0	3670	-1	-1
37000000	Depraved Perfumer	37000	-1	429	50	370000000	6	-1	3700	-1
37000010	Depraved Perfumer	37000	-1	429	50	370000000	6	-1	3700	-1
37000020	Depraved Perfumer	37000	-1	429	50	370000000	6	-1	3700	-1
37000030	Depraved Perfumer	37000	-1	429	50	370000000	6	-1	3700	-1
37000031	Depraved Perfumer (Shaded Castle)	37000	-1	429	50	370000000	6	-1	3700	-1
37000033	Depraved Perfumer	37000	-1	429	50	370000000	6	-1	3700	-1
37001000	Depraved Perfumer	37000	-1	429	50	370000100	6	-1	3700	-1
37001030	Depraved Perfumer	37000	-1	429	50	370000100	6	-1	3700	-1
37001031	Depraved Perfumer (Shaded Castle)	37000	-1	429	50	370000100	6	-1	3700	-1
37010000	Perfumer	37000	-1	184	90	370100100	6	-1	3700	3700
37010030	Perfumer	37000	-1	184	90	370100100	6	-1	3700	3700
37010033	Perfumer	37000	-1	184	90	370100100	6	-1	3700	3700
37010034	Perfumer  (Leyndell)	37000	-1	184	90	370100100	6	-1	3700	3700
37010830	Perfumer	37000	-1	184	90	370130100	6	-1	3700	3700
37011000	Perfumer	37000	-1	184	90	370100200	6	-1	3700	3700
37011030	Perfumer	37000	-1	184	90	370100200	6	-1	3700	3700
37011034	Perfumer (Leyndell)	37000	-1	184	90	370100200	6	-1	3700	3700
37011930	Perfumer Tricia	37000	-1	184	90	-1	6	-1	3700	3700
37020000	Glintstone Sorcerer	37020	-1	183	50	370200000	6	-1	3700	3700
37020020	Glintstone Sorcerer	37020	-1	183	50	370200000	6	-1	3700	3700
37020021	Glintstone Sorcerer	37020	-1	183	50	370200000	6	-1	3700	3700
37020024	Glintstone Sorcerer	37020	-1	183	50	370200000	6	-1	3700	3700
37020032	Glintstone Sorcerer	37020	-1	183	50	370200000	6	-1	3700	3700
37020040	Glintstone Sorcerer (Mirage)	37020	-1	183	50	-1	6	-1	3700	3700
37021000	Karolos Glintstone Sorcerer	37020	-1	183	50	370200100	6	-1	3700	3700
37021020	Karolos Glintstone Sorcerer	37020	-1	183	50	370200100	6	-1	3700	3700
37021024	Karolos Glintstone Sorcerer	37020	-1	183	50	370200100	6	-1	3700	3700
37021032	Karolos Glintstone Sorcerer	37020	-1	183	50	370200100	6	-1	3700	3700
37021040	Karolos Glintstone Sorcerer (Mirage)	37020	-1	183	50	370200100	6	-1	3700	3700
37021140	Karolos Glintstone Sorcerer	37020	-1	183	50	-1	6	-1	3700	3700
37022000	Lazuli Glintstone Sorcerer	37020	-1	267	50	370200200	6	-1	3700	3700
37022021	Lazuli Glintstone Sorcerer	37020	-1	267	50	370200200	6	-1	3700	3700
37022024	Lazuli Glintstone Sorcerer	37020	-1	267	50	370200200	6	-1	3700	3700
37022040	Lazuli Glintstone Sorcerer	37020	-1	267	50	370200200	6	-1	3700	3700
37022140	Lazuli Glintstone Sorcerer	37020	-1	267	50	-1	6	-1	3700	3700
37023000	Twinsage Glintstone Sorcerer A	37020	-1	267	50	370200300	6	-1	3700	3700
37023020	Twinsage Glintstone Sorcerer A	37020	-1	267	50	370200300	6	-1	3700	3700
37023024	Twinsage Glintstone Sorcerer A	37020	-1	267	50	370200300	6	-1	3700	3700
37023040	Mirage Twinsage Glintstone Sorcerer A	37020	-1	267	50	370200300	6	-1	3700	3700
37023140	Twinsage Glintstone Sorcerer A	37020	-1	267	50	-1	6	-1	3700	3700
37024000	Twinsage Glintstone Sorcerer B	37020	-1	267	50	370200400	6	-1	3700	3700
37024024	Twinsage Glintstone Sorcerer B	37020	-1	267	50	370200400	6	-1	3700	3700
37024040	Mirage Twinsage Glintstone Sorcerer B	37020	-1	267	50	-1	6	-1	3700	3700
37030000	Page	37030	-1	353	50	370300000	6	-1	3700	3700
37030012	Page	37030	-1	353	50	370300000	6	-1	3700	3700
37030021	Page	37030	-1	353	50	370300000	6	-1	3700	3700
37030030	Page	37030	-1	353	50	370300000	6	-1	3700	3700
37030031	Page (Shaded Castle)	37030	-1	353	50	370300000	6	-1	3700	3700
37030032	Page	37030	-1	353	50	370300000	60	-1	3700	3700
37030033	Page	37030	-1	353	50	370300000	6	-1	3700	3700
37030034	Page (Leyndell)	37030	-1	353	50	370300000	6	-1	3700	3700
37030041	Page	37030	-1	353	50	370300000	6	-1	3700	3700
37030052	Page	37030	-1	353	50	370300000	6	-1	3700	3700
37031000	High Page	37030	-1	582	50	370300100	6	-1	3700	3700
37031024	High Page (Raya Lucaria)	37030	-1	582	50	370300100	6	-1	3700	3700
37031034	High Page (Leyndell)	37030	-1	582	50	370300100	6	-1	3700	3700
37040000	Battlemage	37040	-1	630	50	370400000	6	3704	3700	3700
37040020	Battlemage	37040	-1	630	50	370400100	6	3704	3700	3700
37040040	Battlemage	37040	-1	630	50	370400200	6	3704	3700	3700
37040054	Battlemage	37040	-1	630	50	370400300	6	3704	3700	3700
37040800	Battlemage	37040	-1	630	50	370400000	6	3704	3700	3700
37040830	Battlemage	37040	-1	630	50	370400700	6	3704	3700	3700
37040940	Battlemage Hugues (Boss)	37040	-1	630	50	-1	6	3704	3700	3700
37100000	Azur	37100	-1	9999	50	-1	26	-1	3710	-1
37100024	Azur	37100	-1	9999	50	-1	26	-1	3710	-1
37100032	Azur	37100	-1	9999	50	-1	26	-1	3710	-1
37200000	Lusat	37200	3710	9999	50	-1	26	-1	3710	-1
37200040	Lusat	37200	3710	9999	50	-1	26	-1	3710	-1
37200042	Lusat	37200	3710	9999	50	-1	26	-1	3710	-1
37300000	Graven School	37300	-1	593	50	-1	6	-1	-1	-1
37300020	Graven School	37300	-1	593	50	-1	6	-1	-1	-1
37300040	Graven School	37300	-1	593	50	-1	6	-1	-1	-1
37300042	Graven School	37300	-1	593	50	-1	6	-1	-1	-1
37300052	Graven School	37300	-1	593	50	-1	6	-1	-1	-1
37300100	Graven School	37300	-1	593	50	-1	6	-1	-1	-1
37300112	Graven School	37300	-1	593	50	-1	6	-1	-1	-1
37300120	Graven School	37300	-1	593	50	-1	6	-1	-1	-1
37300152	Graven School	37300	-1	593	50	-1	6	-1	-1	-1
37301000	Sorceress Sellen	37300	-1	593	50	-1	0	-1	-1	-1
37301024	Sorceress Sellen	37300	-1	593	50	-1	0	-1	-1	-1
37500000	Clayman - Spear	37500	-1	262	50	375000000	6	-1	-1	-1
37500060	Clayman (Ainsel River)	37500	-1	262	50	375000000	6	-1	-1	-1
37500062	Clayman (Lake of Rot)	37500	-1	262	50	375000000	6	-1	-1	-1
37500064	Clayman (Siofra River)	37500	-1	262	50	375000000	6	-1	-1	-1
37500065	Clayman	37500	-1	262	50	375000000	6	-1	-1	-1
37501000	Clayman - Dagger	37500	-1	262	50	375000100	6	-1	-1	-1
37501060	Clayman (Ainsel River)	37500	-1	262	50	375000100	6	-1	-1	-1
37501062	Clayman (Lake of Rot)	37500	-1	262	50	375000100	6	-1	-1	-1
37502000	Clayman	37500	-1	262	50	375000200	6	-1	-1	-1
37502060	Clayman (Ainsel River)	37500	-1	262	50	375000200	6	-1	-1	-1
37502062	Clayman (Lake of Rot)	37500	-1	262	50	375000200	6	-1	-1	-1
37502064	Clayman (Siofra River)	37500	-1	262	50	375000200	6	-1	-1	-1
37502065	Clayman	37500	-1	262	50	375000200	6	-1	-1	-1
38000000	Cleanrot Knight	38000	-1	437	200	380000000	6	-1	-1	-1
38000031	Cleanrot Knight (Shaded Castle)	38000	-1	437	200	380000010	6	-1	-1	-1
38000040	Cleanrot Knight	38000	-1	437	200	380000010	51	-1	-1	-1
38000042	Cleanrot Knight	38000	-1	437	200	380000010	51	-1	-1	-1
38000052	Cleanrot Knight	38000	-1	437	200	380000010	6	-1	-1	-1
38000056	Cleanrot Knight	38000	-1	437	200	380000020	6	-1	-1	-1
38000100	Mausoleum Cleanrot Knight	38000	-1	437	200	380000010	6	-1	-1	-1
38000142	Mausoleum Cleanrot Knight	38000	-1	437	200	380000010	51	-1	-1	-1
38000242	Mausoleum Cleanrot Knight	38000	-1	437	200	-1	51	-1	-1	-1
38000920	Cleanrot Knight (Boss)	38000	-1	437	200	-1	6	-1	-1	-1
38000940	Cleanrot Knight (Boss)	38000	-1	437	200	-1	6	-1	-1	-1
38001000	Cleanrot Knight	38000	-1	437	200	380000100	6	-1	-1	-1
38001031	Cleanrot Knight (Shaded Castle)	38000	-1	437	200	380000110	6	-1	-1	-1
38001040	Cleanrot Knight	38000	-1	437	200	380000110	51	-1	-1	-1
38001042	Cleanrot Knight	38000	-1	437	200	380000110	51	-1	-1	-1
38001052	Cleanrot Knight	38000	-1	437	200	380000110	6	-1	-1	-1
38001056	Cleanrot Knight	38000	-1	437	200	380000120	6	-1	-1	-1
38001100	Mausoleum Cleanrot Knight	38000	-1	437	200	380000110	6	-1	-1	-1
38001142	Mausoleum Cleanrot Knight	38000	-1	437	200	380000110	51	-1	-1	-1
38001940	Cleanrot Knight (Boss)	38000	-1	437	200	-1	6	-1	-1	-1
38100000	Kindred of Rot	38100	-1	313	50	381000000	6	3810	-1	-1
38100040	Kindred of Rot (Sellia Tunnel)	38100	-1	313	50	381000000	51	3810	-1	-1
38100056	Kindred of Rot	38100	-1	313	50	381054000	6	3810	-1	-1
38100062	Kindred of Rot	38100	-1	313	50	381000000	6	3810	-1	-1
38100932	Kindred of Rot (Boss)	38100	-1	313	50	-1	6	3810	-1	-1
38101000	Kindred of Rot	38100	-1	313	50	381000100	6	3810	-1	-1
38101040	Kindred of Rot	38100	-1	313	50	381000100	51	3810	-1	-1
38101056	Kindred of Rot	38100	-1	313	50	381054100	6	3810	-1	-1
38102000	Kindred of Rot	38100	-1	313	50	381000000	6	3810	-1	-1
38102056	Kindred of Rot	38100	-1	313	50	381054200	6	3810	-1	-1
38102932	Kindred of Rot (Boss)	38100	-1	313	50	-1	6	3810	-1	-1
38103000	Kindred of Rot	38100	-1	313	50	381000200	6	3810	-1	-1
38103040	Kindred of Rot (Sellia Tunnel)	38100	-1	313	50	381000200	6	3810	-1	-1
38103056	Kindred of Rot	38100	-1	313	50	381000200	6	3810	-1	-1
38109000	Kindred of Rot	38100	-1	313	50	-1	26	3810	-1	-1
38109040	Kindred of Rot	38100	-1	313	50	-1	26	3810	-1	-1
38500000	Marionette	38500	-1	179	50	385000000	6	-1	-1	-1
38500012	Marionette	38500	-1	179	50	385000000	6	-1	-1	-1
38500020	Marionette	38500	-1	179	50	385000000	6	-1	-1	-1
38500024	Marionette	38500	-1	179	50	385000000	6	-1	-1	-1
38500032	Marionette	38500	-1	179	50	385000000	54	-1	-1	-1
38500040	Marionette	38500	-1	179	50	385000000	6	-1	-1	-1
38500050	Marionette	38500	-1	179	50	385000000	6	-1	-1	-1
38501000	Marionette	38500	-1	179	50	385000100	6	-1	-1	-1
38501012	Marionette	38500	-1	179	50	385000100	6	-1	-1	-1
38501020	Marionette	38500	-1	179	50	385000100	6	-1	-1	-1
38501024	Marionette	38500	-1	179	50	385000100	6	-1	-1	-1
38501032	Marionette	38500	-1	179	50	385000100	54	-1	-1	-1
38501040	Marionette	38500	-1	179	50	385000100	6	-1	-1	-1
38501050	Marionette	38500	-1	179	50	385000100	6	-1	-1	-1
38501100	Marionette	38500	-1	179	50	385000100	6	-1	-1	-1
38501140	Marionette	38500	-1	179	50	385000100	6	-1	-1	-1
38501200	Marionette	38500	-1	179	50	385000100	6	-1	-1	-1
38501240	Marionette	38500	-1	179	50	385000100	6	-1	-1	-1
38502000	Marionette	38500	-1	179	50	385000200	6	-1	-1	-1
38502012	Marionette	38500	-1	179	50	385000200	6	-1	-1	-1
38502020	Marionette	38500	-1	179	50	385000200	6	-1	-1	-1
38502024	Marionette	38500	-1	179	50	385000200	6	-1	-1	-1
38502032	Marionette	38500	-1	179	50	385000200	54	-1	-1	-1
38502040	Marionette	38500	-1	179	50	385000200	6	-1	-1	-1
38502050	Marionette	38500	-1	179	50	385000200	6	-1	-1	-1
38600000	Avionette	38600	-1	173	50	386000000	6	-1	-1	-1
38600020	Avionette	38600	-1	173	50	386000000	6	-1	-1	-1
38600030	Avionette	38600	-1	173	50	386000000	6	-1	-1	-1
38600032	Avionette	38600	-1	173	50	386000000	6	-1	-1	-1
38600040	Avionette	38600	-1	173	50	386000000	6	-1	-1	-1
38600050	Avionette	38600	-1	173	50	386000000	6	-1	-1	-1
38600100	Avionette	38600	-1	173	50	386000000	6	-1	-1	-1
38600132	Avionette	38600	-1	173	50	386000000	6	-1	-1	-1
38600140	Avionette	38600	-1	173	50	386000000	6	-1	-1	-1
38600150	Avionette	38600	-1	173	50	386000000	6	-1	-1	-1
38600200	Avionette	38600	-1	173	50	386000000	6	-1	-1	-1
38600500	Avionette	38600	-1	173	50	386000000	6	-1	-1	-1
38600532	Avionette	38600	-1	173	50	386000000	6	-1	-1	-1
38600540	Avionette	38600	-1	173	50	386000000	6	-1	-1	-1
38600550	Avionette	38600	-1	173	50	386000000	6	-1	-1	-1
38600600	Avionette	38600	-1	173	50	386000000	6	-1	-1	-1
38600632	Avionette	38600	-1	173	50	386000000	6	-1	-1	-1
38601000	Avionette	38600	-1	173	50	386000000	6	-1	-1	-1
38601024	Avionette	38600	-1	173	50	386000000	6	-1	-1	-1
38601032	Avionette	38600	-1	173	50	386000000	6	-1	-1	-1
38601040	Avionette	38600	-1	173	50	386000000	6	-1	-1	-1
38601050	Avionette	38600	-1	173	50	386000000	6	-1	-1	-1
38601100	Avionette	38600	-1	173	50	386000000	6	-1	-1	-1
38601132	Avionette	38600	-1	173	50	386000000	6	-1	-1	-1
38601140	Avionette	38600	-1	173	50	386000000	6	-1	-1	-1
38601200	Avionette	38600	-1	173	50	386000000	6	-1	-1	-1
38601500	Avionette	38600	-1	173	50	386000000	6	-1	-1	-1
38601532	Avionette	38600	-1	173	50	386000000	6	-1	-1	-1
38601540	Avionette	38600	-1	173	50	386000000	6	-1	-1	-1
38601550	Avionette	38600	-1	173	50	386000000	6	-1	-1	-1
39000000	Fire Monk	39000	-1	594	50	390000000	6	-1	-1	-1
39000020	Fire Monk	39000	-1	594	50	390000000	6	-1	-1	-1
39000032	Fire Monk	39000	-1	594	50	390000000	66	-1	-1	-1
39000050	Fire Monk	39000	-1	594	50	390000000	6	-1	-1	-1
39001000	Fire Monk	39000	-1	594	50	390000100	6	-1	-1	-1
39001032	Fire Monk	39000	-1	594	50	390000100	66	-1	-1	-1
39001050	Fire Monk	39000	-1	594	50	390000100	6	-1	-1	-1
39010000	Fire Monk	39010	-1	594	50	390100000	6	-1	3900	3900
39010038	Blackflame Monk	39010	-1	594	50	390100000	6	-1	3900	3900
39011000	Blackflame Monk	39010	-1	594	50	390100100	6	-1	3900	3900
39011042	Blackflame Monk	39010	-1	594	50	390100100	6	-1	3900	3900
39100000	Fire Prelate	39100	-1	873	50	391000000	6	3910	-1	-1
39100032	Fire Prelate	39100	-1	873	50	391000700	66	3910	-1	-1
39100050	Fire Prelate	39100	-1	873	50	391000000	6	3910	-1	-1
39100100	Fire Prelate (Surcoat)	39100	-1	1164	50	391000100	6	3910	-1	-1
39100150	Fire Prelate (Surcoat)	39100	-1	1164	50	391000100	6	3910	-1	-1
39100200	Fire Prelate	39100	-1	1164	50	391000100	6	3910	-1	-1
39100250	Fire Prelate	39100	-1	1164	50	391000100	6	3910	-1	-1
39101000	Fire Prelate	39100	-1	873	50	391000200	6	3910	-1	-1
39101050	Fire Prelate	39100	-1	873	50	391000200	6	3910	-1	-1
39101100	Fire Prelate	39100	-1	1164	50	391000300	6	3910	-1	-1
39101150	Fire Prelate	39100	-1	1164	50	391000300	6	3910	-1	-1
39500000	Man-Serpent - Whip Cool	39500	-1	409	50	-1	6	-1	-1	-1
39500038	Man-Serpent	39500	-1	409	50	395000400	6	-1	-1	-1
39500100	Man-Serpent	39500	-1	409	50	-1	6	-1	-1	-1
39501000	Man-Serpent - Whip Hot	39500	-1	409	50	-1	6	-1	-1	-1
39501100	Man-Serpent	39500	-1	409	50	-1	6	-1	-1	-1
39501138	Man-Serpent	39500	-1	409	50	395000000	6	-1	-1	-1
39501200	Man-Serpent	39500	-1	409	50	-1	6	-1	-1	-1
39502000	Man-Serpent - Magma Blade Cool	39500	-1	409	50	-1	6	-1	-1	-1
39502038	Man-Serpent	39500	-1	409	50	395000100	6	-1	-1	-1
39502100	Man-Serpent	39500	-1	409	50	-1	6	-1	-1	-1
39503000	Man-Serpent - Magma Blade Hot	39500	-1	409	50	-1	6	-1	-1	-1
39503038	Man-Serpent	39500	-1	409	50	395000200	6	-1	-1	-1
39503100	Man-Serpent	39500	-1	409	50	-1	6	-1	-1	-1
39503200	Man-Serpent	39500	-1	409	50	-1	6	-1	-1	-1
39504000	Man-Serpent - Egghead	39500	-1	289	50	-1	6	3950	-1	-1
39504038	Man-Serpent	39500	-1	289	50	395000300	6	3950	-1	-1
39509000	Zorayas the Scout	39500	-1	289	50	-1	6	3950	-1	-1
39509038	Zorayas the Scout	39500	-1	289	50	-1	0	3950	-1	-1
39509138	Zorayas the Scout	39500	-1	289	50	-1	26	3950	-1	-1
39700000	Azula Beastman	39700	-1	250	100	-1	6	-1	-1	-1
39700072	Azula Beastman	39700	-1	250	100	397000000	6	-1	-1	-1
39700100	Azula Beastman	39700	-1	250	100	-1	6	-1	-1	-1
39700172	Azula Beastman	39700	-1	250	100	397000100	6	-1	-1	-1
39700200	Azula Beastman	39700	-1	250	100	-1	6	-1	-1	-1
39700272	Azula Beastman	39700	-1	250	100	397000200	6	-1	-1	-1
39700300	Azula Beastman	39700	-1	250	100	-1	6	-1	-1	-1
39700372	Azula Beastman	39700	-1	250	100	397000300	6	-1	-1	-1
39700400	Azula Beastman	39700	-1	250	100	-1	6	-1	-1	-1
39700472	Azula Beastman	39700	-1	250	100	397000350	6	-1	-1	-1
39701000	Armored Beastman of Farum Azula	39700	-1	621	100	-1	6	-1	-1	-1
39701072	Armored Beastman of Farum Azula	39700	-1	621	100	397000700	6	-1	-1	-1
39701100	Armored Beastman of Farum Azula	39700	-1	621	100	-1	6	-1	-1	-1
39701172	Armored Beastman of Farum Azula	39700	-1	621	100	397000800	6	-1	-1	-1
39701200	Armored Beastman of Farum Azula	39700	-1	621	100	-1	6	-1	-1	-1
39701272	Armored Beastman of Farum Azula	39700	-1	250	100	397000750	6	-1	-1	-1
39701910	Beastman of Farum Azula (Limgrave Cave Boss)	39700	-1	621	100	-1	6	-1	-1	-1
39701942	Armored Beastman of Farum Azula (Boss)	39700	-1	621	100	-1	6	-1	-1	-1
39702000	Azula Beastman	39700	-1	250	100	-1	6	-1	-1	-1
39702072	Azula Beastman	39700	-1	250	100	397000400	6	-1	-1	-1
39702100	Azula Beastman	39700	-1	250	100	-1	6	-1	-1	-1
39702172	Azula Beastman	39700	-1	250	100	397000500	6	-1	-1	-1
39702200	Azula Beastman	39700	-1	250	100	-1	6	-1	-1	-1
39702272	Azula Beastman	39700	-1	250	100	397000410	6	-1	-1	-1
39702300	Azula Beastman	39700	-1	250	100	-1	6	-1	-1	-1
39702372	Azula Beastman	39700	-1	250	100	397000600	6	-1	-1	-1
39702942	Azula Beastman (Boss)	39700	-1	250	100	-1	6	-1	-1	-1
39703000	Azula Beastman	39700	-1	250	100	-1	6	-1	-1	-1
39703072	Azula Beastman	39700	-1	250	100	397000900	6	-1	-1	-1
39703100	Azula Beastman	39700	-1	250	100	-1	6	-1	-1	-1
39703172	Azula Beastman	39700	-1	250	100	397000910	6	-1	-1	-1
39709000	Azula Beastman	39700	-1	211	100	-1	6	-1	-1	-1
40000000	Revenant Follower	40000	-1	153	50	400000000	6	-1	-1	-1
40000020	Revenant Follower	40000	-1	153	50	400000000	6	-1	-1	-1
40000022	Revenant Follower	40000	-1	153	50	400000000	6	-1	-1	-1
40000030	Revenant Follower	40000	-1	153	50	400000000	6	-1	-1	-1
40000031	Revenant Follower (Shaded Castle)	40000	-1	153	50	400000000	6	-1	-1	-1
40000035	Revenant Follower	40000	-1	153	50	400000000	6	-1	-1	-1
40000040	Revenant Follower	40000	-1	153	50	400000000	6	-1	-1	-1
40000054	Revenant Follower	40000	-1	153	50	400000000	6	-1	-1	-1
40000100	Revenant Follower	40000	-1	115	50	400000100	6	-1	-1	-1
40000120	Revenant Follower	40000	-1	115	50	400000100	6	-1	-1	-1
40000140	Revenant Follower	40000	-1	115	50	400000100	6	-1	-1	-1
40000154	Revenant Follower	40000	-1	115	50	400000100	6	-1	-1	-1
40001000	Revenant Follower	40000	-1	250	50	400000200	6	-1	-1	-1
40001020	Revenant Follower	40000	-1	250	50	400000200	6	-1	-1	-1
40001030	Revenant Follower	40000	-1	250	50	400000200	6	-1	-1	-1
40001031	Revenant Follower (Shaded Castle)	40000	-1	250	50	400000200	6	-1	-1	-1
40001054	Revenant Follower	40000	-1	250	50	400000200	6	-1	-1	-1
40001130	Revenant Follower	40000	-1	250	50	400000200	6	-1	-1	-1
40200000	Royal Revenant	40200	-1	679	50	402000000	6	4020	-1	-1
40200003	Royal Revenant	40200	-1	679	50	402000000	6	4020	-1	-1
40200020	Royal Revenant	40200	-1	679	50	402000000	6	4020	-1	-1
40200022	Royal Revenant	40200	-1	679	50	402000000	6	4020	-1	-1
40200030	Royal Revenant	40200	-1	679	50	402000000	6	4020	-1	-1
40200031	Royal Revenant (Shaded Castle)	40200	-1	679	50	402000000	6	4020	-1	-1
40200035	Royal Revenant	40200	-1	679	50	402000000	6	4020	-1	-1
40200040	Royal Revenant	40200	-1	679	50	402000000	6	4020	-1	-1
40200056	Royal Revenant	40200	-1	679	50	402000000	6	4020	-1	-1
40200100	Royal Revenant	40200	-1	679	50	402000000	24	4020	-1	-1
40200130	Royal Revenant	40200	-1	679	50	402000000	6	4020	-1	-1
40200920	Royal Revenant (Boss)	40200	-1	679	50	-1	6	4020	-1	-1
40208000	Royal Revenant	40200	-1	679	50	402000000	6	4020	-1	-1
40208020	Royal Revenant	40200	-1	679	50	402020000	6	4020	-1	-1
40208022	Royal Revenant	40200	-1	679	50	402022000	6	4020	-1	-1
40208030	Royal Revenant	40200	-1	679	50	402030000	6	4020	-1	-1
40208031	Royal Revenant (Shaded Castle)	40200	-1	679	50	402031000	6	4020	-1	-1
40208035	Royal Revenant	40200	-1	679	50	402035000	6	4020	-1	-1
40208040	Royal Revenant	40200	-1	679	50	402040000	6	4020	-1	-1
40208056	Royal Revenant	40200	-1	679	50	402056000	6	4020	-1	-1
40208100	Royal Revenant	40200	-1	679	50	402000000	6	4020	-1	-1
40208122	Royal Revenant	40200	-1	679	50	402022010	6	4020	-1	-1
40208130	Royal Revenant	40200	-1	679	50	402030010	6	4020	-1	-1
40208131	Royal Revenant (Shaded Castle)	40200	-1	679	50	402031010	6	4020	-1	-1
40208156	Royal Revenant	40200	-1	679	50	402056010	6	4020	-1	-1
40208200	Royal Revenant	40200	-1	679	50	402000000	6	4020	-1	-1
40208230	Royal Revenant	40200	-1	679	50	402030020	6	4020	-1	-1
40208256	Royal Revenant	40200	-1	679	50	402056020	6	4020	-1	-1
40208300	Royal Revenant	40200	-1	679	50	402000000	6	4020	-1	-1
40208356	Royal Revenant	40200	-1	679	50	402056030	6	4020	-1	-1
40208400	Royal Revenant	40200	-1	679	50	402000000	6	4020	-1	-1
40208456	Royal Revenant	40200	-1	679	50	402056040	6	4020	-1	-1
40400000	Slug	40400	-1	105	50	404000000	6	-1	-1	-1
40400030	Slug	40400	-1	105	50	404000000	6	-1	-1	-1
40400031	Slug (Shaded Castle)	40400	-1	105	50	404000000	6	-1	-1	-1
40400033	Slug	40400	-1	105	50	404000000	6	-1	-1	-1
40400035	Slug	40400	-1	105	50	404000000	6	-1	-1	-1
40400040	Slug	40400	-1	105	50	404000000	6	-1	-1	-1
40400051	Slug	40400	-1	105	50	404000000	6	-1	-1	-1
40401000	Magma Slug	40400	-1	105	50	404000100	6	-1	-1	-1
40401032	Magma Slug	40400	-1	105	50	404000100	6	-1	-1	-1
40401038	Magma Slug	40400	-1	105	50	404000100	6	-1	-1	-1
40402000	Worm Slug	40400	-1	105	50	404000000	6	-1	-1	-1
40402030	Worm Slug	40400	-1	105	50	404000000	57	-1	-1	-1
40403000	Fire Slug	40400	-1	105	50	404000200	6	-1	-1	-1
40403010	Fire Slug	40400	-1	105	50	404000200	6	-1	-1	-1
40403020	Fire Slug	40400	-1	105	50	404000200	6	-1	-1	-1
40403033	Fire Slug	40400	-1	105	50	404000200	6	-1	-1	-1
40403050	Fire Slug	40400	-1	105	50	404000200	6	-1	-1	-1
40403052	Fire Slug	40400	-1	105	50	404000200	6	-1	-1	-1
40500000	Kaiden Sellsword	40500	-1	487	55	405000000	6	-1	-1	-1
40500010	Kaiden Sellsword	40500	-1	487	55	405000000	6	-1	-1	-1
40500012	Kaiden Sellsword	40500	-1	487	55	405000000	6	-1	-1	-1
40500013	Kaiden Sellsword	40500	-1	487	55	-1	6	-1	-1	-1
40500052	Kaiden Sellsword	40500	-1	487	55	405000000	6	-1	-1	-1
40500098	Kaiden Sellsword	40500	-1	487	55	405000000	6	-1	-1	-1
40500100	Kaiden Sellsword	40500	-1	487	55	405000000	6	-1	-1	-1
40509500	Kaiden Sellsword	40500	-1	99999	55	-1	8	-1	-1	-1
40600000	Horse	40600	8000	371	50	406000000	6	4060	-1	-1
40600010	Kaiden Sellsword Horse	40600	8000	371	50	406000000	6	4060	-1	-1
40600052	Kaiden Sellsword Horse	40600	8000	371	50	406000000	6	4060	-1	-1
40700000	Wolf	40700	-1	78	50	407000000	6	-1	-1	-1
40700009	Wolf	40700	-1	78	50	-1	6	-1	-1	-1
40700010	Wolf	40700	-1	78	50	407000000	48	-1	-1	-1
40700012	Wolf	40700	-1	78	50	407000000	6	-1	-1	-1
40700013	Wolf	40700	-1	78	50	-1	6	-1	-1	-1
40700020	Wolf	40700	-1	78	50	407000000	6	-1	-1	-1
40700030	Wolf	40700	-1	78	50	407000000	6	-1	-1	-1
40700032	Wolf	40700	-1	78	50	407000000	6	-1	-1	-1
40700033	Wolf	40700	-1	78	50	407000000	6	-1	-1	-1
40700036	Wolf	40700	-1	78	50	407000000	24	-1	-1	-1
40700042	Wolf	40700	-1	78	50	407000000	6	-1	-1	-1
40700051	Wolf	40700	-1	78	50	407000000	6	-1	-1	-1
40700052	Wolf	40700	-1	78	50	407000000	60	-1	-1	-1
40700065	Wolf	40700	-1	78	50	407000000	6	-1	-1	-1
40700100	Wolf	40700	-1	78	50	407000000	6	-1	-1	-1
40700110	Wolf	40700	-1	78	50	407000000	48	-1	-1	-1
40700112	Wolf	40700	-1	78	50	407000000	6	-1	-1	-1
40700152	Wolf	40700	-1	78	50	407000000	60	-1	-1	-1
40700165	Wolf	40700	-1	78	50	407000000	6	-1	-1	-1
40700550	Wolf	40700	-1	78	50	-1	6	-1	-1	-1
40700900	Wolf	40700	-1	78	50	407000000	6	-1	-1	-1
40701000	Wolf	40700	-1	78	50	407000000	6	-1	-1	-1
40701010	Wolf	40700	-1	78	50	407000000	6	-1	-1	-1
40701012	Wolf	40700	-1	78	50	407000000	6	-1	-1	-1
40702000	Wolf	40700	-1	78	50	407000000	6	-1	-1	-1
40702010	Wolf	40700	-1	78	50	407000000	6	-1	-1	-1
40702012	Wolf	40700	-1	78	50	407000000	6	-1	-1	-1
40708000	Wolf	40700	-1	78	50	407000000	6	-1	-1	-1
40708024	Wolf	40700	-1	78	50	407000000	6	-1	-1	-1
40709000	Wolf	40700	-1	78	50	407000000	6	-1	-1	-1
40710000	White Wolf	40700	4070	409	50	407100000	6	-1	4070	4070
40710009	White Wolf	40700	4070	409	50	-1	6	-1	4070	4070
40710010	White Wolf	40700	4070	409	50	407100000	48	-1	4070	4070
40710012	White Wolf	40700	4070	409	50	407100000	6	-1	4070	4070
40710020	White Wolf	40700	4070	409	50	407100000	6	-1	4070	4070
40710022	White Wolf	40700	4070	409	50	407100000	6	-1	4070	4070
40710030	White Wolf	40700	4070	409	50	407100000	6	-1	4070	4070
40710032	White Wolf	40700	4070	409	50	407100000	6	-1	4070	4070
40710033	White Wolf	40700	4070	409	50	407100000	6	-1	4070	4070
40710042	White Wolf	40700	4070	409	50	407100000	6	-1	4070	4070
40710051	White Wolf	40700	4070	409	50	407100000	6	-1	4070	4070
40710052	White Wolf	40700	4070	409	50	407100000	60	-1	4070	4070
40710065	White Wolf	40700	4070	409	50	407100000	6	-1	4070	4070
40710550	White Wolf	40700	4070	409	50	-1	6	-1	4070	4070
40800000	Rat	40800	-1	162	50	408000000	6	4080	4090	-1
40800010	Rat	40800	-1	162	50	408000000	6	4080	4090	-1
40800012	Rat	40800	-1	162	50	408000000	6	4080	4090	-1
40800013	Rat	40800	-1	162	50	408000000	6	4080	4090	-1
40800014	Rat (Stormveil Castle)	40800	-1	162	50	408000000	6	4080	4090	-1
40800020	Rat	40800	-1	162	50	408000000	6	4080	4090	-1
40800028	Rat	40800	-1	162	50	408000000	6	4080	4090	-1
40800030	Rat	40800	-1	162	50	408000100	6	4080	4090	-1
40800032	Rat	40800	-1	162	50	408000100	6	4080	4090	-1
40800034	Rat  (Leyndell)	40800	-1	162	50	408000100	6	4080	4090	-1
40800035	Rat	40800	-1	162	50	408000100	6	4080	4090	-1
40800040	Rat	40800	-1	162	50	408000100	6	4080	4090	-1
40800042	Rat	40800	-1	162	50	408000100	6	4080	4090	-1
40800050	Rat	40800	-1	162	50	408000100	6	4080	4090	-1
40800051	Rat	40800	-1	162	50	408000100	6	4080	4090	-1
40800052	Rat	40800	-1	162	50	408000100	6	4080	4090	-1
40800054	Rat	40800	-1	162	50	408000100	6	4080	4090	-1
40800064	Rat (Siofra River)	40800	-1	162	50	408000000	6	4080	4090	-1
40800065	Rat	40800	-1	162	50	408000100	6	4080	4090	-1
40800100	Rat	40800	-1	162	50	408000000	6	4080	4090	-1
40800134	Rat (Leyndell)	40800	-1	162	50	408000100	6	4080	4090	-1
40800210	Rat	40800	-1	162	50	408000000	6	4080	4090	-1
40800212	Rat	40800	-1	162	50	408000000	6	4080	4090	-1
40800300	Rat	40800	-1	162	50	408000200	6	4080	4090	-1
40800312	Rat	40800	-1	162	50	408000200	6	4080	4090	-1
40800320	Rat	40800	-1	162	50	408000200	6	4080	4090	-1
40800352	Rat	40800	-1	162	50	408000300	6	4080	4090	-1
40900000	Giant Rat	40900	-1	556	50	409000000	6	-1	4090	-1
40900010	Giant Rat	40900	-1	556	50	409000000	6	-1	4090	-1
40900012	Giant Rat	40900	-1	556	50	409000000	6	-1	4090	-1
40900014	Giant Rat (Stormveil Castle)	40900	-1	556	50	409000000	6	-1	4090	-1
40900020	Giant Rat	40900	-1	556	50	409000000	6	-1	4090	-1
40900030	Giant Rat	40900	-1	556	50	409000100	6	-1	4090	-1
40900032	Giant Rat	40900	-1	556	50	409000100	6	-1	4090	-1
40900034	Giant Rat (Leyndell)	40900	-1	556	50	409000100	6	-1	4090	-1
40900035	Giant Rat	40900	-1	556	50	409000100	6	-1	4090	-1
40900040	Giant Rat	40900	-1	556	50	409000100	6	-1	4090	-1
40900042	Giant Rat	40900	-1	556	50	409000100	6	-1	4090	-1
40900054	Giant Rat	40900	-1	556	50	409000100	6	-1	4090	-1
40900064	Giant Rat (Siofra River)	40900	-1	556	50	409000000	6	-1	4090	-1
40900210	Giant Rat	40900	-1	556	50	409000000	6	-1	4090	-1
40900300	Giant Rat	40900	-1	556	50	409000200	6	-1	4090	-1
40900312	Giant Rat	40900	-1	556	50	409000200	6	-1	4090	-1
40900320	Giant Rat	40900	-1	556	50	409000200	6	-1	4090	-1
40900352	Giant Rat	40900	-1	556	50	409000300	6	-1	4090	-1
41000000	Demi-Human	41000	-1	119	10	410000000	6	-1	-1	-1
41000010	Demi-Human	41000	-1	119	10	410000000	51	-1	-1	-1
41000012	Demi-Human	41000	-1	119	10	410000000	6	-1	-1	-1
41000020	Demi-Human	41000	-1	119	10	410000000	6	-1	-1	-1
41000030	Demi-Human	41000	-1	119	10	410000000	9	-1	-1	-1
41000032	Demi-Human	41000	-1	119	10	410000010	6	-1	-1	-1
41000040	Demi-Human	41000	-1	119	10	410000000	6	-1	-1	-1
41000042	Demi-Human	41000	-1	119	10	410000000	6	-1	-1	-1
41000050	Demi-Human	41000	-1	119	10	410000000	48	-1	-1	-1
41000200	Demi-Human	41000	-1	119	10	410000000	6	-1	-1	-1
41000212	Demi-Human	41000	-1	119	10	410000000	6	-1	-1	-1
41000910	Demi-Human	41000	-1	119	10	-1	6	-1	-1	-1
41001000	Demi-Human	41000	-1	119	50	410000100	6	-1	-1	-1
41001009	Demi-Human	41000	-1	119	50	-1	6	-1	-1	-1
41001010	Demi-Human	41000	-1	119	50	410000100	51	-1	-1	-1
41001012	Demi-Human	41000	-1	119	50	410000100	6	-1	-1	-1
41001020	Demi-Human	41000	-1	119	50	410000100	6	-1	-1	-1
41001030	Demi-Human	41000	-1	119	50	410000100	9	-1	-1	-1
41001032	Demi-Human	41000	-1	119	50	410000110	6	-1	-1	-1
41001040	Demi-Human	41000	-1	119	50	410000100	6	-1	-1	-1
41001042	Demi-Human	41000	-1	119	50	410000100	6	-1	-1	-1
41001050	Demi-Human	41000	-1	119	50	410000100	48	-1	-1	-1
41001130	Demi-Human	41000	-1	119	50	410000100	9	-1	-1	-1
41001200	Demi-Human	41000	-1	119	50	410000100	6	-1	-1	-1
41001212	Demi-Human	41000	-1	119	50	410000100	6	-1	-1	-1
41002000	Demi-Human	41000	-1	119	50	410000200	6	-1	-1	-1
41002010	Demi-Human	41000	-1	119	50	410000200	51	-1	-1	-1
41002012	Demi-Human	41000	-1	119	50	410000200	6	-1	-1	-1
41002020	Demi-Human	41000	-1	119	50	410000200	6	-1	-1	-1
41002030	Demi-Human	41000	-1	119	50	410000200	9	-1	-1	-1
41002032	Demi-Human	41000	-1	119	50	410000210	6	-1	-1	-1
41002040	Demi-Human	41000	-1	119	50	410000200	6	-1	-1	-1
41002042	Demi-Human	41000	-1	119	50	410000200	6	-1	-1	-1
41002050	Demi-Human	41000	-1	119	50	410000200	48	-1	-1	-1
41002200	Demi-Human	41000	-1	119	50	410000200	6	-1	-1	-1
41002212	Demi-Human	41000	-1	119	50	410000200	6	-1	-1	-1
41002910	Demi-Human	41000	-1	119	50	-1	6	-1	-1	-1
41009000	Demi-Human	41000	-1	119	10	410000000	6	-1	-1	-1
41009100	Demi-Human	41000	-1	119	10	410000000	2	-1	-1	-1
41009200	Demi-Human	41000	-1	119	10	410000000	29	-1	-1	-1
41010000	Large Demi-Human	41010	4100	233	50	410100000	6	-1	4100	4100
41010010	Large Demi-Human	41010	4100	233	50	410100000	51	-1	4100	4100
41010012	Large Demi-Human	41010	4100	233	50	410100000	6	-1	4100	4100
41010020	Large Demi-Human	41010	4100	233	50	410100000	6	-1	4100	4100
41010030	Large Demi-Human	41010	4100	233	50	410100000	9	-1	4100	4100
41010032	Large Demi-Human	41010	4100	233	50	410100010	6	-1	4100	4100
41010050	Large Demi-Human	41010	4100	233	50	410100000	48	-1	4100	4100
41100000	Demi-Human Shaman	41100	-1	85	50	411000000	6	-1	4100	-1
41100010	Demi-Human Shaman	41100	-1	85	50	411000000	51	-1	4100	-1
41100012	Demi-Human Shaman	41100	-1	85	50	411000000	6	-1	4100	-1
41100020	Demi-Human Shaman	41100	-1	85	50	411000000	6	-1	4100	-1
41100030	Demi-Human Shaman	41100	-1	85	50	411000000	9	-1	4100	-1
41100032	Demi-Human Shaman	41100	-1	85	50	411000000	6	-1	4100	-1
41100036	Demi-Human Shaman	41100	-1	85	50	411000000	24	-1	4100	-1
41100050	Demi-Human Shaman	41100	-1	85	50	411000000	48	-1	4100	-1
41109000	Demi-Human Boc	41100	-1	599	50	-1	26	-1	4100	-1
41109010	Demi-Human Boc	41100	-1	599	50	-1	26	-1	4100	-1
41109020	Boc the Seamster	41100	-1	599	50	-1	26	-1	4100	-1
41109024	Boc the Seamster	41100	-1	85	50	-1	0	-1	4100	-1
41109030	Boc the Seamster	41100	-1	599	50	-1	26	-1	4100	-1
41109034	Boc the Seamster	41100	-1	599	50	-1	26	-1	4100	-1
41109100	Boc the Seamster	41100	-1	599	50	-1	26	-1	4100	-1
41109110	Demi-Human Boc	41100	-1	0	50	-1	26	-1	4100	-1
41109120	Boc the Seamster	41100	-1	599	50	-1	26	-1	4100	-1
41109134	Boc the Seamster	41100	-1	599	50	-1	26	-1	4100	-1
41109170	Boc the Seamster	41100	-1	599	50	-1	26	-1	4100	-1
41200000	Demi-Human Chief	41200	-1	534	50	412000000	6	4120	-1	-1
41200009	Demi-Human Chief	41200	-1	534	50	-1	6	4120	-1	-1
41200012	Demi-Human Chief	41200	-1	534	50	412000000	6	4120	-1	-1
41200020	Demi-Human Chief	41200	-1	534	50	412000000	6	4120	-1	-1
41200030	Demi-Human Chief	41200	-1	534	50	412000000	9	4120	-1	-1
41200032	Demi-Human Chief	41200	-1	534	50	412000000	6	4120	-1	-1
41200040	Demi-Human Chief	41200	-1	534	50	412000000	6	4120	-1	-1
41200042	Demi-Human Chief	41200	-1	534	50	412000000	6	4120	-1	-1
41200050	Demi-Human Chief	41200	-1	534	50	412000000	48	4120	-1	-1
41200100	Demi-Human Chief	41200	-1	534	50	-1	6	4120	-1	-1
41200910	Demi-Human Chief (Duo Boss)	41200	-1	534	50	-1	6	4120	-1	-1
41300000	Demi-Human Queen	41300	-1	911	50	413000000	6	4130	-1	-1
41300012	Demi-Human Queen	41300	-1	911	50	-1	6	4130	-1	-1
41300032	Demi-Human Queen Maggie	41300	-1	911	50	-1	6	4130	-1	-1
41301000	Demi-Human Queen	41300	-1	1222	50	413000000	6	4130	-1	-1
41301030	Demi-Human Queen Gilika	41300	-1	1222	50	-1	6	4130	-1	-1
41301932	Demi-Human Queen Margot	41300	-1	1222	50	-1	6	4130	-1	-1
41400000	Snail	41400	-1	126	50	414000000	6	-1	-1	-1
41400035	Snail	41400	-1	126	50	414000000	6	-1	-1	-1
41400038	Snail	41400	-1	126	50	414000000	6	-1	-1	-1
41400062	Snail	41400	-1	126	50	414000000	6	-1	-1	-1
41401000	Snail	41400	-1	190	50	414000050	6	-1	-1	-1
41401034	Snail (Leyndell)	41400	-1	190	50	414000050	6	-1	-1	-1
41402000	Snail	41400	-1	190	50	414000100	6	-1	-1	-1
41402020	Snail	41400	-1	190	50	414000100	6	-1	-1	-1
41402035	Snail	41400	-1	190	50	414000100	6	-1	-1	-1
41402050	Snail	41400	-1	190	50	414000100	6	-1	-1	-1
41402054	Snail	41400	-1	190	50	414000100	6	-1	-1	-1
41402100	Snail	41400	-1	190	50	414000100	6	-1	-1	-1
41402920	Spiritcaller Snail	41400	-1	380	50	-1	6	-1	-1	-1
41402950	Spiritcaller Snail	41400	-1	190	50	-1	6	-1	-1	-1
41403000	Snail	41400	-1	190	50	414000200	6	-1	-1	-1
41403032	Snail	41400	-1	190	50	414000200	6	-1	-1	-1
41403033	Snail	41400	-1	190	50	414000200	6	-1	-1	-1
41403050	Snail	41400	-1	190	50	414000200	6	-1	-1	-1
41403833	Snail	41400	-1	190	50	414033200	6	-1	-1	-1
41403930	Snail	41400	-1	190	50	-1	6	-1	-1	-1
41404000	Snail	41400	-1	126	50	414000300	6	-1	-1	-1
41404020	Snail	41400	-1	126	50	414000300	6	-1	-1	-1
41404022	Snail	41400	-1	126	50	414000300	6	-1	-1	-1
41404030	Snail	41400	-1	126	50	414000300	6	-1	-1	-1
41404040	Snail	41400	-1	126	50	414000300	6	-1	-1	-1
41404052	Snail	41400	-1	126	50	414000300	6	-1	-1	-1
41409000	Snail	41400	-1	1070	50	-1	6	-1	-1	-1
41500000	Basilisk	41500	-1	338	50	415000000	6	-1	-1	-1
41500030	Basilisk	41500	-1	338	50	415000000	6	-1	-1	-1
41500031	Basilisk (Shaded Castle)	41500	-1	338	50	415000000	6	-1	-1	-1
41500032	Basilisk	41500	-1	338	50	415000000	6	-1	-1	-1
41500033	Basilisk	41500	-1	338	50	415000000	6	-1	-1	-1
41500035	Basilisk	41500	-1	338	50	415000000	6	-1	-1	-1
41500038	Basilisk	41500	-1	338	50	415000000	6	-1	-1	-1
41500040	Basilisk	41500	-1	338	50	415000000	6	-1	-1	-1
41500060	Basilisk (Ainsel River)	41500	-1	338	50	415000000	6	-1	-1	-1
41500062	Basilisk	41500	-1	338	50	415000000	6	-1	-1	-1
41500066	Basilisk	41500	-1	338	50	415000000	6	-1	-1	-1
41500100	Basilisk	41500	-1	338	50	415000000	6	-1	-1	-1
41500862	Basilisk	41500	-1	338	50	415062000	6	-1	-1	-1
41600000	Large Stray	41600	-1	338	50	416000000	6	-1	4160	-1
41600014	Large Stray (Stormveil Castle)	41600	-1	338	50	416000000	6	-1	4160	-1
41600024	Large Stray	41600	-1	338	50	416000000	6	-1	4160	-1
41600031	Large Stray (Shaded Castle)	41600	-1	338	50	416000000	6	-1	4160	-1
41600032	Large Stray	41600	-1	338	50	416000000	9	-1	4160	-1
41600034	Large Stray (Leyndell)	41600	-1	338	50	416000000	6	-1	4160	-1
41600035	Large Stray	41600	-1	338	50	416000000	6	-1	4160	-1
41601000	Large Stray	41600	-1	338	50	416000000	6	-1	4160	-1
41601010	Large Stray	41600	-1	338	50	416000000	6	-1	4160	-1
41601020	Large Stray	41600	-1	338	50	416000000	6	-1	4160	-1
41602000	Large Stray	41600	-1	338	50	416000000	6	-1	4160	-1
41602050	Large Stray	41600	-1	338	50	416000000	6	-1	4160	-1
41610000	Stray	41610	-1	162	50	416100000	6	-1	4160	4160
41610010	Stray	41610	-1	162	50	416100000	6	-1	4160	4160
41610012	Stray	41610	-1	162	50	416100000	6	-1	4160	4160
41610013	Stray	41610	-1	162	50	416100000	6	-1	4160	4160
41610014	Stray (Stormveil Castle)	41610	-1	162	50	416100000	6	-1	4160	4160
41610020	Stray (Village of the Albinaurics)	41610	-1	162	50	416100000	6	-1	4160	4160
41610024	Stray	41610	-1	162	50	416100000	6	-1	4160	4160
41610030	Stray	41610	-1	162	50	416100000	6	-1	4160	4160
41610031	Stray (Shaded Castle)	41610	-1	162	50	416100000	6	-1	4160	4160
41610032	Stray	41610	-1	162	50	416100000	9	-1	4160	4160
41610033	Stray	41610	-1	162	50	416100000	6	-1	4160	4160
41610034	Stray (Leyndell)	41610	-1	162	50	416100000	6	-1	4160	4160
41610038	Stray	41610	-1	162	50	416100000	6	-1	4160	4160
41610040	Stray	41610	-1	162	50	416100000	6	-1	4160	4160
41610041	Stray	41610	-1	162	50	416100000	6	-1	4160	4160
41610050	Stray	41610	-1	162	50	416100000	6	-1	4160	4160
41610064	Stray (Siofra River)	41610	-1	162	50	416100000	6	-1	4160	4160
41610200	Stray	41610	-1	162	50	416100000	6	-1	4160	4160
41610210	Stray	41610	-1	162	50	416100000	6	-1	4160	4160
41610212	Stray	41610	-1	162	50	416100000	6	-1	4160	4160
41610220	Stray	41610	-1	162	50	416100000	6	-1	4160	4160
41610252	Stray	41610	-1	162	50	416100000	6	-1	4160	4160
41610300	Stray	41610	-1	162	50	416100000	6	-1	4160	4160
41610350	Stray	41610	-1	162	50	416100000	6	-1	4160	4160
41620000	Large Azula Stray	41600	-1	338	50	416000010	6	-1	4160	4160
41620072	Large Azula Stray	41600	-1	338	50	416000010	6	-1	4160	4160
41630000	Azula Stray	41610	-1	162	50	416100010	6	-1	4160	4160
41630072	Azula Stray	41610	-1	162	50	416100010	6	-1	4160	4160
41640000	Large Bloodbane Stray	41600	-1	338	50	416000000	6	-1	4160	4160
41640030	Large Bloodbane Stray	41600	-1	338	50	416000000	51	-1	4160	4160
41640052	Large Bloodbane Stray	41600	-1	338	50	416000000	6	-1	4160	4160
41640830	Large Bloodbane Stray	41600	-1	338	50	416030100	6	-1	4160	4160
41650000	Bloodbane Stray	41610	-1	162	50	416100000	6	-1	4160	4160
41650030	Bloodbane Stray	41610	-1	162	50	416100000	51	-1	4160	4160
41650052	Bloodbane Stray	41610	-1	162	50	416100000	6	-1	4160	4160
41650068	Bloodbane Stray	41610	-1	162	50	416100000	6	-1	4160	4160
41650830	Bloodbane Stray	41610	-1	162	50	416100130	6	-1	4160	4160
41650935	Bloodbane Stray (Boss)	41610	-1	162	50	-1	33	-1	4160	4160
41660000	Large Rotten Stray	41600	-1	338	50	416000000	6	-1	4160	4160
41660040	Large Rotten Stray	41600	-1	338	50	416000000	51	-1	4160	4160
41660042	Large Rotten Stray	41600	-1	338	50	416000000	6	-1	4160	4160
41670000	Rotten Stray	41610	-1	162	50	416100000	6	-1	4160	4160
41670040	Rotten Stray	41610	-1	162	50	416100000	51	-1	4160	4160
41700000	Putrid Flesh	41700	-1	275	50	417000000	6	-1	-1	-1
41700010	Putrid Flesh	41700	-1	275	50	417000000	6	-1	-1	-1
41700013	Putrid Flesh	41700	-1	275	50	417000000	6	-1	-1	-1
41700020	Putrid Flesh	41700	-1	275	50	417000000	6	-1	-1	-1
41700030	Putrid Flesh	41700	-1	275	50	417000000	51	-1	-1	-1
41700032	Putrid Flesh	41700	-1	275	50	417000000	51	-1	-1	-1
41700040	Putrid Flesh	41700	-1	275	50	417000000	6	-1	-1	-1
41700100	Putrid Flesh (Blood)	41700	-1	275	50	417000100	6	-1	-1	-1
41700110	Putrid Flesh (Blood)	41700	-1	275	50	417000100	6	-1	-1	-1
41700130	Putrid Flesh (Blood)	41700	-1	275	50	417000100	6	-1	-1	-1
41700140	Putrid Flesh (Blood)	41700	-1	275	50	417000100	6	-1	-1	-1
41700141	Putrid Flesh (Blood)	41700	-1	275	50	417000100	6	-1	-1	-1
41700152	Putrid Flesh (Blood)	41700	-1	275	50	417000100	6	-1	-1	-1
41700200	Putrid Flesh (Rotten)	41700	-1	275	50	417000200	6	-1	-1	-1
41700240	Putrid Flesh (Rotten)	41700	-1	275	50	417000200	6	-1	-1	-1
41700300	Putrid Flesh (Green)	41700	-1	275	50	417000200	6	-1	-1	-1
41700312	Putrid Flesh (Green)	41700	-1	275	50	417000200	6	-1	-1	-1
41700332	Putrid Flesh (Green)	41700	-1	275	50	417000200	6	-1	-1	-1
41710000	Giant Putrid Flesh (Blood)	41710	4170	1893	50	417100000	7	-1	4170	4170
41710400	Giant Putrid Flesh (Blood)	41710	4170	1893	50	417100200	7	-1	4170	4170
41710430	Giant Putrid Flesh (Blood)	41710	4170	1893	50	417100200	7	-1	4170	4170
41710468	Giant Putrid Flesh (Blood)	41710	4170	1893	50	417100200	7	-1	4170	4170
41800000	Spirit Jellyfish	41800	-1	223	50	418000000	6	-1	-1	-1
41800010	Spirit Jellyfish	41800	-1	223	50	418000010	6	-1	-1	-1
41800012	Spirit Jellyfish	41800	-1	223	50	418000010	6	-1	-1	-1
41800020	Spirit Jellyfish	41800	-1	223	50	418000020	6	-1	-1	-1
41800030	Spirit Jellyfish	41800	-1	223	50	418000040	6	-1	-1	-1
41800032	Spirit Jellyfish	41800	-1	223	50	418000040	6	-1	-1	-1
41800033	Spirit Jellyfish	41800	-1	223	50	418000040	6	-1	-1	-1
41800050	Spirit Jellyfish	41800	-1	223	50	418000050	6	-1	-1	-1
41800052	Spirit Jellyfish	41800	-1	223	50	418000050	6	-1	-1	-1
41800065	Spirit Jellyfish	41800	-1	223	50	418000040	6	-1	-1	-1
41800100	Spirit Jellyfish	41800	-1	223	50	418000000	6	-1	-1	-1
41800110	Spirit Jellyfish	41800	-1	223	50	418000010	6	-1	-1	-1
41800112	Spirit Jellyfish	41800	-1	223	50	418000010	6	-1	-1	-1
41800120	Spirit Jellyfish	41800	-1	223	50	418000020	6	-1	-1	-1
41800152	Spirit Jellyfish	41800	-1	223	50	418000050	6	-1	-1	-1
41800200	Spirit Jellyfish	41800	-1	223	50	-1	6	-1	-1	-1
41800210	Spirit Jellyfish	41800	-1	223	50	-1	6	-1	-1	-1
41800300	Spirit Jellyfish	41800	-1	223	50	418000000	24	-1	-1	-1
41800312	Spirit Jellyfish	41800	-1	223	50	418000010	24	-1	-1	-1
41800852	Spirit Jellyfish	41800	-1	223	50	418052500	6	-1	-1	-1
41801000	Spirit Jellyfish	41800	-1	223	50	418000010	6	-1	-1	-1
41801013	Spirit Jellyfish	41800	-1	223	50	418000010	6	-1	-1	-1
41809000	Spirit Jellyfish	41800	-1	223	50	-1	26	-1	-1	-1
41809050	Aurelia (Jellyfish)	41800	-1	223	50	-1	26	-1	-1	-1
41900000	Large Crimson Tear Scarab	41900	-1	213	50	-1	6	4190	4190	-1
41900050	Large Crimson Tear Scarab	41900	-1	213	50	-1	6	4190	4190	-1
41900052	Large Crimson Tear Scarab	41900	-1	213	50	-1	6	4190	4190	-1
41901000	Large Cerulean Tear Scarab	41900	-1	213	50	-1	6	4190	4190	-1
41901050	Large Cerulean Tear Scarab	41900	-1	213	50	-1	6	4190	4190	-1
41901052	Large Cerulean Tear Scarab	41900	-1	213	50	-1	6	4190	4190	-1
41902000	Large Ash of War Scarab	41900	-1	213	50	-1	6	4190	4190	-1
41902020	Large Ash of War Scarab	41900	-1	213	50	-1	6	4190	4190	-1
41902032	Large Ash of War Scarab	41900	-1	213	50	-1	6	4190	4190	-1
41902050	Large Ash of War Scarab	41900	-1	213	50	-1	6	4190	4190	-1
41902052	Large Ash of War Scarab	41900	-1	213	50	-1	6	4190	4190	-1
41902100	Large Ash of War Scarab	41900	-1	213	50	-1	6	4190	4190	-1
41902150	Large Ash of War Scarab	41900	-1	213	50	-1	6	4190	4190	-1
41902152	Large Ash of War Scarab	41900	-1	213	50	-1	6	4190	4190	-1
41902200	Large Ash of War Scarab	41900	-1	99	50	-1	6	4190	4190	-1
41902250	Large Ash of War Scarab	41900	-1	99	50	-1	6	4190	4190	-1
41902252	Large Ash of War Scarab	41900	-1	99	50	-1	6	4190	4190	-1
41903000	Large Glintstone Scarab	41900	-1	213	50	-1	6	4190	4190	-1
41903050	Large Glintstone Scarab	41900	-1	213	50	-1	6	4190	4190	-1
41903052	Large Glintstone Scarab	41900	-1	213	50	-1	6	4190	4190	-1
41903100	Large Glintstone Scarab	41900	-1	213	50	-1	6	4190	4190	-1
41903150	Large Glintstone Scarab	41900	-1	213	50	-1	6	4190	4190	-1
41903152	Large Glintstone Scarab	41900	-1	213	50	-1	6	4190	4190	-1
41903200	Large Glintstone Scarab	41900	-1	99	50	-1	6	4190	4190	-1
41903250	Large Glintstone Scarab	41900	-1	99	50	-1	6	4190	4190	-1
41903252	Large Glintstone Scarab	41900	-1	99	50	-1	6	4190	4190	-1
41904000	Large Incantation Scarab	41900	-1	213	50	-1	6	4190	4190	-1
41904050	Large Incantation Scarab	41900	-1	213	50	-1	6	4190	4190	-1
41904052	Large Incantation Scarab	41900	-1	213	50	-1	6	4190	4190	-1
41904100	Large Incantation Scarab	41900	-1	213	50	-1	6	4190	4190	-1
41904150	Large Incantation Scarab	41900	-1	213	50	-1	6	4190	4190	-1
41904152	Large Incantation Scarab	41900	-1	213	50	-1	6	4190	4190	-1
41904200	Large Incantation Scarab	41900	-1	99	50	-1	6	4190	4190	-1
41904250	Large Incantation Scarab	41900	-1	99	50	-1	6	4190	4190	-1
41904252	Large Incantation Scarab	41900	-1	99	50	-1	6	4190	4190	-1
41905000	Large Smithing Stone Scarab	41900	-1	213	50	-1	6	4190	4190	-1
41905050	Large Smithing Stone Scarab	41900	-1	213	50	-1	6	4190	4190	-1
41905052	Large Smithing Stone Scarab	41900	-1	213	50	-1	6	4190	4190	-1
41905100	Large Smithing Stone Scarab	41900	-1	213	50	-1	6	4190	4190	-1
41905200	Large Smithing Stone Scarab	41900	-1	99	50	-1	6	4190	4190	-1
41905364	Large Smithing Stone Scarab	41900	-1	213	50	419000000	6	4190	4190	-1
41906110	Large Scarab	41900	-1	213	50	419000000	6	4190	4190	-1
41907310	Large Scarab	41900	-1	213	50	419000000	6	4190	4190	-1
41908110	Large Scarab	41900	-1	6	50	419000000	6	4190	4190	-1
41909112	Large Scarab	41900	-1	99	50	419000000	6	4190	4190	-1
41910000	Crimson Tear Scarab	41910	4190	154	50	-1	6	4191	4190	4190
41910010	Crimson Tear Scarab	41910	4190	154	50	-1	6	4191	4190	4190
41910012	Crimson Tear Scarab	41910	4190	154	50	-1	6	4191	4190	4190
41910020	Crimson Tear Scarab	41910	4190	154	50	-1	6	4191	4190	4190
41910022	Crimson Tear Scarab	41910	4190	154	50	-1	6	4191	4190	4190
41910030	Crimson Tear Scarab	41910	4190	154	50	-1	6	4191	4190	4190
41910032	Crimson Tear Scarab	41910	4190	154	50	-1	6	4191	4190	4190
41910035	Crimson Tear Scarab	41910	4190	154	50	-1	6	4191	4190	4190
41910040	Crimson Tear Scarab	41910	4190	154	50	-1	6	4191	4190	4190
41910041	Crimson Tear Scarab	41910	4190	154	50	-1	6	4191	4190	4190
41910050	Crimson Tear Scarab	41910	4190	154	50	-1	6	4191	4190	4190
41910052	Crimson Tear Scarab	41910	4190	154	50	-1	6	4191	4190	4190
41910054	Crimson Tear Scarab	41910	4190	154	50	-1	6	4191	4190	4190
41910056	Crimson Tear Scarab	41910	4190	154	50	-1	6	4191	4190	4190
41910060	Crimson Tear Scarab	41910	4190	154	50	-1	6	4191	4190	4190
41910062	Crimson Tear Scarab	41910	4190	154	50	-1	6	4191	4190	4190
41910064	Crimson Tear Scarab	41910	4190	154	50	-1	6	4191	4190	4190
41910065	Crimson Tear Scarab	41910	4190	154	50	-1	6	4191	4190	4190
41910066	Crimson Tear Scarab	41910	4190	154	50	-1	6	4191	4190	4190
41910068	Crimson Tear Scarab	41910	4190	154	50	-1	6	4191	4190	4190
41911000	Cerulean Tear Scarab	41910	4190	154	50	-1	6	4191	4190	4190
41911010	Cerulean Tear Scarab	41910	4190	154	50	-1	6	4191	4190	4190
41911020	Cerulean Tear Scarab	41910	4190	154	50	-1	6	4191	4190	4190
41911022	Cerulean Tear Scarab	41910	4190	154	50	-1	6	4191	4190	4190
41911030	Cerulean Tear Scarab	41910	4190	154	50	-1	6	4191	4190	4190
41911035	Cerulean Tear Scarab	41910	4190	154	50	-1	6	4191	4190	4190
41911050	Cerulean Tear Scarab	41910	4190	154	50	-1	6	4191	4190	4190
41911052	Cerulean Tear Scarab	41910	4190	154	50	-1	6	4191	4190	4190
41911054	Cerulean Tear Scarab	41910	4190	154	50	-1	6	4191	4190	4190
41911056	Cerulean Tear Scarab	41910	4190	154	50	-1	6	4191	4190	4190
41911060	Cerulean Tear Scarab	41910	4190	154	50	-1	6	4191	4190	4190
41911062	Cerulean Tear Scarab	41910	4190	154	50	-1	6	4191	4190	4190
41911064	Cerulean Tear Scarab	41910	4190	154	50	-1	6	4191	4190	4190
41911065	Cerulean Tear Scarab	41910	4190	154	50	-1	6	4191	4190	4190
41911066	Cerulean Tear Scarab	41910	4190	154	50	-1	6	4191	4190	4190
41911068	Cerulean Tear Scarab	41910	4190	154	50	-1	6	4191	4190	4190
41912000	Ash of War Scarab	41910	4190	154	50	-1	6	4191	4190	4190
41912010	Ash of War Scarab	41910	4190	154	50	-1	6	4191	4190	4190
41912012	Ash of War Scarab	41910	4190	154	50	-1	6	4191	4190	4190
41912014	Ash of War Scarab	41910	4190	154	50	-1	6	4191	4190	4190
41912020	Ash of War Scarab	41910	4190	154	50	-1	6	4191	4190	4190
41912024	Ash of War Scarab	41910	4190	154	50	-1	6	4191	4190	4190
41912030	Ash of War Scarab	41910	4190	154	50	-1	6	4191	4190	4190
41912032	Ash of War Scarab	41910	4190	154	50	-1	6	4191	4190	4190
41912033	Ash of War Scarab	41910	4190	154	50	-1	6	4191	4190	4190
41912034	Ash of War Scarab	41910	4190	154	50	-1	6	4191	4190	4190
41912040	Ash of War Scarab	41910	4190	154	50	-1	6	4191	4190	4190
41912041	Ash of War Scarab	41910	4190	154	50	-1	6	4191	4190	4190
41912042	Ash of War Scarab	41910	4190	154	50	-1	6	4191	4190	4190
41912050	Ash of War Scarab	41910	4190	154	50	-1	6	4191	4190	4190
41912052	Ash of War Scarab	41910	4190	154	50	-1	6	4191	4190	4190
41912054	Ash of War Scarab	41910	4190	154	50	-1	6	4191	4190	4190
41912056	Ash of War Scarab	41910	4190	154	50	-1	6	4191	4190	4190
41912060	Ash of War Scarab	41910	4190	154	50	-1	6	4191	4190	4190
41912062	Ash of War Scarab	41910	4190	154	50	-1	6	4191	4190	4190
41912064	Ash of War Scarab	41910	4190	154	50	-1	6	4191	4190	4190
41912065	Ash of War Scarab	41910	4190	154	50	-1	6	4191	4190	4190
41912066	Ash of War Scarab	41910	4190	154	50	-1	6	4191	4190	4190
41912068	Ash of War Scarab	41910	4190	154	50	-1	6	4191	4190	4190
41912072	Ash of War Scarab	41910	4190	154	50	-1	6	4191	4190	4190
41912100	Ash of War Scarab	41910	4190	154	50	-1	6	4191	4190	4190
41912150	Ash of War Scarab	41910	4190	154	50	-1	6	4191	4190	4190
41912152	Ash of War Scarab	41910	4190	154	50	-1	6	4191	4190	4190
41912160	Ash of War Scarab	41910	4190	154	50	-1	6	4191	4190	4190
41912162	Ash of War Scarab	41910	4190	154	50	-1	6	4191	4190	4190
41912164	Ash of War Scarab	41910	4190	154	50	-1	6	4191	4190	4190
41912165	Ash of War Scarab	41910	4190	154	50	-1	6	4191	4190	4190
41912166	Ash of War Scarab	41910	4190	154	50	-1	6	4191	4190	4190
41912168	Ash of War Scarab	41910	4190	154	50	-1	6	4191	4190	4190
41912200	Ash of War Scarab	41910	4190	41	50	-1	6	4191	4190	4190
41912220	Ash of War Scarab	41910	4190	41	50	-1	6	4191	4190	4190
41912230	Ash of War Scarab	41910	4190	41	50	-1	6	4191	4190	4190
41912233	Ash of War Scarab	41910	4190	41	50	-1	6	4191	4190	4190
41912240	Ash of War Scarab	41910	4190	41	50	-1	6	4191	4190	4190
41912250	Ash of War Scarab	41910	4190	41	50	-1	6	4191	4190	4190
41912252	Ash of War Scarab	41910	4190	41	50	-1	6	4191	4190	4190
41912260	Ash of War Scarab	41910	4190	41	50	-1	6	4191	4190	4190
41912262	Ash of War Scarab	41910	4190	41	50	-1	6	4191	4190	4190
41912264	Ash of War Scarab	41910	4190	41	50	-1	6	4191	4190	4190
41912265	Ash of War Scarab	41910	4190	41	50	-1	6	4191	4190	4190
41912266	Ash of War Scarab	41910	4190	41	50	-1	6	4191	4190	4190
41912268	Ash of War Scarab	41910	4190	41	50	-1	6	4191	4190	4190
41913000	Glintstone Scarab	41910	4190	154	50	-1	6	4191	4190	4190
41913014	Glintstone Scarab	41910	4190	154	50	-1	6	4191	4190	4190
41913020	Glintstone Scarab	41910	4190	154	50	-1	6	4191	4190	4190
41913024	Glintstone Scarab	41910	4190	154	50	-1	6	4191	4190	4190
41913032	Glintstone Scarab	41910	4190	154	50	-1	6	4191	4190	4190
41913035	Glintstone Scarab	41910	4190	154	50	-1	6	4191	4190	4190
41913050	Glintstone Scarab	41910	4190	154	50	-1	6	4191	4190	4190
41913052	Glintstone Scarab	41910	4190	154	50	-1	6	4191	4190	4190
41913054	Glintstone Scarab	41910	4190	154	50	-1	6	4191	4190	4190
41913056	Glintstone Scarab	41910	4190	154	50	-1	6	4191	4190	4190
41913060	Glintstone Scarab	41910	4190	154	50	-1	6	4191	4190	4190
41913062	Glintstone Scarab	41910	4190	154	50	-1	6	4191	4190	4190
41913064	Glintstone Scarab	41910	4190	154	50	-1	6	4191	4190	4190
41913065	Glintstone Scarab	41910	4190	154	50	-1	6	4191	4190	4190
41913066	Glintstone Scarab	41910	4190	154	50	-1	6	4191	4190	4190
41913068	Glintstone Scarab	41910	4190	154	50	-1	6	4191	4190	4190
41913072	Glintstone Scarab	41910	4190	154	50	-1	6	4191	4190	4190
41913100	Glintstone Scarab	41910	4190	154	50	-1	6	4191	4190	4190
41913150	Glintstone Scarab	41910	4190	154	50	-1	6	4191	4190	4190
41913152	Glintstone Scarab	41910	4190	154	50	-1	6	4191	4190	4190
41913160	Glintstone Scarab	41910	4190	154	50	-1	6	4191	4190	4190
41913162	Glintstone Scarab	41910	4190	154	50	-1	6	4191	4190	4190
41913164	Glintstone Scarab	41910	4190	154	50	-1	6	4191	4190	4190
41913165	Glintstone Scarab	41910	4190	154	50	-1	6	4191	4190	4190
41913166	Glintstone Scarab	41910	4190	154	50	-1	6	4191	4190	4190
41913168	Glintstone Scarab	41910	4190	154	50	-1	6	4191	4190	4190
41913200	Glintstone Scarab	41910	4190	41	50	-1	6	4191	4190	4190
41913250	Glintstone Scarab	41910	4190	41	50	-1	6	4191	4190	4190
41913252	Glintstone Scarab	41910	4190	41	50	-1	6	4191	4190	4190
41913260	Glintstone Scarab	41910	4190	41	50	-1	6	4191	4190	4190
41913262	Glintstone Scarab	41910	4190	41	50	-1	6	4191	4190	4190
41913264	Glintstone Scarab	41910	4190	41	50	-1	6	4191	4190	4190
41913265	Glintstone Scarab	41910	4190	41	50	-1	6	4191	4190	4190
41913266	Glintstone Scarab	41910	4190	41	50	-1	6	4191	4190	4190
41913268	Glintstone Scarab	41910	4190	41	50	-1	6	4191	4190	4190
41914000	Incantation Scarab	41910	4190	154	50	-1	6	4191	4190	4190
41914012	Incantation Scarab	41910	4190	154	50	-1	6	4191	4190	4190
41914014	Incantation Scarab	41910	4190	154	50	-1	6	4191	4190	4190
41914020	Incantation Scarab	41910	4190	154	50	-1	6	4191	4190	4190
41914030	Incantation Scarab	41910	4190	154	50	-1	6	4191	4190	4190
41914032	Incantation Scarab	41910	4190	154	50	-1	6	4191	4190	4190
41914034	Incantation Scarab	41910	4190	154	50	-1	6	4191	4190	4190
41914040	Incantation Scarab	41910	4190	154	50	-1	6	4191	4190	4190
41914042	Incantation Scarab	41910	4190	154	50	-1	6	4191	4190	4190
41914050	Incantation Scarab	41910	4190	154	50	-1	6	4191	4190	4190
41914052	Incantation Scarab	41910	4190	154	50	-1	6	4191	4190	4190
41914054	Incantation Scarab	41910	4190	154	50	-1	6	4191	4190	4190
41914056	Incantation Scarab	41910	4190	154	50	-1	6	4191	4190	4190
41914060	Incantation Scarab	41910	4190	154	50	-1	6	4191	4190	4190
41914062	Incantation Scarab	41910	4190	154	50	-1	6	4191	4190	4190
41914064	Incantation Scarab	41910	4190	154	50	-1	6	4191	4190	4190
41914065	Incantation Scarab	41910	4190	154	50	-1	6	4191	4190	4190
41914066	Incantation Scarab	41910	4190	154	50	-1	6	4191	4190	4190
41914068	Incantation Scarab	41910	4190	154	50	-1	6	4191	4190	4190
41914072	Incantation Scarab	41910	4190	154	50	-1	6	4191	4190	4190
41914100	Incantation Scarab	41910	4190	154	50	-1	6	4191	4190	4190
41914150	Incantation Scarab	41910	4190	154	50	-1	6	4191	4190	4190
41914152	Incantation Scarab	41910	4190	154	50	-1	6	4191	4190	4190
41914160	Incantation Scarab	41910	4190	154	50	-1	6	4191	4190	4190
41914162	Incantation Scarab	41910	4190	154	50	-1	6	4191	4190	4190
41914164	Incantation Scarab	41910	4190	154	50	-1	6	4191	4190	4190
41914165	Incantation Scarab	41910	4190	154	50	-1	6	4191	4190	4190
41914166	Incantation Scarab	41910	4190	154	50	-1	6	4191	4190	4190
41914168	Incantation Scarab	41910	4190	154	50	-1	6	4191	4190	4190
41914200	Incantation Scarab	41910	4190	41	50	-1	6	4191	4190	4190
41914212	Incantation Scarab	41910	4190	41	50	-1	6	4191	4190	4190
41914250	Incantation Scarab	41910	4190	41	50	-1	6	4191	4190	4190
41914252	Incantation Scarab	41910	4190	41	50	-1	6	4191	4190	4190
41914260	Incantation Scarab	41910	4190	41	50	-1	6	4191	4190	4190
41914262	Incantation Scarab	41910	4190	41	50	-1	6	4191	4190	4190
41914264	Incantation Scarab	41910	4190	41	50	-1	6	4191	4190	4190
41914265	Incantation Scarab	41910	4190	41	50	-1	6	4191	4190	4190
41914266	Incantation Scarab	41910	4190	41	50	-1	6	4191	4190	4190
41914268	Incantation Scarab	41910	4190	41	50	-1	6	4191	4190	4190
41915000	Smithing Stone Scarab	41910	4190	154	50	-1	6	4191	4190	4190
41915010	Smithing Stone Scarab	41910	4190	154	50	-1	6	4191	4190	4190
41915020	Smithing Stone Scarab	41910	4190	154	50	-1	6	4191	4190	4190
41915026	Smithing Stone Scarab	41910	4190	154	50	-1	6	4191	4190	4190
41915030	Smithing Stone Scarab	41910	4190	154	50	-1	6	4191	4190	4190
41915035	Smithing Stone Scarab	41910	4190	154	50	-1	6	4191	4190	4190
41915038	Smithing Stone Scarab	41910	4190	154	50	-1	6	4191	4190	4190
41915040	Smithing Stone Scarab	41910	4190	154	50	-1	6	4191	4190	4190
41915042	Smithing Stone Scarab	41910	4190	154	50	-1	6	4191	4190	4190
41915050	Smithing Stone Scarab	41910	4190	154	50	-1	6	4191	4190	4190
41915052	Smithing Stone Scarab	41910	4190	154	50	-1	6	4191	4190	4190
41915062	Smithing Stone Scarab	41910	4190	154	50	-1	6	4191	4190	4190
41915065	Smithing Stone Scarab	41910	4190	154	50	-1	6	4191	4190	4190
41915066	Smithing Stone Scarab	41910	4190	154	50	-1	6	4191	4190	4190
41915100	Smithing Stone Scarab	41910	4190	154	50	-1	6	4191	4190	4190
41915150	Smithing Stone Scarab	41910	4190	154	50	-1	6	4191	4190	4190
41915200	Smithing Stone Scarab	41910	4190	41	50	-1	6	4191	4190	4190
41915220	Smithing Stone Scarab	41910	4190	41	50	-1	6	4191	4190	4190
41915535	Smithing Stone Scarab	41910	4190	154	50	419100000	6	4191	4190	4190
41915540	Smithing Stone Scarab	41910	4190	154	50	419100000	6	4191	4190	4190
41915542	Smithing Stone Scarab	41910	4190	154	50	419100000	6	4191	4190	4190
41915554	Smithing Stone Scarab	41910	4190	154	50	419100000	6	4191	4190	4190
41915560	Smithing Stone Scarab	41910	4190	154	50	419100000	6	4191	4190	4190
41915562	Smithing Stone Scarab	41910	4190	154	50	419100000	6	4191	4190	4190
41915564	Smithing Stone Scarab	41910	4190	154	50	419100000	6	4191	4190	4190
41915565	Smithing Stone Scarab	41910	4190	154	50	419100000	6	4191	4190	4190
41915566	Smithing Stone Scarab	41910	4190	154	50	419100000	6	4191	4190	4190
41915568	Smithing Stone Scarab	41910	4190	154	50	419100000	6	4191	4190	4190
41916160	Scarab	41910	4190	154	50	-1	6	4191	4190	4190
41916162	Scarab	41910	4190	154	50	-1	6	4191	4190	4190
41916164	Scarab	41910	4190	154	50	-1	6	4191	4190	4190
41916165	Scarab	41910	4190	154	50	-1	6	4191	4190	4190
41916166	Scarab	41910	4190	154	50	-1	6	4191	4190	4190
41917364	Scarab	41910	4190	154	50	-1	6	4191	4190	4190
41917365	Scarab	41910	4190	154	50	-1	6	4191	4190	4190
41917366	Scarab	41910	4190	154	50	-1	6	4191	4190	4190
41918062	Scarab	41910	4190	6	50	419100000	6	4191	4190	4190
41918064	Scarab	41910	4190	6	50	419100000	6	4191	4190	4190
41918065	Scarab	41910	4190	6	50	419100000	6	4191	4190	4190
41918066	Scarab	41910	4190	6	50	419100000	6	4191	4190	4190
41918068	Scarab	41910	4190	6	50	419100000	6	4191	4190	4190
41918120	Scarab	41910	4190	6	50	419100000	6	4191	4190	4190
41918140	Scarab	41910	4190	6	50	419100000	6	4191	4190	4190
41918940	Scarab	41910	4190	6	50	419100000	6	4191	4190	4190
41919062	Scarab	41910	4190	41	50	419100000	6	4191	4190	4190
41919064	Scarab	41910	4190	41	50	419100000	6	4191	4190	4190
41919065	Scarab	41910	4190	41	50	419100000	6	4191	4190	4190
41919068	Scarab	41910	4190	41	50	419100000	6	4191	4190	4190
41919140	Scarab	41910	4190	41	50	419100000	6	4191	4190	4190
41920000	Giant Crimson Tear Scarab	41920	4190	271	50	-1	6	4192	4190	4190
41920040	Giant Crimson Tear Scarab	41920	4190	271	50	-1	6	4192	4190	4190
41920042	Giant Crimson Tear Scarab	41920	4190	271	50	-1	6	4192	4190	4190
41921000	Giant Cerulean Tear Scarab	41920	4190	271	50	-1	6	4192	4190	4190
41921040	Giant Cerulean Tear Scarab	41920	4190	271	50	-1	6	4192	4190	4190
41921042	Giant Cerulean Tear Scarab	41920	4190	271	50	-1	6	4192	4190	4190
41922000	Giant Ash of War Scarab	41920	4190	271	50	-1	6	4192	4190	4190
41922020	Giant Ash of War Scarab	41920	4190	271	50	-1	6	4192	4190	4190
41922050	Giant Ash of War Scarab	41920	4190	271	50	-1	6	4192	4190	4190
41922052	Giant Ash of War Scarab	41920	4190	271	50	-1	6	4192	4190	4190
41922200	Giant Ash of War Scarab	41920	4190	154	50	-1	6	4192	4190	4190
41922250	Giant Ash of War Scarab	41920	4190	154	50	-1	6	4192	4190	4190
41922252	Giant Ash of War Scarab	41920	4190	154	50	-1	6	4192	4190	4190
41923000	Giant Glintstone Scarab	41920	4190	271	50	-1	6	4192	4190	4190
41923050	Giant Glintstone Scarab	41920	4190	271	50	-1	6	4192	4190	4190
41923052	Giant Glintstone Scarab	41920	4190	271	50	-1	6	4192	4190	4190
41923200	Giant Glintstone Scarab	41920	4190	154	50	-1	6	4192	4190	4190
41923250	Giant Glintstone Scarab	41920	4190	154	50	-1	6	4192	4190	4190
41923252	Giant Glintstone Scarab	41920	4190	154	50	-1	6	4192	4190	4190
41924000	Giant Incantation Scarab	41920	4190	271	50	-1	6	4192	4190	4190
41924050	Giant Incantation Scarab	41920	4190	271	50	-1	6	4192	4190	4190
41924052	Giant Incantation Scarab	41920	4190	271	50	-1	6	4192	4190	4190
41924200	Giant Incantation Scarab	41920	4190	154	50	-1	6	4192	4190	4190
41924250	Giant Incantation Scarab	41920	4190	154	50	-1	6	4192	4190	4190
41924252	Giant Incantation Scarab	41920	4190	154	50	-1	6	4192	4190	4190
41925000	Giant Smithing Stone Scarab	41920	4190	271	50	-1	6	4192	4190	4190
41925050	Giant Smithing Stone Scarab	41920	4190	271	50	-1	6	4192	4190	4190
41925052	Giant Smithing Stone Scarab	41920	4190	271	50	-1	6	4192	4190	4190
41925200	Giant Smithing Stone Scarab	41920	4190	154	50	-1	6	4192	4190	4190
41925250	Giant Smithing Stone Scarab	41920	4190	154	50	-1	6	4192	4190	4190
41927064	Giant Scarab	41920	4190	271	50	419200000	6	4192	4190	4190
42000000	Man-Bat	42000	-1	126	50	420000000	6	-1	-1	-1
42000010	Man-Bat	42000	-1	126	50	420000010	6	-1	-1	-1
42000011	Man-Bat	42000	-1	126	50	420000010	6	-1	-1	-1
42000012	Man-Bat	42000	-1	126	50	420000010	6	-1	-1	-1
42000014	Man-Bat	42000	-1	126	50	420000010	6	-1	-1	-1
42000020	Man-Bat	42000	-1	126	50	420000020	6	-1	-1	-1
42000026	Man-Bat	42000	-1	126	50	420000020	6	-1	-1	-1
42000033	Man-Bat	42000	-1	126	50	420000040	6	-1	-1	-1
42000038	Man-Bat	42000	-1	126	50	420000040	6	-1	-1	-1
42000040	Man-Bat	42000	-1	126	50	420000020	6	-1	-1	-1
42000042	Man-Bat	42000	-1	126	50	420000020	6	-1	-1	-1
42000050	Man-Bat	42000	-1	126	50	420000050	51	-1	-1	-1
42000064	Man-Bat (Siofra River)	42000	-1	126	50	420000020	6	-1	-1	-1
42000100	Man-Bat	42000	-1	126	50	420000000	6	-1	-1	-1
42000110	Man-Bat	42000	-1	126	50	420000010	6	-1	-1	-1
42000112	Man-Bat	42000	-1	126	50	420000010	6	-1	-1	-1
42000120	Man-Bat	42000	-1	126	50	420000020	6	-1	-1	-1
42000126	Man-Bat	42000	-1	126	50	420000020	6	-1	-1	-1
42000133	Man-Bat	42000	-1	126	50	420000040	6	-1	-1	-1
42000138	Man-Bat	42000	-1	126	50	420000040	6	-1	-1	-1
42000140	Man-Bat	42000	-1	126	50	420000020	6	-1	-1	-1
42000141	Man-Bat	42000	-1	126	50	420000020	6	-1	-1	-1
42000142	Man-Bat	42000	-1	126	50	420000020	6	-1	-1	-1
42000150	Man-Bat	42000	-1	126	50	420000050	51	-1	-1	-1
42000200	Man-Bat	42000	-1	126	50	420000000	6	-1	-1	-1
42000210	Man-Bat	42000	-1	126	50	420000010	6	-1	-1	-1
42000226	Man-Bat	42000	-1	126	50	420000020	6	-1	-1	-1
42000242	Man-Bat	42000	-1	126	50	420000020	6	-1	-1	-1
42000250	Man-Bat	42000	-1	126	50	420000050	51	-1	-1	-1
42001000	Man-Bat	42000	-1	430	50	420000100	6	-1	-1	-1
42001050	Man-Bat	42000	-1	430	50	420000150	51	-1	-1	-1
42001100	Man-Bat	42000	-1	430	50	420000100	6	-1	-1	-1
42001150	Man-Bat	42000	-1	430	50	420000150	51	-1	-1	-1
42001200	Man-Bat	42000	-1	430	50	420000100	6	-1	-1	-1
42001250	Man-Bat	42000	-1	430	50	420000150	51	-1	-1	-1
42010000	Operatic Bat	42010	-1	492	50	420100000	6	-1	4200	4200
42010020	Operatic Bat	42010	-1	492	50	420100000	6	-1	4200	4200
42010100	Operatic Bat	42010	-1	492	50	420100000	6	-1	4200	4200
42010110	Operatic Bat	42010	-1	492	50	420100000	6	-1	4200	4200
42010112	Operatic Bat	42010	-1	492	50	420100000	6	-1	4200	4200
42010120	Operatic Bat	42010	-1	492	50	420100000	6	-1	4200	4200
42010126	Operatic Bat	42010	-1	492	50	420100000	6	-1	4200	4200
42010133	Operatic Bat	42010	-1	492	50	420100000	6	-1	4200	4200
42010140	Operatic Bat	42010	-1	492	50	420100000	6	-1	4200	4200
42010141	Operatic Bat	42010	-1	492	50	420100000	6	-1	4200	4200
42010142	Operatic Bat	42010	-1	492	50	420100000	6	-1	4200	4200
42011000	Operatic Bat	42010	-1	809	50	420100000	6	-1	4200	4200
42011026	Operatic Bat	42010	-1	809	50	420100000	6	-1	4200	4200
42011100	Operatic Bat	42010	-1	809	50	420100000	6	-1	4200	4200
42011126	Operatic Bat	42010	-1	809	50	420100000	6	-1	4200	4200
42011142	Operatic Bat	42010	-1	809	50	420100000	6	-1	4200	4200
42017000	Operatic Bat	42010	-1	492	50	420100000	6	-1	4200	4200
42017020	Operatic Bat	42010	-1	492	50	420120010	6	-1	4200	4200
42017400	Operatic Bat	42010	-1	492	50	420100000	6	-1	4200	4200
42017412	Operatic Bat	42010	-1	492	50	420112000	6	-1	4200	4200
42017420	Operatic Bat	42010	-1	492	50	420120000	6	-1	4200	4200
42017426	Operatic Bat	42010	-1	492	50	420126000	6	-1	4200	4200
42017433	Operatic Bat	42010	-1	492	50	420133000	6	-1	4200	4200
42017440	Operatic Bat	42010	-1	492	50	420140000	6	-1	4200	4200
42017441	Operatic Bat	42010	-1	492	50	420141000	6	-1	4200	4200
42017442	Operatic Bat	42010	-1	492	50	420141010	6	-1	4200	4200
42017500	Operatic Bat	42010	-1	492	50	420100000	6	-1	4200	4200
42017526	Operatic Bat	42010	-1	492	50	420126020	6	-1	4200	4200
42017540	Operatic Bat	42010	-1	492	50	420140010	6	-1	4200	4200
42017542	Operatic Bat	42010	-1	492	50	420141020	6	-1	4200	4200
42017600	Operatic Bat	42010	-1	492	50	420100000	6	-1	4200	4200
42017640	Operatic Bat	42010	-1	492	50	420140020	6	-1	4200	4200
42017642	Operatic Bat	42010	-1	492	50	420141030	6	-1	4200	4200
42017700	Operatic Bat	42010	-1	492	50	420100000	6	-1	4200	4200
42017740	Operatic Bat	42010	-1	492	50	420140030	6	-1	4200	4200
42017800	Operatic Bat	42010	-1	492	50	420100000	6	-1	4200	4200
42017840	Operatic Bat	42010	-1	492	50	420140040	6	-1	4200	4200
42018000	Operatic Bat	42010	-1	809	50	420100000	6	-1	4200	4200
42018026	Operatic Bat	42010	-1	809	50	420126010	6	-1	4200	4200
42018042	Operatic Bat	42010	-1	809	50	420141040	6	-1	4200	4200
42018100	Operatic Bat	42010	-1	809	50	420100000	6	-1	4200	4200
42018126	Operatic Bat	42010	-1	809	50	420100000	6	-1	4200	4200
42100000	Warhawk	42100	-1	302	50	421000000	6	-1	-1	-1
42100014	Warhawk (Stormveil Castle)	42100	-1	302	50	421000000	6	-1	-1	-1
42100100	Warhawk	42100	-1	302	50	421000000	6	-1	-1	-1
42100114	Warhawk (Stormveil Castle)	42100	-1	302	50	421000000	6	-1	-1	-1
42100200	Warhawk	42100	-1	302	50	421000000	6	-1	-1	-1
42100214	Warhawk (Stormveil Castle)	42100	-1	302	50	421000000	6	-1	-1	-1
42101000	Warhawk	42100	-1	155	50	421000000	6	-1	-1	-1
42101014	Warhawk (Stormveil Castle)	42100	-1	155	50	421000000	6	-1	-1	-1
42101033	Warhawk	42100	-1	155	50	421000000	6	-1	-1	-1
42101100	Warhawk	42100	-1	155	50	421000000	6	-1	-1	-1
42101114	Warhawk (Stormveil Castle)	42100	-1	155	50	421000000	6	-1	-1	-1
42101150	Warhawk	42100	-1	155	50	421000000	6	-1	-1	-1
42101200	Warhawk	42100	-1	155	50	421000000	6	-1	-1	-1
42101214	Warhawk (Stormveil Castle)	42100	-1	155	50	421000000	6	-1	-1	-1
42101250	Warhawk	42100	-1	155	50	421000000	6	-1	-1	-1
42102000	Warhawk	42100	-1	155	50	421000100	6	-1	-1	-1
42102010	Warhawk	42100	-1	155	50	421000100	6	-1	-1	-1
42102072	Warhawk	42100	-1	155	50	421000100	6	-1	-1	-1
42103000	Warhawk	42100	-1	155	50	421000100	6	-1	-1	-1
42103050	Warhawk	42100	-1	155	50	421000100	6	-1	-1	-1
42104000	Warhawk	42100	-1	302	50	421000000	6	-1	-1	-1
42104051	Warhawk	42100	-1	302	50	421000000	6	-1	-1	-1
42104500	Warhawk	42100	-1	302	50	421000000	6	-1	-1	-1
42104551	Warhawk	42100	-1	302	50	421000000	6	-1	-1	-1
42105000	Warhawk	42100	-1	155	50	421000000	6	-1	-1	-1
42105051	Warhawk	42100	-1	155	50	421000000	6	-1	-1	-1
42105500	Warhawk	42100	-1	155	50	421000000	6	-1	-1	-1
42200000	Giant Land Octopus	42200	-1	2327	50	422000000	6	4220	-1	-1
42200010	Giant Land Octopus	42200	-1	2327	50	422000000	6	4220	-1	-1
42200012	Giant Land Octopus	42200	-1	2327	50	422000000	6	4220	-1	-1
42200020	Giant Land Octopus	42200	-1	2327	50	422000000	6	4220	-1	-1
42200026	Giant Land Octopus	42200	-1	2327	50	422000000	6	4220	-1	-1
42200032	Giant Land Octopus	42200	-1	2327	50	422000000	6	4220	-1	-1
42200040	Giant Land Octopus	42200	-1	2327	50	422000000	6	4220	-1	-1
42200050	Giant Land Octopus	42200	-1	2327	50	422000000	6	4220	-1	-1
42200052	Giant Land Octopus	42200	-1	2327	50	422000000	6	4220	-1	-1
42200064	Giant Land Octopus (Siofra River)	42200	-1	2327	50	422000000	6	4220	-1	-1
42300000	Small Land Octopus	42300	-1	115	50	423000000	6	-1	4220	-1
42300010	Land Octopus	42300	-1	115	50	423000000	6	-1	4220	-1
42300012	Land Octopus	42300	-1	115	50	423000000	6	-1	4220	-1
42300020	Land Octopus	42300	-1	115	50	423000000	6	-1	4220	-1
42300026	Land Octopus	42300	-1	115	50	423000000	6	-1	4220	-1
42300032	Land Octopus	42300	-1	115	50	423000000	6	-1	4220	-1
42300040	Land Octopus	42300	-1	115	50	423000000	6	-1	4220	-1
42300050	Land Octopus	42300	-1	115	50	423000000	6	-1	4220	-1
42300052	Land Octopus	42300	-1	115	50	423000000	6	-1	4220	-1
42300064	Land Octopus (Siofra River)	42300	-1	115	50	423000000	6	-1	4220	-1
42300830	Land Octopus	42300	-1	115	50	423030000	6	-1	4220	-1
42300852	Land Octopus	42300	-1	115	50	423052000	6	-1	4220	-1
42400000	Fingercreeper	42400	-1	747	50	424000000	6	4240	-1	-1
42400020	Fingercreeper	42400	-1	747	50	424000000	6	4240	-1	-1
42400021	Fingercreeper	42400	-1	747	50	424000000	6	4240	-1	-1
42400032	Fingercreeper	42400	-1	747	50	424000000	6	4240	-1	-1
42400034	Fingercreeper (Leyndell)	42400	-1	747	50	424000000	6	4240	-1	-1
42400035	Fingercreeper	42400	-1	747	50	424000000	6	4240	-1	-1
42400100	Fingercreeper	42400	-1	747	50	424000000	6	4240	-1	-1
42400150	Fingercreeper	42400	-1	747	50	424000000	6	4240	-1	-1
42400200	Fingercreeper	42400	-1	747	50	424000000	6	4240	-1	-1
42400221	Fingercreeper	42400	-1	747	50	424000000	6	4240	-1	-1
42405000	Fingercreeper	42400	-1	747	50	424000000	6	4240	-1	-1
42405050	Fingercreeper	42400	-1	747	50	424050000	6	4240	-1	-1
42405100	Fingercreeper	42400	-1	747	50	424000000	6	4240	-1	-1
42405150	Fingercreeper	42400	-1	747	50	424050010	6	4240	-1	-1
42405200	Fingercreeper	42400	-1	747	50	424000000	6	4240	-1	-1
42405250	Fingercreeper	42400	-1	747	50	424050020	6	4240	-1	-1
42405300	Fingercreeper	42400	-1	747	50	424000000	6	4240	-1	-1
42405350	Fingercreeper	42400	-1	747	50	424050030	6	4240	-1	-1
42405400	Fingercreeper	42400	-1	747	50	424000000	6	4240	-1	-1
42405450	Fingercreeper	42400	-1	747	50	424050040	6	4240	-1	-1
42405500	Fingercreeper	42400	-1	747	50	424000000	6	4240	-1	-1
42405550	Fingercreeper	42400	-1	747	50	424050050	6	4240	-1	-1
42405600	Fingercreeper	42400	-1	747	50	424000000	6	4240	-1	-1
42405650	Fingercreeper	42400	-1	747	50	424050060	6	4240	-1	-1
42405700	Fingercreeper	42400	-1	747	50	424000000	6	4240	-1	-1
42405750	Fingercreeper	42400	-1	747	50	424050070	6	4240	-1	-1
42405800	Fingercreeper	42400	-1	747	50	424000000	6	4240	-1	-1
42405850	Fingercreeper	42400	-1	747	50	424050080	6	4240	-1	-1
42406000	Fingercreeper	42400	-1	747	50	424000000	6	4240	-1	-1
42406050	Fingercreeper	42400	-1	747	50	424000000	6	4240	-1	-1
42406100	Fingercreeper	42400	-1	747	50	424000000	6	4240	-1	-1
42406150	Fingercreeper	42400	-1	747	50	424050090	6	4240	-1	-1
42406200	Fingercreeper	42400	-1	747	50	424000000	6	4240	-1	-1
42406250	Fingercreeper	42400	-1	747	50	424050100	6	4240	-1	-1
42406300	Fingercreeper	42400	-1	747	50	424000000	6	4240	-1	-1
42406350	Fingercreeper	42400	-1	747	50	424050110	6	4240	-1	-1
42406400	Fingercreeper	42400	-1	747	50	424000000	6	4240	-1	-1
42406450	Fingercreeper	42400	-1	747	50	424050120	6	4240	-1	-1
42407000	Fingercreeper	42400	-1	747	50	424000000	6	4240	-1	-1
42407020	Fingercreeper	42400	-1	747	50	424020000	6	4240	-1	-1
42407021	Fingercreeper	42400	-1	747	50	424021010	6	4240	-1	-1
42407032	Fingercreeper	42400	-1	747	50	424032000	6	4240	-1	-1
42407034	Fingercreeper  (Leyndell)	42400	-1	747	50	424034000	6	4240	-1	-1
42407035	Fingercreeper	42400	-1	747	50	424035000	6	4240	-1	-1
42407100	Fingercreeper	42400	-1	747	50	424000000	6	4240	-1	-1
42407121	Fingercreeper	42400	-1	747	50	424021020	6	4240	-1	-1
42407132	Fingercreeper	42400	-1	747	50	424032010	6	4240	-1	-1
42407200	Fingercreeper	42400	-1	747	50	424000000	6	4240	-1	-1
42407221	Fingercreeper	42400	-1	747	50	424021030	6	4240	-1	-1
42407300	Fingercreeper	42400	-1	747	50	424000000	6	4240	-1	-1
42407321	Fingercreeper	42400	-1	747	50	424021040	6	4240	-1	-1
42407400	Fingercreeper	42400	-1	747	50	424000000	6	4240	-1	-1
42407421	Fingercreeper	42400	-1	747	50	424021050	6	4240	-1	-1
42407500	Fingercreeper	42400	-1	747	50	424000000	6	4240	-1	-1
42407521	Fingercreeper	42400	-1	747	50	424021060	6	4240	-1	-1
42407600	Fingercreeper	42400	-1	747	50	424000000	6	4240	-1	-1
42407621	Fingercreeper	42400	-1	747	50	424021070	6	4240	-1	-1
42407700	Fingercreeper	42400	-1	747	50	424000000	6	4240	-1	-1
42407721	Fingercreeper	42400	-1	747	50	424021080	6	4240	-1	-1
42407800	Fingercreeper	42400	-1	747	50	424000000	6	4240	-1	-1
42407821	Fingercreeper	42400	-1	747	50	424021090	6	4240	-1	-1
42408000	Fingercreeper	42400	-1	747	50	424000000	6	4240	-1	-1
42408021	Fingercreeper	42400	-1	747	50	424021100	6	4240	-1	-1
42408100	Fingercreeper	42400	-1	747	50	424000000	6	4240	-1	-1
42408121	Fingercreeper	42400	-1	747	50	424021110	6	4240	-1	-1
42408200	Fingercreeper	42400	-1	747	50	424000000	6	4240	-1	-1
42408221	Fingercreeper	42400	-1	747	50	424021120	6	4240	-1	-1
42408300	Fingercreeper	42400	-1	747	50	424000000	6	4240	-1	-1
42408321	Fingercreeper	42400	-1	747	50	424021130	6	4240	-1	-1
42408400	Fingercreeper	42400	-1	747	50	424000000	6	4240	-1	-1
42408421	Fingercreeper	42400	-1	747	50	424021140	6	4240	-1	-1
42408500	Fingercreeper	42400	-1	747	50	424000000	6	4240	-1	-1
42408521	Fingercreeper	42400	-1	747	50	424021150	6	4240	-1	-1
42408800	Fingercreeper	42400	-1	747	50	424000000	6	4240	-1	-1
42408821	Fingercreeper	42400	-1	747	50	424021160	6	4240	-1	-1
42410000	Giant Fingercreeper	42410	4240	1493	50	424000000	7	4241	4240	4240
42410100	Giant Fingercreeper	42410	4240	1493	50	424000000	7	4241	4240	4240
42410150	Giant Fingercreeper	42410	4240	1493	50	424000000	7	4241	4240	4240
42500000	Small Fingercreeper	42500	4240	105	50	425000000	6	-1	4240	4240
42500020	Small Fingercreeper	42500	4240	105	50	425000010	6	-1	4240	4240
42500021	Small Fingercreeper	42500	4240	105	50	425000010	6	-1	4240	4240
42500028	Small Fingercreeper (Leyndell)	42500	4240	105	50	425000010	27	-1	4240	4240
42500032	Small Fingercreeper	42500	4240	105	50	425000030	6	-1	4240	4240
42500034	Small Fingercreeper  (Leyndell)	42500	4240	105	50	425000020	6	-1	4240	4240
42500035	Small Fingercreeper	42500	4240	105	50	425000040	6	-1	4240	4240
42500100	Small Fingercreeper	42500	4240	105	50	425000000	6	-1	4240	4240
42500150	Small Fingercreeper	42500	4240	105	50	425000050	6	-1	4240	4240
42600000	Erdtree Burial Watchdog	42600	-1	1052	50	-1	7	4260	-1	-1
42600100	Erdtree Burial Watchdog	42600	-1	1052	50	-1	7	4260	-1	-1
42600110	Erdtree Burial Watchdog (Limgrave Catacombs)	42600	-1	1052	50	-1	6	4260	-1	-1
42600500	Erdtree Burial Watchdog	42600	-1	1052	50	-1	7	4260	-1	-1
42600512	Erdtree Burial Watchdog (Impalers Catacombs)	42600	-1	1052	50	-1	6	4260	-1	-1
42600600	Erdtree Burial Watchdog	42600	-1	1052	50	-1	7	4260	-1	-1
42600940	Erdtree Burial Watchdog (Minor Erdtree Catacombs)	42600	-1	1052	50	-1	50	4260	-1	-1
42601000	Erdtree Burial Watchdog	42600	-1	1052	50	-1	7	4260	-1	-1
42601100	Erdtree Burial Watchdog	42600	-1	1052	50	-1	7	4260	-1	-1
42601500	Erdtree Burial Watchdog	42600	-1	1052	50	-1	7	4260	-1	-1
42601600	Erdtree Burial Watchdog	42600	-1	1052	50	-1	7	4260	-1	-1
42601920	Erdtree Burial Watchdog (Cliffbottom Catacombs)	42600	-1	1052	50	-1	7	4260	-1	-1
42601940	Erdtree Burial Watchdog (Minor Erdtree Catacombs)	42600	-1	1052	50	-1	50	4260	-1	-1
42602000	Erdtree Burial Watchdog	42600	-1	1052	50	-1	7	4260	-1	-1
42602100	Erdtree Burial Watchdog	42600	-1	1052	50	-1	7	4260	-1	-1
42602500	Erdtree Burial Watchdog	42600	-1	1052	50	-1	7	4260	-1	-1
42602600	Erdtree Burial Watchdog	42600	-1	1052	50	-1	7	4260	-1	-1
42602932	Erdtree Burial Watchdog (Wyndham Catacombs)	42600	-1	1052	50	-1	7	4260	-1	-1
42603000	Erdtree Burial Watchdog	42600	-1	1052	50	-1	7	4260	-1	-1
42603100	Erdtree Burial Watchdog	42600	-1	1052	50	-1	7	4260	-1	-1
42603500	Erdtree Burial Watchdog	42600	-1	1052	50	-1	7	4260	-1	-1
42603600	Erdtree Burial Watchdog	42600	-1	1052	50	-1	7	4260	-1	-1
42604000	Erdtree Burial Watchdog	42600	-1	1052	50	-1	7	4260	-1	-1
42604100	Erdtree Burial Watchdog	42600	-1	1052	50	-1	7	4260	-1	-1
42604150	Erdtree Burial Watchdog	42600	-1	1052	50	426050000	7	4260	-1	-1
42604152	Erdtree Burial Watchdog	42600	-1	1052	50	426052000	7	4260	-1	-1
42604500	Erdtree Burial Watchdog	42600	-1	1052	50	-1	7	4260	-1	-1
42604600	Erdtree Burial Watchdog	42600	-1	1052	50	-1	7	4260	-1	-1
42604650	Erdtree Burial Watchdog	42600	-1	1052	50	426050100	7	4260	-1	-1
42604652	Erdtree Burial Watchdog	42600	-1	1052	50	426052100	7	4260	-1	-1
42605000	Erdtree Burial Watchdog	42600	-1	1052	50	-1	7	4260	-1	-1
42605100	Erdtree Burial Watchdog	42600	-1	1052	50	-1	7	4260	-1	-1
42605150	Erdtree Burial Watchdog	42600	-1	1052	50	426050200	7	4260	-1	-1
42605152	Erdtree Burial Watchdog	42600	-1	1052	50	426052200	7	4260	-1	-1
42605500	Erdtree Burial Watchdog	42600	-1	1052	50	-1	7	4260	-1	-1
42605600	Erdtree Burial Watchdog	42600	-1	1052	50	-1	7	4260	-1	-1
42700000	Elder Lion	42700	-1	1280	50	-1	7	-1	-1	-1
42700014	Elder Lion (Stormveil Castle)	42700	-1	1280	50	-1	7	-1	-1	-1
42700020	Elder Lion	42700	-1	1280	50	-1	7	-1	-1	-1
42700030	Elder Lion	42700	-1	1280	50	-1	7	-1	-1	-1
42700034	Elder Lion  (Leyndell)	42700	-1	1280	50	-1	6	-1	-1	-1
42700040	Elder Lion	42700	-1	1280	50	-1	7	-1	-1	-1
42700041	Elder Lion	42700	-1	1280	50	-1	7	-1	-1	-1
42701000	Elder Lion	42700	-1	1280	50	-1	7	-1	-1	-1
42701051	Elder Lion	42700	-1	1280	50	-1	33	-1	-1	-1
42800000	Giant Ant	42800	-1	196	50	428000000	24	-1	4280	-1
42800054	Giant Ant	42800	-1	196	50	428000000	6	-1	4280	-1
42800056	Giant Ant	42800	-1	196	50	428000000	6	-1	4280	-1
42800060	Giant Ant (Ainsel River)	42800	-1	196	50	428000000	24	-1	4280	-1
42800062	Giant Ant	42800	-1	196	50	428000000	24	-1	4280	-1
42800066	Giant Ant	42800	-1	196	50	428000000	6	-1	4280	-1
42800100	Giant Ant (Stinger)	42800	-1	196	50	428000100	24	-1	4280	-1
42800160	Giant Ant (Stinger) (Ainsel River)	42800	-1	196	50	428000100	24	-1	4280	-1
42800166	Giant Ant (Stinger)	42800	-1	196	50	428000100	24	-1	4280	-1
42800200	Giant Ant (Stinger, Large Abdomen)	42800	-1	196	50	428000200	24	-1	4280	-1
42800260	Giant Ant (Stinger, Large Abdomen) (Ainsel River)	42800	-1	196	50	428000200	24	-1	4280	-1
42800300	Giant Ant (Replete)	42800	-1	196	50	-1	24	-1	4280	-1
42800354	Giant Ant (Replete)	42800	-1	196	50	-1	6	-1	4280	-1
42800360	Giant Ant (Replete) (Ainsel River)	42800	-1	196	50	-1	24	-1	4280	-1
42800362	Giant Ant (Replete)	42800	-1	196	50	-1	24	-1	4280	-1
42800366	Giant Ant (Replete)	42800	-1	196	50	-1	6	-1	4280	-1
42800400	Giant Ant (Winged)	42800	-1	196	50	428000500	24	-1	4280	-1
42800462	Giant Ant (Winged)	42800	-1	196	50	428000500	24	-1	4280	-1
42800466	Giant Ant (Winged)	42800	-1	196	50	428000500	6	-1	4280	-1
42800500	Giant Ant	42800	-1	196	50	428000600	24	-1	4280	-1
42800562	Giant Ant	42800	-1	196	50	428000600	24	-1	4280	-1
42800566	Giant Ant	42800	-1	196	50	428000600	6	-1	4280	-1
42800862	Giant Ant	42800	-1	196	50	428062100	24	-1	4280	-1
42801100	Giant Ant (Mounted)	42800	-1	282	50	428000700	6	4280	4280	-1
42801162	Giant Ant (Mounted)	42800	-1	282	50	428000700	6	4280	4280	-1
42810000	Skull Plate Giant Ant	42800	4280	327	50	428000400	24	-1	4280	4280
42810060	Skull Plate Giant Ant (Ainsel River)	42800	4280	327	50	428000400	24	-1	4280	4280
42810062	Skull Plate Giant Ant	42800	4280	327	50	428000400	24	-1	4280	4280
42810066	Skull Plate Giant Ant	42800	4280	327	50	428000400	6	-1	4280	4280
42900000	Bloodhound Knight	42900	-1	438	50	429000000	6	-1	-1	-1
42900010	Bloodhound Knight Darriwil	42900	-1	438	50	-1	6	-1	-1	-1
42900020	Bloodhound Knight	42900	-1	438	50	429000000	6	-1	-1	-1
42900032	Bloodhound Knight	42900	-1	438	50	429000000	6	-1	-1	-1
42900038	Bloodhound Knight	42900	-1	438	50	429000000	6	-1	-1	-1
42900040	Bloodhound Knight	42900	-1	438	50	429000000	6	-1	-1	-1
42900100	Bloodhound Knight	42900	-1	438	50	429000000	6	-1	-1	-1
42900132	Bloodhound Knight	42900	-1	438	50	429000800	6	-1	-1	-1
42900138	Bloodhound Knight	42900	-1	438	50	429000700	6	-1	-1	-1
42900220	Bloodhound Knight	42900	-1	438	50	429000000	6	-1	-1	-1
42900920	Bloodhound Knight (Boss)	42900	-1	438	50	-1	6	-1	-1	-1
42901000	Bloodhound Knight	42900	-1	438	50	429000000	6	-1	-1	-1
42909000	Bloodhound Knight	42900	-1	438	50	-1	6	-1	-1	-1
42909024	Bloodhound Knight	42900	-1	438	50	-1	6	-1	-1	-1
43000000	Wandering Noble	43000	-1	85	50	430000000	6	-1	-1	-1
43000006	Wandering Noble	43000	-1	85	50	-1	6	-1	-1	-1
43000010	Wandering Noble	43000	-1	85	50	430000000	6	-1	-1	-1
43000012	Wandering Noble	43000	-1	85	50	430000000	6	-1	-1	-1
43000020	Wandering Noble	43000	-1	85	50	430000000	6	-1	-1	-1
43000024	Wandering Noble	43000	-1	85	50	430000000	6	-1	-1	-1
43000030	Wandering Noble	43000	-1	85	50	430030000	6	-1	-1	-1
43000032	Wandering Noble	43000	-1	85	50	430030000	60	-1	-1	-1
43000033	Wandering Noble	43000	-1	85	50	430030000	60	-1	-1	-1
43000040	Wandering Noble	43000	-1	85	50	430000000	48	-1	-1	-1
43000052	Wandering Noble	43000	-1	85	50	430030000	63	-1	-1	-1
43000100	Wandering Noble	43000	-1	85	50	430000010	6	-1	-1	-1
43000110	Wandering Noble	43000	-1	85	50	430000010	6	-1	-1	-1
43000112	Wandering Noble	43000	-1	85	50	430000010	6	-1	-1	-1
43000130	Wandering Noble	43000	-1	85	50	430030010	6	-1	-1	-1
43000131	Wandering Noble (Shaded Castle)	43000	-1	85	50	430030010	6	-1	-1	-1
43000133	Wandering Noble	43000	-1	85	50	430030010	60	-1	-1	-1
43000140	Wandering Noble	43000	-1	85	50	430000010	6	-1	-1	-1
43000152	Wandering Noble	43000	-1	85	50	430030010	63	-1	-1	-1
43000200	Wandering Noble	43000	-1	85	50	430000020	6	-1	-1	-1
43000210	Wandering Noble	43000	-1	85	50	430000020	6	-1	-1	-1
43000212	Wandering Noble	43000	-1	85	50	430000020	6	-1	-1	-1
43000230	Wandering Noble	43000	-1	85	50	430030020	6	-1	-1	-1
43000233	Wandering Noble	43000	-1	85	50	430030020	60	-1	-1	-1
43000240	Wandering Noble	43000	-1	85	50	430000020	6	-1	-1	-1
43000252	Wandering Noble	43000	-1	85	50	430030020	63	-1	-1	-1
43000300	Wandering Noble (Puppet)	43000	-1	85	50	-1	6	-1	-1	-1
43000320	Wandering Noble (Puppet)	43000	-1	85	50	-1	54	-1	-1	-1
43000410	Wandering Noble	43000	-1	85	50	-1	6	-1	-1	-1
43000600	Wandering Noble	43000	-1	85	50	-1	26	-1	-1	-1
43000800	Wandering Noble	43000	-1	85	50	-1	6	-1	-1	-1
43000900	Wandering Noble	43000	-1	85	50	-1	6	-1	-1	-1
43001000	Wandering Noble	43000	-1	85	50	430000100	6	-1	-1	-1
43001010	Wandering Noble	43000	-1	85	50	430000100	6	-1	-1	-1
43001012	Wandering Noble	43000	-1	85	50	430000100	6	-1	-1	-1
43001020	Wandering Noble	43000	-1	85	50	430000100	6	-1	-1	-1
43001021	Wandering Noble	43000	-1	85	50	430000100	6	-1	-1	-1
43001024	Wandering Noble	43000	-1	85	50	430000100	6	-1	-1	-1
43001030	Wandering Noble	43000	-1	85	50	430030100	6	-1	-1	-1
43001031	Wandering Noble (Shaded Castle)	43000	-1	85	50	430030100	6	-1	-1	-1
43001032	Wandering Noble	43000	-1	85	50	430030100	60	-1	-1	-1
43001033	Wandering Noble	43000	-1	85	50	430030100	60	-1	-1	-1
43001040	Wandering Noble	43000	-1	85	50	430000100	6	-1	-1	-1
43001052	Wandering Noble	43000	-1	85	50	430050100	63	-1	-1	-1
43001100	Wandering Noble	43000	-1	85	50	430000110	6	-1	-1	-1
43001120	Wandering Noble	43000	-1	85	50	430000110	54	-1	-1	-1
43001128	Wandering Noble	43000	-1	85	50	430000110	27	-1	-1	-1
43001200	Wandering Noble	43000	-1	85	50	-1	6	-1	-1	-1
43001230	Wandering Noble	43000	-1	85	50	-1	6	-1	-1	-1
43001240	Wandering Noble	43000	-1	85	50	-1	6	-1	-1	-1
43001528	Wandering Noble	43000	-1	85	50	430000110	27	-1	-1	-1
43001800	Wandering Noble	43000	-1	85	50	-1	6	-1	-1	-1
43001900	Wandering Noble	43000	-1	85	50	-1	6	-1	-1	-1
43002000	Wandering Noble (Sorcerer)	43000	-1	85	50	430000200	6	-1	-1	-1
43002009	Wandering Noble (Sorcerer)	43000	-1	85	50	-1	6	-1	-1	-1
43002010	Wandering Noble (Sorcerer)	43000	-1	85	50	430000200	6	-1	-1	-1
43002012	Wandering Noble (Sorcerer)	43000	-1	85	50	430000200	6	-1	-1	-1
43002020	Wandering Noble (Sorcerer)	43000	-1	85	50	430000200	6	-1	-1	-1
43002021	Wandering Noble (Sorcerer)	43000	-1	85	50	430000200	6	-1	-1	-1
43002024	Wandering Noble (Sorcerer)	43000	-1	85	50	430000200	6	-1	-1	-1
43002030	Wandering Noble (Sorcerer)	43000	-1	85	50	430030200	6	-1	-1	-1
43002031	Wandering Noble (Sorcerer) (Shaded Castle)	43000	-1	85	50	430030200	6	-1	-1	-1
43002032	Wandering Noble (Sorcerer)	43000	-1	85	50	430030200	61	-1	-1	-1
43002033	Wandering Noble (Sorcerer)	43000	-1	85	50	430030200	60	-1	-1	-1
43002040	Wandering Noble (Sorcerer)	43000	-1	85	50	430000200	48	-1	-1	-1
43002052	Wandering Noble (Sorcerer)	43000	-1	85	50	430030200	63	-1	-1	-1
43002110	Wandering Noble (Sorcerer)	43000	-1	85	50	430000200	6	-1	-1	-1
43002140	Wandering Noble (Sorcerer)	43000	-1	85	50	430000200	6	-1	-1	-1
43002200	Wandering Noble (Sorcerer)	43000	-1	85	50	430000210	6	-1	-1	-1
43002220	Wandering Noble (Sorcerer)	43000	-1	85	50	430000210	54	-1	-1	-1
43002228	Wandering Noble (Sorcerer)	43000	-1	85	50	430000210	27	-1	-1	-1
43002300	Wandering Noble (Sorcerer)	43000	-1	85	50	430000200	6	-1	-1	-1
43002320	Wandering Noble (Sorcerer)	43000	-1	85	50	430000200	6	-1	-1	-1
43002322	Wandering Noble (Sorcerer)	43000	-1	85	50	430000200	6	-1	-1	-1
43002400	Wandering Noble (Sorcerer)	43000	-1	85	50	430000200	6	-1	-1	-1
43002410	Wandering Noble (Sorcerer)	43000	-1	85	50	430000250	6	-1	-1	-1
43002800	Wandering Noble (Sorcerer)	43000	-1	85	50	-1	6	-1	-1	-1
43002900	Wandering Noble (Sorcerer)	43000	-1	85	50	-1	6	-1	-1	-1
43003000	Wandering Noble (Banner)	43000	-1	85	50	430000300	6	-1	-1	-1
43003010	Wandering Noble (Banner)	43000	-1	85	50	430000300	6	-1	-1	-1
43003012	Wandering Noble (Banner)	43000	-1	85	50	430000300	6	-1	-1	-1
43003020	Wandering Noble (Banner)	43000	-1	85	50	430000300	6	-1	-1	-1
43003030	Wandering Noble (Banner)	43000	-1	85	50	430030300	6	-1	-1	-1
43003032	Wandering Noble (Banner)	43000	-1	85	50	430030300	60	-1	-1	-1
43003033	Wandering Noble (Banner)	43000	-1	85	50	430030300	60	-1	-1	-1
43003040	Wandering Noble (Banner)	43000	-1	85	50	430000300	48	-1	-1	-1
43003052	Wandering Noble (Banner)	43000	-1	85	50	430030300	63	-1	-1	-1
43003800	Wandering Noble (Banner)	43000	-1	85	50	-1	6	-1	-1	-1
43003900	Wandering Noble (Banner)	43000	-1	85	50	-1	6	-1	-1	-1
43004000	Wandering Noble (Chest)	43000	-1	85	50	-1	6	-1	-1	-1
43004030	Wandering Noble (Chest)	43000	-1	85	50	430030400	6	-1	-1	-1
43004033	Wandering Noble (Chest)	43000	-1	85	50	430033420	60	-1	-1	-1
43004052	Wandering Noble (Chest)	43000	-1	85	50	430052430	63	-1	-1	-1
43004100	Wandering Noble (Chest)	43000	-1	85	50	-1	6	-1	-1	-1
43004130	Wandering Noble (Chest)	43000	-1	85	50	430030410	6	-1	-1	-1
43004152	Wandering Noble (Chest)	43000	-1	85	50	430052440	6	-1	-1	-1
43004800	Wandering Noble	43000	-1	85	50	430000400	6	-1	-1	-1
43004900	Wandering Noble	43000	-1	85	50	430000400	6	-1	-1	-1
43005000	Wandering Noble	43000	-1	85	50	430000500	6	-1	-1	-1
43005006	Wandering Noble	43000	-1	85	50	430000500	6	-1	-1	-1
43005010	Wandering Noble	43000	-1	85	50	430000500	6	-1	-1	-1
43005012	Wandering Noble	43000	-1	85	50	430000500	6	-1	-1	-1
43005020	Wandering Noble	43000	-1	85	50	430000500	6	-1	-1	-1
43005024	Wandering Noble	43000	-1	85	50	430000500	6	-1	-1	-1
43005030	Wandering Noble	43000	-1	85	50	430030500	6	-1	-1	-1
43005032	Wandering Noble	43000	-1	85	50	430030500	60	-1	-1	-1
43005033	Wandering Noble	43000	-1	85	50	430030500	60	-1	-1	-1
43005040	Wandering Noble	43000	-1	85	50	430000500	48	-1	-1	-1
43005052	Wandering Noble	43000	-1	85	50	430030500	63	-1	-1	-1
43005100	Wandering Noble	43000	-1	85	50	430000510	6	-1	-1	-1
43005110	Wandering Noble	43000	-1	85	50	430000510	6	-1	-1	-1
43005112	Wandering Noble	43000	-1	85	50	430000510	6	-1	-1	-1
43005130	Wandering Noble	43000	-1	85	50	430030510	6	-1	-1	-1
43005133	Wandering Noble	43000	-1	85	50	430030510	60	-1	-1	-1
43005152	Wandering Noble	43000	-1	85	50	430030510	63	-1	-1	-1
43005200	Wandering Noble	43000	-1	85	50	430000520	6	-1	-1	-1
43005210	Wandering Noble	43000	-1	85	50	430000520	6	-1	-1	-1
43005212	Wandering Noble	43000	-1	85	50	430000520	6	-1	-1	-1
43005230	Wandering Noble	43000	-1	85	50	430030520	6	-1	-1	-1
43005233	Wandering Noble	43000	-1	85	50	430030520	60	-1	-1	-1
43005252	Wandering Noble	43000	-1	85	50	430030520	63	-1	-1	-1
43006000	Wandering Noble (Poisoned)	43000	-1	85	50	430000600	6	-1	-1	-1
43006010	Wandering Noble (Poisoned)	43000	-1	85	50	430000600	6	-1	-1	-1
43006012	Wandering Noble (Poisoned)	43000	-1	85	50	430000600	6	-1	-1	-1
43006024	Wandering Noble (Poisoned)	43000	-1	85	50	430000600	6	-1	-1	-1
43006030	Wandering Noble (Poisoned)	43000	-1	85	50	430030600	6	-1	-1	-1
43006032	Wandering Noble (Poisoned)	43000	-1	85	50	430030600	60	-1	-1	-1
43006033	Wandering Noble (Poisoned)	43000	-1	85	50	430030600	60	-1	-1	-1
43006052	Wandering Noble (Poisoned)	43000	-1	85	50	430030600	63	-1	-1	-1
43006100	Wandering Noble (Poisoned)	43000	-1	85	50	430000610	6	-1	-1	-1
43006110	Wandering Noble (Poisoned)	43000	-1	85	50	430000610	6	-1	-1	-1
43006112	Wandering Noble (Poisoned)	43000	-1	85	50	430000610	6	-1	-1	-1
43006130	Wandering Noble (Poisoned)	43000	-1	85	50	430030610	6	-1	-1	-1
43006133	Wandering Noble (Poisoned)	43000	-1	85	50	430030610	60	-1	-1	-1
43006152	Wandering Noble (Poisoned)	43000	-1	85	50	430030610	63	-1	-1	-1
43006200	Wandering Noble (Poisoned)	43000	-1	85	50	430000620	6	-1	-1	-1
43006210	Wandering Noble (Poisoned)	43000	-1	85	50	430000620	6	-1	-1	-1
43006212	Wandering Noble (Poisoned)	43000	-1	85	50	430000620	6	-1	-1	-1
43006230	Wandering Noble (Poisoned)	43000	-1	85	50	430030620	6	-1	-1	-1
43006233	Wandering Noble (Poisoned)	43000	-1	85	50	430030620	60	-1	-1	-1
43006252	Wandering Noble (Poisoned)	43000	-1	85	50	430030620	63	-1	-1	-1
43006300	Wandering Noble (Poisoned)	43000	-1	85	50	-1	6	-1	-1	-1
43006352	Wandering Noble (Poisoned)	43000	-1	85	50	-1	6	-1	-1	-1
43006600	Wandering Noble (Poisoned)	43000	-1	85	50	430000600	6	-1	-1	-1
43006630	Wandering Noble (Poisoned)	43000	-1	85	50	430000600	6	-1	-1	-1
43006633	Wandering Noble (Poisoned)	43000	-1	85	50	430000600	60	-1	-1	-1
43006638	Wandering Noble (Poisoned)	43000	-1	85	50	430000600	6	-1	-1	-1
43006700	Wandering Noble (Poisoned)	43000	-1	85	50	430000610	6	-1	-1	-1
43006738	Wandering Noble (Poisoned)	43000	-1	85	50	430000610	6	-1	-1	-1
43006800	Wandering Noble (Poisoned)	43000	-1	85	50	430000620	6	-1	-1	-1
43006838	Wandering Noble (Poisoned)	43000	-1	85	50	430000620	6	-1	-1	-1
43007000	Wandering Noble	43000	-1	85	50	-1	0	-1	-1	-1
43007010	Wandering Noble	43000	-1	85	50	-1	0	-1	-1	-1
43007012	Wandering Noble	43000	-1	85	50	-1	0	-1	-1	-1
43007020	Wandering Noble	43000	-1	85	50	-1	0	-1	-1	-1
43007030	Wandering Noble	43000	-1	85	50	-1	0	-1	-1	-1
43007040	Wandering Noble	43000	-1	85	50	-1	0	-1	-1	-1
43007052	Wandering Noble	43000	-1	85	50	-1	0	-1	-1	-1
43007100	Wandering Noble	43000	-1	85	50	-1	0	-1	-1	-1
43007110	Wandering Noble	43000	-1	85	50	-1	0	-1	-1	-1
43007112	Wandering Noble	43000	-1	85	50	-1	0	-1	-1	-1
43007120	Wandering Noble	43000	-1	85	50	-1	0	-1	-1	-1
43007130	Wandering Noble	43000	-1	85	50	-1	0	-1	-1	-1
43007150	Wandering Noble	43000	-1	85	50	-1	0	-1	-1	-1
43009000	Wandering Noble (Stranded Soul)	43000	-1	85	50	-1	0	-1	-1	-1
43009010	Wandering Noble (Stranded Soul)	43000	-1	85	50	-1	0	-1	-1	-1
43009012	Wandering Noble (Stranded Soul)	43000	-1	85	50	-1	0	-1	-1	-1
43009100	Wandering Noble (Stranded Soul)	43000	-1	85	50	-1	0	-1	-1	-1
43009110	Wandering Noble (Stranded Soul)	43000	-1	85	50	-1	0	-1	-1	-1
43009120	Wandering Noble (Stranded Soul)	43000	-1	85	50	-1	0	-1	-1	-1
43009130	Wandering Noble (Stranded Soul)	43000	-1	85	50	-1	0	-1	-1	-1
43009132	Wandering Noble (Stranded Soul)	43000	-1	85	50	-1	0	-1	-1	-1
43009140	Wandering Noble (Stranded Soul)	43000	-1	85	50	-1	0	-1	-1	-1
43009150	Wandering Noble (Stranded Soul)	43000	-1	85	50	-1	0	-1	-1	-1
43009200	Wandering Noble (Stranded Soul)	43000	-1	85	50	-1	0	-1	-1	-1
43009212	Wandering Noble (Stranded Soul)	43000	-1	85	50	-1	0	-1	-1	-1
43009220	Wandering Noble (Stranded Soul)	43000	-1	85	50	-1	0	-1	-1	-1
43009232	Wandering Noble (Stranded Soul)	43000	-1	85	50	-1	0	-1	-1	-1
43009240	Wandering Noble (Stranded Soul)	43000	-1	85	50	-1	0	-1	-1	-1
43009250	Wandering Noble (Stranded Soul)	43000	-1	85	50	-1	0	-1	-1	-1
43009252	Wandering Noble (Stranded Soul)	43000	-1	85	50	-1	0	-1	-1	-1
43009300	Wandering Noble (Stranded Soul)	43000	-1	85	50	-1	0	-1	-1	-1
43009320	Wandering Noble (Stranded Soul)	43000	-1	85	50	-1	0	-1	-1	-1
43009330	Wandering Noble (Stranded Soul)	43000	-1	85	50	-1	0	-1	-1	-1
43009332	Wandering Noble (Stranded Soul)	43000	-1	85	50	-1	0	-1	-1	-1
43009340	Wandering Noble (Stranded Soul)	43000	-1	85	50	-1	0	-1	-1	-1
43009350	Wandering Noble (Stranded Soul)	43000	-1	85	50	-1	0	-1	-1	-1
43009352	Wandering Noble (Stranded Soul)	43000	-1	85	50	-1	0	-1	-1	-1
43009366	Wandering Noble (Stranded Soul)	43000	-1	85	50	-1	0	-1	-1	-1
43110000	Godrick Soldier	43100	4310	192	90	431100000	6	-1	4310	4310
43110009	Godrick Soldier	43100	4310	192	90	-1	6	-1	4310	4310
43110010	Godrick Soldier	43100	4310	192	90	431100000	48	-1	4310	4310
43110012	Godrick Soldier	43100	4310	192	90	431100000	48	-1	4310	4310
43110013	Godrick Soldier	43100	4310	192	90	431100000	48	-1	4310	4310
43110912	Godrick Soldier	43100	4310	192	90	-1	6	-1	4310	4310
43110914	Godrick Soldier (Stormveil Castle)	43100	4310	192	90	-1	6	-1	4310	4310
43111100	Godrick Soldier	43100	4310	192	90	431100010	6	-1	4310	4310
43111110	Godrick Soldier	43100	4310	192	90	431100010	48	-1	4310	4310
43111112	Godrick Soldier	43100	4310	192	90	431100010	48	-1	4310	4310
43111140	Godrick Soldier	43100	4310	192	90	-1	48	-1	4310	4310
43111200	Godrick Soldier	43100	4310	192	90	431100020	6	-1	4310	4310
43111210	Godrick Soldier	43100	4310	192	90	431100020	48	-1	4310	4310
43111212	Godrick Soldier	43100	4310	192	90	431100020	48	-1	4310	4310
43111300	Godrick Soldier	43100	4310	192	90	431100030	6	-1	4310	4310
43111306	Godrick Soldier	43100	4310	192	90	-1	6	-1	4310	4310
43111310	Godrick Soldier	43100	4310	192	90	431100030	48	-1	4310	4310
43111312	Godrick Soldier	43100	4310	192	90	431100030	48	-1	4310	4310
43111313	Godrick Soldier	43100	4310	192	90	431100030	48	-1	4310	4310
43111400	Godrick Soldier	43100	4310	192	90	431100050	6	-1	4310	4310
43111410	Godrick Soldier	43100	4310	192	90	431100050	48	-1	4310	4310
43111412	Godrick Soldier	43100	4310	192	90	431100050	48	-1	4310	4310
43112000	Godrick Soldier	43100	4310	192	90	431100100	6	-1	4310	4310
43112010	Godrick Soldier	43100	4310	192	90	431100100	48	-1	4310	4310
43112012	Godrick Soldier	43100	4310	192	90	431100100	48	-1	4310	4310
43112100	Godrick Soldier	43100	4310	192	90	431100110	6	-1	4310	4310
43112110	Godrick Soldier	43100	4310	192	90	431100110	48	-1	4310	4310
43112112	Godrick Soldier	43100	4310	192	90	431100110	48	-1	4310	4310
43112200	Godrick Soldier	43100	4310	192	90	431100100	6	-1	4310	4310
43112210	Godrick Soldier	43100	4310	192	90	431100100	48	-1	4310	4310
43112212	Godrick Soldier	43100	4310	192	90	431100100	48	-1	4310	4310
43112300	Godrick Soldier	43100	4310	192	90	-1	6	-1	4310	4310
43112400	Godrick Soldier	43100	4310	192	90	431100120	6	-1	4310	4310
43112410	Godrick Soldier	43100	4310	192	90	431100120	48	-1	4310	4310
43112412	Godrick Soldier	43100	4310	192	90	431100120	48	-1	4310	4310
43113000	Godrick Soldier	43100	4310	192	90	431100200	6	-1	4310	4310
43113010	Godrick Soldier	43100	4310	192	90	431100200	48	-1	4310	4310
43113012	Godrick Soldier	43100	4310	192	90	431100200	48	-1	4310	4310
43113040	Godrick Soldier	43100	4310	192	90	-1	48	-1	4310	4310
43113906	Soldier of Godrick (Boss)	43100	4310	192	90	-1	6	-1	4310	4310
43114000	Godrick Soldier	43100	4310	192	90	431100300	6	-1	4310	4310
43114006	Godrick Soldier	43100	4310	192	90	-1	6	-1	4310	4310
43114010	Godrick Soldier	43100	4310	192	90	431100300	48	-1	4310	4310
43114012	Godrick Soldier	43100	4310	192	90	431100300	48	-1	4310	4310
43114013	Godrick Soldier	43100	4310	192	90	431100300	48	-1	4310	4310
43114090	Godrick Soldier	43100	4310	390	90	-1	6	-1	4310	4310
43120000	Raya Lucaria Soldier	43100	4310	192	90	431200000	6	-1	4310	4310
43120020	Raya Lucaria Soldier	43100	4310	192	90	431200000	48	-1	4310	4310
43120021	Raya Lucaria Soldier	43100	4310	192	90	431200000	48	-1	4310	4310
43120028	Raya Lucaria Soldier	43100	4310	192	90	431200000	27	-1	4310	4310
43120100	Raya Lucaria Soldier	43100	4310	192	90	431200510	6	-1	4310	4310
43120120	Raya Lucaria Soldier	43100	4310	192	90	431200510	48	-1	4310	4310
43120200	Raya Lucaria Soldier	43100	4310	192	90	-1	6	-1	4310	4310
43120300	Raya Lucaria Soldier	43100	4310	192	90	431200020	6	-1	4310	4310
43120320	Raya Lucaria Soldier	43100	4310	192	90	431200020	48	-1	4310	4310
43120321	Raya Lucaria Soldier	43100	4310	192	90	431200020	6	-1	4310	4310
43121000	Raya Lucaria Soldier	43100	4310	192	90	431200530	6	-1	4310	4310
43121020	Raya Lucaria Soldier	43100	4310	192	90	431200530	48	-1	4310	4310
43121021	Raya Lucaria Soldier	43100	4310	192	90	431200530	48	-1	4310	4310
43121100	Raya Lucaria Soldier	43100	4310	192	90	431200040	6	-1	4310	4310
43121120	Raya Lucaria Soldier	43100	4310	192	90	431200040	48	-1	4310	4310
43121200	Raya Lucaria Soldier	43100	4310	192	90	431200040	6	-1	4310	4310
43121300	Raya Lucaria Soldier	43100	4310	192	90	431200550	6	-1	4310	4310
43121320	Raya Lucaria Soldier	43100	4310	192	90	431200550	48	-1	4310	4310
43121321	Raya Lucaria Soldier	43100	4310	192	90	431200050	48	-1	4310	4310
43121820	Raya Lucaria Soldier	43100	4310	192	90	431200530	0	-1	4310	4310
43122000	Raya Lucaria Soldier	43100	4310	192	90	431200100	6	-1	4310	4310
43122020	Raya Lucaria Soldier	43100	4310	192	90	431200100	48	-1	4310	4310
43122021	Raya Lucaria Soldier	43100	4310	192	90	431200100	48	-1	4310	4310
43123000	Raya Lucaria Soldier	43100	4310	192	90	431200200	6	-1	4310	4310
43123020	Raya Lucaria Soldier	43100	4310	192	90	431200200	48	-1	4310	4310
43123021	Raya Lucaria Soldier	43100	4310	192	90	431200200	48	-1	4310	4310
43123028	Raya Lucaria Soldier	43100	4310	192	90	431200200	27	-1	4310	4310
43130000	Leyndell Soldier	43100	4310	192	90	431300000	6	-1	4310	4310
43130030	Leyndell Soldier	43100	4310	192	90	431300000	48	-1	4310	4310
43130032	Leyndell Soldier	43100	4310	192	90	431300000	48	-1	4310	4310
43130034	Leyndell Soldier  (Leyndell)	43100	4310	192	90	431334000	6	-1	4310	4310
43130035	Leyndell Soldier	43100	4310	192	90	431300000	6	-1	4310	4310
43130100	Leyndell Soldier	43100	4310	192	90	431300510	6	-1	4310	4310
43130130	Leyndell Soldier	43100	4310	192	90	431300510	48	-1	4310	4310
43130132	Leyndell Soldier	43100	4310	192	90	431300510	48	-1	4310	4310
43130134	Leyndell Soldier (Leyndell)	43100	4310	192	90	431334510	6	-1	4310	4310
43130150	Leyndell Soldier	43100	4310	192	90	431300510	6	-1	4310	4310
43130200	Leyndell Soldier	43100	4310	192	90	431300020	6	-1	4310	4310
43130230	Leyndell Soldier	43100	4310	192	90	431300020	48	-1	4310	4310
43130232	Leyndell Soldier	43100	4310	192	90	431300020	48	-1	4310	4310
43130234	Leyndell Soldier (Leyndell)	43100	4310	192	90	431334020	6	-1	4310	4310
43130300	Leyndell Soldier	43100	4310	192	90	431300530	6	-1	4310	4310
43130330	Leyndell Soldier	43100	4310	192	90	431300530	48	-1	4310	4310
43130332	Leyndell Soldier	43100	4310	192	90	431300530	48	-1	4310	4310
43130334	Leyndell Soldier (Leyndell)	43100	4310	192	90	431334530	6	-1	4310	4310
43130335	Leyndell Soldier	43100	4310	192	90	431300530	6	-1	4310	4310
43130400	Leyndell Soldier	43100	4310	192	90	431300000	6	-1	4310	4310
43130435	Leyndell Soldier	43100	4310	192	90	-1	6	-1	4310	4310
43130500	Leyndell Soldier	43100	4310	192	90	431300030	6	-1	4310	4310
43130535	Leyndell Soldier	43100	4310	192	90	-1	6	-1	4310	4310
43131000	Leyndell Soldier	43100	4310	192	90	431300100	6	-1	4310	4310
43131030	Leyndell Soldier	43100	4310	192	90	431300100	48	-1	4310	4310
43131032	Leyndell Soldier	43100	4310	192	90	431300100	48	-1	4310	4310
43131034	Leyndell Soldier (Leyndell)	43100	4310	192	90	431334100	6	-1	4310	4310
43131100	Leyndell Soldier	43100	4310	192	90	431300610	6	-1	4310	4310
43131130	Leyndell Soldier	43100	4310	192	90	431300610	48	-1	4310	4310
43131132	Leyndell Soldier	43100	4310	192	90	431300610	48	-1	4310	4310
43131200	Leyndell Soldier	43100	4310	192	90	431300100	6	-1	4310	4310
43131300	Leyndell Soldier	43100	4310	192	90	431300120	6	-1	4310	4310
43131330	Leyndell Soldier	43100	4310	192	90	431300120	48	-1	4310	4310
43132000	Leyndell Soldier	43100	4310	192	90	431300200	6	-1	4310	4310
43132030	Leyndell Soldier	43100	4310	192	90	431300200	48	-1	4310	4310
43132032	Leyndell Soldier	43100	4310	192	90	431300200	48	-1	4310	4310
43132034	Leyndell Soldier (Leyndell)	43100	4310	192	90	431334200	6	-1	4310	4310
43133000	Leyndell Soldier	43100	4310	192	90	431300300	6	-1	4310	4310
43133030	Leyndell Soldier	43100	4310	192	90	431300300	48	-1	4310	4310
43133032	Leyndell Soldier	43100	4310	192	90	431300300	48	-1	4310	4310
43133034	Leyndell Soldier (Leyndell)	43100	4310	192	90	431334300	6	-1	4310	4310
43133035	Leyndell Soldier	43100	4310	192	90	431300300	6	-1	4310	4310
43133100	Leyndell Soldier	43100	4310	192	90	431300300	6	-1	4310	4310
43133135	Leyndell Soldier	43100	4310	192	90	-1	6	-1	4310	4310
43134032	Leyndell Soldier	43100	4310	192	90	431300000	6	-1	4310	4310
43134132	Leyndell Soldier	43100	4310	192	90	431300510	6	-1	4310	4310
43134232	Leyndell Soldier	43100	4310	192	90	431300020	6	-1	4310	4310
43134332	Leyndell Soldier	43100	4310	192	90	431300530	6	-1	4310	4310
43135032	Leyndell Soldier	43100	4310	192	90	431300100	6	-1	4310	4310
43135132	Leyndell Soldier	43100	4310	192	90	431300610	6	-1	4310	4310
43136032	Leyndell Soldier	43100	4310	192	90	431300200	6	-1	4310	4310
43137032	Leyndell Soldier	43100	4310	192	90	431300300	6	-1	4310	4310
43140000	Radahn Soldier	43100	4310	192	90	431400000	6	-1	4310	4310
43140040	Radahn Soldier	43100	4310	192	90	431400000	48	-1	4310	4310
43140041	Radahn Soldier	43100	4310	192	90	431400000	48	-1	4310	4310
43140042	Radahn Soldier	43100	4310	192	90	431400000	48	-1	4310	4310
43140100	Radahn Soldier	43100	4310	192	90	431400510	6	-1	4310	4310
43140140	Radahn Soldier	43100	4310	192	90	431400510	48	-1	4310	4310
43140200	Radahn Soldier	43100	4310	192	90	431400020	6	-1	4310	4310
43140240	Radahn Soldier	43100	4310	192	90	431400020	48	-1	4310	4310
43140242	Radahn Soldier	43100	4310	192	90	431400020	48	-1	4310	4310
43140300	Radahn Soldier	43100	4310	192	90	431400530	6	-1	4310	4310
43140340	Radahn Soldier	43100	4310	192	90	431400530	48	-1	4310	4310
43140341	Radahn Soldier	43100	4310	192	90	431400530	48	-1	4310	4310
43140342	Radahn Soldier	43100	4310	192	90	431400530	48	-1	4310	4310
43140440	Radahn Soldier	43100	4310	192	90	-1	28	-1	4310	4310
43140500	Radahn Soldier	43100	4310	192	90	-1	6	-1	4310	4310
43140542	Radahn Soldier	43100	4310	192	90	-1	48	-1	4310	4310
43140642	Radahn Soldier	43100	4310	192	90	-1	48	-1	4310	4310
43141000	Radahn Soldier	43100	4310	192	90	431400100	6	-1	4310	4310
43141040	Radahn Soldier	43100	4310	192	90	431400100	48	-1	4310	4310
43141042	Radahn Soldier	43100	4310	192	90	431400100	48	-1	4310	4310
43141100	Radahn Soldier	43100	4310	192	90	431400610	6	-1	4310	4310
43141140	Radahn Soldier	43100	4310	192	90	431400610	48	-1	4310	4310
43141141	Radahn Soldier	43100	4310	192	90	431400610	48	-1	4310	4310
43141200	Radahn Soldier	43100	4310	192	90	431400100	6	-1	4310	4310
43141300	Radahn Soldier	43100	4310	192	90	431400120	6	-1	4310	4310
43141340	Radahn Soldier	43100	4310	192	90	431400120	48	-1	4310	4310
43141342	Radahn Soldier	43100	4310	192	90	431400120	48	-1	4310	4310
43141400	Radahn Soldier	43100	4310	192	90	-1	6	-1	4310	4310
43141442	Radahn Soldier	43100	4310	192	90	-1	48	-1	4310	4310
43142000	Radahn Soldier	43100	4310	192	90	431400200	6	-1	4310	4310
43142040	Radahn Soldier	43100	4310	192	90	431400200	48	-1	4310	4310
43142042	Radahn Soldier	43100	4310	192	90	431400200	48	-1	4310	4310
43142100	Radahn Soldier	43100	4310	192	90	-1	6	-1	4310	4310
43142142	Radahn Soldier	43100	4310	192	90	-1	48	-1	4310	4310
43142242	Radahn Soldier	43100	4310	192	90	431400200	6	-1	4310	4310
43143000	Radahn Soldier	43100	4310	192	90	431400300	6	-1	4310	4310
43143040	Radahn Soldier	43100	4310	192	90	431400300	48	-1	4310	4310
43143041	Radahn Soldier	43100	4310	192	90	431400300	48	-1	4310	4310
43143042	Radahn Soldier	43100	4310	192	90	431400300	48	-1	4310	4310
43143100	Radahn Soldier	43100	4310	192	90	-1	6	-1	4310	4310
43143142	Radahn Soldier	43100	4310	192	90	-1	48	-1	4310	4310
43143242	Radahn Soldier	43100	4310	192	90	431400300	6	-1	4310	4310
43150000	Mausoleum Soldier	43100	4310	192	90	431500000	6	-1	4310	4310
43150012	Mausoleum Soldier	43100	4310	192	90	431512000	6	-1	4310	4310
43150020	Mausoleum Soldier	43100	4310	192	90	431520000	6	-1	4310	4310
43150052	Mausoleum Soldier	43100	4310	192	90	431552000	6	-1	4310	4310
43150066	Mausoleum Soldier	43100	4310	192	90	431566000	6	-1	4310	4310
43150200	Mausoleum Soldier	43100	4310	192	90	431500000	6	-1	4310	4310
43150266	Mausoleum Soldier	43100	4310	192	90	431566000	6	-1	4310	4310
43150300	Mausoleum Soldier	43100	4310	192	90	431500010	6	-1	4310	4310
43150320	Mausoleum Soldier	43100	4310	192	90	431520010	6	-1	4310	4310
43150366	Mausoleum Soldier	43100	4310	192	90	431566010	6	-1	4310	4310
43151000	Mausoleum Soldier	43100	4310	192	90	431500100	6	-1	4310	4310
43151020	Mausoleum Soldier	43100	4310	192	90	431520100	6	-1	4310	4310
43151052	Mausoleum Soldier	43100	4310	192	90	431552100	6	-1	4310	4310
43151066	Mausoleum Soldier	43100	4310	192	90	431566100	6	-1	4310	4310
43151200	Mausoleum Soldier	43100	4310	192	90	431500100	6	-1	4310	4310
43151266	Mausoleum Soldier	43100	4310	192	90	431566100	6	-1	4310	4310
43151300	Mausoleum Soldier	43100	4310	192	90	431500100	6	-1	4310	4310
43151366	Mausoleum Soldier	43100	4310	192	90	431566100	6	-1	4310	4310
43152000	Mausoleum Soldier	43100	4310	192	90	431500200	6	-1	4310	4310
43152052	Mausoleum Soldier	43100	4310	192	90	431552200	6	-1	4310	4310
43152066	Mausoleum Soldier	43100	4310	192	90	431566200	6	-1	4310	4310
43153000	Mausoleum Soldier	43100	4310	192	90	431500300	6	-1	4310	4310
43153052	Mausoleum Soldier	43100	4310	192	90	431552300	6	-1	4310	4310
43153066	Mausoleum Soldier	43100	4310	192	90	431566300	6	-1	4310	4310
43160000	Haligtree Soldier	43100	4310	192	90	431600000	6	-1	4310	4310
43160056	Haligtree Soldier	43100	4310	192	90	431600000	6	-1	4310	4310
43160100	Haligtree Soldier	43100	4310	192	90	431600015	6	-1	4310	4310
43160156	Haligtree Soldier	43100	4310	192	90	431600015	6	-1	4310	4310
43160200	Haligtree Soldier	43100	4310	192	90	431600030	6	-1	4310	4310
43160256	Haligtree Soldier	43100	4310	192	90	431600030	6	-1	4310	4310
43160300	Haligtree Soldier	43100	4310	192	90	431600045	6	-1	4310	4310
43160356	Haligtree Soldier	43100	4310	192	90	431600045	6	-1	4310	4310
43160556	Haligtree Soldier	43100	4310	192	90	431656000	6	-1	4310	4310
43160656	Haligtree Soldier	43100	4310	192	90	431656015	6	-1	4310	4310
43160756	Haligtree Soldier	43100	4310	192	90	431656030	6	-1	4310	4310
43160856	Haligtree Soldier	43100	4310	192	90	431656045	6	-1	4310	4310
43161000	Haligtree Soldier	43100	4310	192	90	431600100	6	-1	4310	4310
43161056	Haligtree Soldier	43100	4310	192	90	431600100	6	-1	4310	4310
43161100	Haligtree Soldier	43100	4310	192	90	431656115	6	-1	4310	4310
43161156	Haligtree Soldier	43100	4310	192	90	431600115	6	-1	4310	4310
43161200	Haligtree Soldier	43100	4310	192	90	431600130	6	-1	4310	4310
43161256	Haligtree Soldier	43100	4310	192	90	431600130	6	-1	4310	4310
43161300	Haligtree Soldier	43100	4310	192	90	431600145	6	-1	4310	4310
43161356	Haligtree Soldier	43100	4310	192	90	431600145	6	-1	4310	4310
43161556	Haligtree Soldier	43100	4310	192	90	431656100	6	-1	4310	4310
43161656	Haligtree Soldier	43100	4310	192	90	431656115	6	-1	4310	4310
43161756	Haligtree Soldier	43100	4310	192	90	431656130	6	-1	4310	4310
43161856	Haligtree Soldier	43100	4310	192	90	431656145	6	-1	4310	4310
43162000	Haligtree Soldier	43100	4310	192	90	431600200	6	-1	4310	4310
43162056	Haligtree Soldier	43100	4310	192	90	431600200	6	-1	4310	4310
43162556	Haligtree Soldier	43100	4310	192	90	431656200	6	-1	4310	4310
43163000	Haligtree Soldier	43100	4310	192	90	431600300	6	-1	4310	4310
43163056	Haligtree Soldier	43100	4310	192	90	431600300	6	-1	4310	4310
43163556	Haligtree Soldier	43100	4310	192	90	431656300	6	-1	4310	4310
43210000	Vulgar Militia	43210	-1	153	50	432100000	6	4320	4320	4320
43210012	Vulgar Militia	43210	-1	153	50	432100000	6	4320	4320	4320
43210020	Vulgar Militia	43210	-1	153	50	432100000	6	4320	4320	4320
43210026	Vulgar Militia	43210	-1	153	50	432100000	6	4320	4320	4320
43210030	Vulgar Militia	43210	-1	153	50	432100000	6	4320	4320	4320
43210033	Vulgar Militia	43210	-1	153	50	432100000	6	4320	4320	4320
43210040	Vulgar Militia	43210	-1	153	50	432100000	6	4320	4320	4320
43210100	Vulgar Militia	43210	-1	153	50	432100100	6	4320	4320	4320
43210142	Vulgar Militia	43210	-1	153	50	432100100	6	4320	4320	4320
43210150	Vulgar Militia	43210	-1	153	50	432100100	6	4320	4320	4320
43210152	Vulgar Militia	43210	-1	153	50	432100100	6	4320	4320	4320
43211000	Vulgar Militia	43210	-1	153	50	432100200	6	4320	4320	4320
43211012	Vulgar Militia	43210	-1	153	50	432100200	6	4320	4320	4320
43211020	Vulgar Militia	43210	-1	153	50	432100200	6	4320	4320	4320
43211026	Vulgar Militia	43210	-1	153	50	432100200	6	4320	4320	4320
43211030	Vulgar Militia	43210	-1	153	50	432100200	6	4320	4320	4320
43211040	Vulgar Militia	43210	-1	153	50	432100200	6	4320	4320	4320
43211100	Vulgar Militia	43210	-1	153	50	432100300	6	4320	4320	4320
43211142	Vulgar Militia	43210	-1	153	50	432100300	6	4320	4320	4320
43211150	Vulgar Militia	43210	-1	153	50	432100300	6	4320	4320	4320
43211152	Vulgar Militia	43210	-1	153	50	432100300	6	4320	4320	4320
43212000	Vulgar Militia	43210	-1	153	50	432100400	6	4320	4320	4320
43212012	Vulgar Militia	43210	-1	153	50	432100400	6	4320	4320	4320
43212020	Vulgar Militia	43210	-1	153	50	432100400	6	4320	4320	4320
43212026	Vulgar Militia	43210	-1	153	50	432100400	6	4320	4320	4320
43212030	Vulgar Militia	43210	-1	153	50	432100400	6	4320	4320	4320
43212033	Vulgar Militia	43210	-1	153	50	432100400	6	4320	4320	4320
43212040	Vulgar Militia	43210	-1	153	50	432100400	6	4320	4320	4320
43212100	Vulgar Militia	43210	-1	153	50	432100500	6	4320	4320	4320
43212142	Vulgar Militia	43210	-1	153	50	432100500	6	4320	4320	4320
43212150	Vulgar Militia	43210	-1	153	50	432100500	6	4320	4320	4320
43212152	Vulgar Militia	43210	-1	153	50	432100500	6	4320	4320	4320
43400000	Mad Pumpkin Head	43400	-1	582	50	434000000	6	-1	-1	-1
43400010	Mad Pumpkin Head	43400	-1	582	50	434000010	48	-1	-1	-1
43400020	Mad Pumpkin Head	43400	-1	582	50	434000020	48	-1	-1	-1
43400030	Mad Pumpkin Head	43400	-1	582	50	434000040	48	-1	-1	-1
43400032	Mad Pumpkin Head	43400	-1	582	50	434000040	48	-1	-1	-1
43400040	Mad Pumpkin Head	43400	-1	582	50	434000030	48	-1	-1	-1
43400100	Mad Pumpkin Head	43400	-1	582	50	434000000	6	-1	-1	-1
43400200	Mad Pumpkin Head	43400	-1	582	50	434000000	48	-1	-1	-1
43400300	Mad Pumpkin Head	43400	-1	582	50	434000000	48	-1	-1	-1
43400400	Mad Pumpkin Head	43400	-1	582	50	434000000	6	-1	-1	-1
43400430	Mad Pumpkin Head	43400	-1	582	50	434000000	48	-1	-1	-1
43400500	Mad Pumpkin Head	43400	-1	582	50	434000000	6	-1	-1	-1
43400910	Mad Pumpkin Head (Boss)	43400	-1	582	50	-1	6	-1	-1	-1
43400940	Mad Pumpkin Head (Flail)	43400	-1	582	50	-1	48	-1	-1	-1
43401000	Mad Pumpkin Head	43400	-1	582	50	434000100	6	-1	-1	-1
43401013	Mad Pumpkin Head	43400	-1	582	50	434000110	48	-1	-1	-1
43401024	Mad Pumpkin Head	43400	-1	582	50	434000120	6	-1	-1	-1
43401030	Mad Pumpkin Head	43400	-1	582	50	434000140	48	-1	-1	-1
43401032	Mad Pumpkin Head	43400	-1	582	50	434000140	48	-1	-1	-1
43401040	Mad Pumpkin Head	43400	-1	582	50	434000130	48	-1	-1	-1
43401041	Mad Pumpkin Head	43400	-1	582	50	434000130	48	-1	-1	-1
43401100	Mad Pumpkin Head	43400	-1	582	50	434000100	6	-1	-1	-1
43401110	Mad Pumpkin Head	43400	-1	582	50	434000110	48	-1	-1	-1
43401130	Mad Pumpkin Head	43400	-1	582	50	434000140	48	-1	-1	-1
43401940	Mad Pumpkin Head (Hammer)	43400	-1	582	50	-1	48	-1	-1	-1
43410000	Thin Mad Pumpkin Head	43410	4340	582	50	434000000	6	-1	4340	4340
43411000	Thin Mad Pumpkin Head	43410	4340	582	50	434000100	6	-1	4340	4340
43510000	Godrick Knight	43500	4350	576	120	-1	6	-1	4350	4350
43510010	Godrick Knight	43500	4350	576	120	435100000	48	-1	4350	4350
43510100	Godrick Knight	43500	4350	576	120	-1	6	-1	4350	4350
43510110	Godrick Knight (Blood)	43500	4350	576	120	435100000	6	-1	4350	4350
43511000	Godrick Knight	43500	4350	576	120	-1	6	-1	4350	4350
43511010	Godrick Knight	43500	4350	576	120	435100100	48	-1	4350	4350
43511100	Godrick Knight	43500	4350	576	120	-1	6	-1	4350	4350
43511110	Godrick Knight	43500	4350	576	120	435110100	6	-1	4350	4350
43511112	Godrick Knight	43500	4350	576	120	435100100	48	-1	4350	4350
43512000	Godrick Knight	43500	4350	576	120	-1	6	-1	4350	4350
43520000	Cuckoo Knight	43500	4350	576	120	-1	6	-1	4350	4350
43520020	Cuckoo Knight	43500	4350	576	120	435200000	48	-1	4350	4350
43521000	Cuckoo Knight	43500	4350	576	120	-1	6	-1	4350	4350
43521100	Cuckoo Knight	43500	4350	576	120	-1	6	-1	4350	4350
43521120	Cuckoo Knight	43500	4350	576	120	435200100	48	-1	4350	4350
43522000	Cuckoo Knight	43500	4350	576	120	-1	6	-1	4350	4350
43530000	Leyndell Knight	43500	4350	576	120	435300000	6	-1	4350	4350
43530020	Leyndell Knight	43500	4350	576	120	435320000	6	-1	4350	4350
43530030	Leyndell Knight	43500	4350	576	120	435300000	48	-1	4350	4350
43530032	Leyndell Knight	43500	4350	576	120	435300000	48	-1	4350	4350
43530034	Leyndell Knight (Leyndell)	43500	4350	576	120	435300000	6	-1	4350	4350
43530035	Leyndell Knight	43500	4350	576	120	435300000	6	-1	4350	4350
43530036	Leyndell Knight	43500	4350	576	120	-1	8	-1	4350	4350
43530100	Leyndell Knight	43500	4350	576	120	435300000	6	-1	4350	4350
43530132	Leyndell Knight	43500	4350	576	120	435300000	6	-1	4350	4350
43530200	Leyndell Knight	43500	4350	576	120	435300000	6	-1	4350	4350
43530235	Leyndell Knight	43500	4350	576	120	-1	6	-1	4350	4350
43530500	Leyndell Knight	43500	4350	576	120	435300000	6	-1	4350	4350
43530534	Leyndell Knight (Leyndell)	43500	4350	576	120	435300000	6	-1	4350	4350
43531000	Leyndell Knight	43500	4350	576	120	435300100	6	-1	4350	4350
43531030	Leyndell Knight	43500	4350	576	120	435300100	48	-1	4350	4350
43531032	Leyndell Knight	43500	4350	576	120	435300100	48	-1	4350	4350
43531034	Leyndell Knight (Leyndell)	43500	4350	576	120	435300100	6	-1	4350	4350
43531036	Leyndell Knight	43500	4350	576	120	-1	8	-1	4350	4350
43531100	Leyndell Knight	43500	4350	576	120	435300200	6	-1	4350	4350
43531130	Leyndell Knight	43500	4350	576	120	435300200	48	-1	4350	4350
43531132	Leyndell Knight	43500	4350	576	120	435300200	48	-1	4350	4350
43531136	Leyndell Knight	43500	4350	576	120	-1	8	-1	4350	4350
43531150	Leyndell Knight	43500	4350	576	120	435300200	6	-1	4350	4350
43531200	Leyndell Knight	43500	4350	576	120	435300100	6	-1	4350	4350
43531232	Leyndell Knight	43500	4350	576	120	435300100	6	-1	4350	4350
43531234	Leyndell Knight (Leyndell)	43500	4350	576	120	435300100	6	-1	4350	4350
43531300	Leyndell Knight	43500	4350	576	120	-1	6	-1	4350	4350
43531500	Leyndell Knight	43500	4350	576	120	435300100	6	-1	4350	4350
43531534	Leyndell Knight (Leyndell)	43500	4350	576	120	435300700	6	-1	4350	4350
43532000	Leyndell Knight	43500	4350	576	120	435300300	6	-1	4350	4350
43532030	Leyndell Knight	43500	4350	576	120	435300300	48	-1	4350	4350
43532034	Leyndell Knight - Archer (Leyndell)	43500	4350	576	120	435300300	6	-1	4350	4350
43532050	Leyndell Knight	43500	4350	576	120	435300300	6	-1	4350	4350
43532100	Leyndell Knight	43500	4350	576	120	-1	6	-1	4350	4350
43540000	Redmane Knight	43500	4350	576	120	-1	6	-1	4350	4350
43540040	Redmane Knight	43500	4350	576	120	435400000	48	-1	4350	4350
43540041	Redmane Knight	43500	4350	576	120	435400000	48	-1	4350	4350
43540042	Redmane Knight	43500	4350	576	120	435400000	48	-1	4350	4350
43540200	Redmane Knight	43500	4350	576	120	-1	6	-1	4350	4350
43540242	Redmane Knight	43500	4350	576	120	-1	48	-1	4350	4350
43540342	Redmane Knight	43500	4350	576	120	-1	48	-1	4350	4350
43541000	Redmane Knight	43500	4350	576	120	-1	6	-1	4350	4350
43541040	Redmane Knight	43500	4350	576	120	435400100	48	-1	4350	4350
43541041	Redmane Knight	43500	4350	576	120	435400100	48	-1	4350	4350
43541042	Redmane Knight	43500	4350	576	120	435400100	48	-1	4350	4350
43541100	Redmane Knight	43500	4350	576	120	-1	6	-1	4350	4350
43541140	Redmane Knight	43500	4350	576	120	435400200	48	-1	4350	4350
43541200	Redmane Knight	43500	4350	576	120	-1	6	-1	4350	4350
43541242	Redmane Knight	43500	4350	576	120	-1	48	-1	4350	4350
43542000	Redmane Knight	43500	4350	576	120	-1	6	-1	4350	4350
43542040	Redmane Knight	43500	4350	576	120	435400300	48	-1	4350	4350
43542042	Redmane Knight	43500	4350	576	120	435400300	48	-1	4350	4350
43542200	Redmane Knight	43500	4350	576	120	-1	6	-1	4350	4350
43542242	Redmane Knight	43500	4350	576	120	-1	48	-1	4350	4350
43550000	Mausoleum Knight	43500	4350	576	120	-1	6	-1	4350	4350
43550020	Mausoleum Knight	43500	4350	576	120	435500000	6	-1	4350	4350
43550052	Mausoleum Knight	43500	4350	576	120	435500000	6	-1	4350	4350
43550066	Mausoleum Knight	43500	4350	576	120	435500000	6	-1	4350	4350
43551000	Mausoleum Knight	43500	4350	576	120	-1	6	-1	4350	4350
43551052	Mausoleum Knight	43500	4350	576	120	435500100	6	-1	4350	4350
43551066	Mausoleum Knight	43500	4350	576	120	435500100	6	-1	4350	4350
43551100	Mausoleum Knight	43500	4350	576	120	-1	6	-1	4350	4350
43551152	Mausoleum Knight	43500	4350	576	120	435500200	6	-1	4350	4350
43551166	Mausoleum Knight	43500	4350	576	120	435500200	6	-1	4350	4350
43552000	Mausoleum Knight	43500	4350	576	120	-1	6	-1	4350	4350
43552052	Mausoleum Knight	43500	4350	576	120	435500300	6	-1	4350	4350
43552066	Mausoleum Knight	43500	4350	576	120	435500300	6	-1	4350	4350
43560000	Haligtree Knight	43500	4350	576	120	-1	6	-1	4350	4350
43560034	Haligtree Knight (Leyndell)	43500	4350	576	120	-1	6	-1	4350	4350
43560056	Haligtree Knight	43500	4350	576	120	435600000	6	-1	4350	4350
43560556	Haligtree Knight	43500	4350	576	120	435656000	6	-1	4350	4350
43561000	Haligtree Knight	43500	4350	576	120	-1	6	-1	4350	4350
43561056	Haligtree Knight	43500	4350	576	120	435600100	6	-1	4350	4350
43561556	Haligtree Knight	43500	4350	576	120	435656100	6	-1	4350	4350
43562000	Haligtree Knight	43500	4350	576	120	-1	6	-1	4350	4350
43562056	Haligtree Knight	43500	4350	576	120	435600200	6	-1	4350	4350
43562556	Haligtree Knight	43500	4350	576	120	435656200	6	-1	4350	4350
43580000	NPC Param 43580000	43500	4350	576	120	-1	6	-1	4350	4350
43581000	NPC Param 43581000	43500	4350	576	120	-1	6	-1	4350	4350
43581100	NPC Param 43581100	43500	4350	576	120	-1	6	-1	4350	4350
43582000	NPC Param 43582000	43500	4350	576	120	-1	6	-1	4350	4350
43610000	Godrick Knight's Horse	43600	-1	448	50	-1	6	4360	4350	4360
43610010	Godrick Knight's Horse	43600	-1	448	50	436100000	6	4360	4350	4360
43610012	Godrick Knight's Horse	43600	-1	448	50	436100000	6	4360	4350	4360
43610100	Godrick Knight's Horse	43600	-1	448	50	-1	6	4360	4350	4360
43620000	Cuckoo Knight's Horse	43600	-1	448	50	-1	6	4360	4350	4360
43620020	Cuckoo Knight's Horse	43600	-1	448	50	436100000	6	4360	4350	4360
43620100	Cuckoo Knight's Horse	43600	-1	448	50	-1	6	4360	4350	4360
43630000	Leyndell Knight's Horse	43600	-1	448	50	-1	6	4360	4350	4360
43630030	Leyndell Knight's Horse	43600	-1	448	50	436100000	48	4360	4350	4360
43630050	Leyndell Knight's Horse	43600	-1	448	50	436100000	6	4360	4350	4360
43630100	Leyndell Knight's Horse	43600	-1	448	50	-1	6	4360	4350	4360
43640000	Redmane Knight's Horse	43600	-1	448	50	-1	6	4360	4350	4360
43640040	Redmane Knight's Horse	43600	-1	448	50	436100000	48	4360	4350	4360
43640100	Redmane Knight's Horse	43600	-1	448	50	-1	6	4360	4350	4360
43650000	Mausoleum Knight's Horse	43600	-1	448	50	-1	6	4360	4350	4360
43650052	Mausoleum Knight's Horse	43600	-1	448	50	436552000	6	4360	4350	4360
43650066	Mausoleum Knight's Horse	43600	-1	448	50	436552000	6	4360	4350	4360
43680000	NPC Param 43680000	43600	-1	448	50	-1	6	4360	4350	4360
43680100	NPC Param 43680100	43600	-1	448	50	-1	6	4360	4350	4360
43710000	Godrick Foot Soldier	43700	4370	147	50	437100000	6	-1	4370	4370
43710010	Godrick Foot Soldier	43700	4370	147	50	437100000	48	-1	4370	4370
43710012	Godrick Foot Soldier	43700	4370	147	50	437100000	48	-1	4370	4370
43710013	Godrick Foot Soldier	43700	4370	147	50	437100000	48	-1	4370	4370
43710040	Godrick Foot Soldier	43700	4370	147	50	-1	48	-1	4370	4370
43710500	Godrick Foot Soldier	43700	4370	147	50	437100010	6	-1	4370	4370
43710510	Godrick Foot Soldier	43700	4370	147	50	437100010	48	-1	4370	4370
43710512	Godrick Foot Soldier	43700	4370	147	50	437100010	48	-1	4370	4370
43710540	Godrick Foot Soldier	43700	4370	147	50	-1	48	-1	4370	4370
43711000	Godrick Foot Soldier	43700	4370	147	50	437100020	6	-1	4370	4370
43711010	Godrick Foot Soldier	43700	4370	147	50	437100020	48	-1	4370	4370
43711012	Godrick Foot Soldier	43700	4370	147	50	437100020	48	-1	4370	4370
43711040	Godrick Foot Soldier	43700	4370	147	50	-1	48	-1	4370	4370
43711400	Godrick Foot Soldier	43700	4370	147	50	437100000	6	-1	4370	4370
43711500	Godrick Foot Soldier	43700	4370	147	50	437100030	6	-1	4370	4370
43711510	Godrick Foot Soldier	43700	4370	147	50	437100030	48	-1	4370	4370
43711512	Godrick Foot Soldier	43700	4370	147	50	437100030	48	-1	4370	4370
43711600	Godrick Foot Soldier	43700	4370	147	50	437100000	6	-1	4370	4370
43711612	Godrick Foot Soldier	43700	4370	147	50	437100000	48	-1	4370	4370
43711700	Godrick Foot Soldier	43700	4370	147	50	437100040	6	-1	4370	4370
43711710	Godrick Foot Soldier	43700	4370	147	50	437100040	48	-1	4370	4370
43711712	Godrick Foot Soldier	43700	4370	147	50	437100040	48	-1	4370	4370
43711800	Godrick Foot Soldier	43700	4370	147	50	437100000	6	-1	4370	4370
43711812	Godrick Foot Soldier	43700	4370	147	50	437100000	48	-1	4370	4370
43712000	Godrick Foot Soldier	43700	4370	147	50	437100100	6	-1	4370	4370
43712010	Godrick Foot Soldier	43700	4370	147	50	437100100	48	-1	4370	4370
43712012	Godrick Foot Soldier	43700	4370	147	50	437100100	48	-1	4370	4370
43712500	Godrick Foot Soldier	43700	4370	147	50	437100110	6	-1	4370	4370
43712510	Godrick Foot Soldier	43700	4370	147	50	437100110	48	-1	4370	4370
43712512	Godrick Foot Soldier	43700	4370	147	50	437100110	48	-1	4370	4370
43712540	Godrick Foot Soldier	43700	4370	147	50	-1	48	-1	4370	4370
43713000	Godrick Foot Soldier	43700	4370	147	50	437100120	6	-1	4370	4370
43713010	Godrick Foot Soldier	43700	4370	147	50	437100120	48	-1	4370	4370
43713012	Godrick Foot Soldier	43700	4370	147	50	437100120	48	-1	4370	4370
43713040	Godrick Foot Soldier	43700	4370	147	50	437100120	48	-1	4370	4370
43714000	Godrick Foot Soldier	43700	4370	109	50	437100200	6	-1	4370	4370
43714010	Godrick Foot Soldier	43700	4370	109	50	437100200	48	-1	4370	4370
43714012	Godrick Foot Soldier	43700	4370	109	50	437100200	48	-1	4370	4370
43714013	Godrick Foot Soldier	43700	4370	109	50	437100200	48	-1	4370	4370
43714040	Godrick Foot Soldier	43700	4370	109	50	-1	48	-1	4370	4370
43716000	Godrick Foot Soldier	43700	4370	147	50	437100300	6	-1	4370	4370
43716010	Godrick Foot Soldier	43700	4370	147	50	437100300	48	-1	4370	4370
43716012	Godrick Foot Soldier	43700	4370	147	50	437100300	48	-1	4370	4370
43716040	Godrick Foot Soldier	43700	4370	147	50	-1	48	-1	4370	4370
43717000	Godrick Foot Soldier	43700	4370	147	50	437000000	6	-1	4370	4370
43717010	Godrick Foot Soldier	43700	4370	147	50	437000000	6	-1	4370	4370
43717012	Godrick Foot Soldier	43700	4370	147	50	437000000	6	-1	4370	4370
43720000	Raya Lucaria Foot Soldier	43700	4370	147	50	-1	6	-1	4370	4370
43720020	Raya Lucaria Foot Soldier	43700	4370	147	50	437200000	48	-1	4370	4370
43720500	Raya Lucaria Foot Soldier	43700	4370	147	50	437200010	6	-1	4370	4370
43720520	Raya Lucaria Foot Soldier	43700	4370	147	50	437200010	48	-1	4370	4370
43721000	Raya Lucaria Foot Soldier	43700	4370	147	50	-1	6	-1	4370	4370
43721400	Raya Lucaria Foot Soldier	43700	4370	147	50	-1	6	-1	4370	4370
43721500	Raya Lucaria Foot Soldier	43700	4370	147	50	-1	6	-1	4370	4370
43721600	Raya Lucaria Foot Soldier	43700	4370	147	50	-1	6	-1	4370	4370
43721700	Raya Lucaria Foot Soldier	43700	4370	147	50	-1	6	-1	4370	4370
43721800	Raya Lucaria Foot Soldier	43700	4370	147	50	-1	6	-1	4370	4370
43721820	Raya Lucaria Foot Soldier	43700	4370	147	50	437200020	48	-1	4370	4370
43722000	Raya Lucaria Foot Soldier	43700	4370	147	50	-1	6	-1	4370	4370
43722020	Raya Lucaria Foot Soldier	43700	4370	147	50	437200100	48	-1	4370	4370
43722500	Raya Lucaria Foot Soldier	43700	4370	147	50	-1	6	-1	4370	4370
43723000	Raya Lucaria Foot Soldier	43700	4370	147	50	-1	6	-1	4370	4370
43723020	Raya Lucaria Foot Soldier	43700	4370	147	50	437200110	48	-1	4370	4370
43724000	Raya Lucaria Foot Soldier	43700	4370	109	50	-1	6	-1	4370	4370
43724020	Raya Lucaria Foot Soldier	43700	4370	109	50	437200200	48	-1	4370	4370
43726000	Raya Lucaria Foot Soldier	43700	4370	147	50	-1	6	-1	4370	4370
43727000	Raya Lucaria Foot Soldier	43700	4370	147	50	-1	6	-1	4370	4370
43727020	Raya Lucaria Foot Soldier	43700	4370	147	50	437200300	48	-1	4370	4370
43728000	Raya Lucaria Foot Soldier	43700	4370	147	50	-1	6	-1	4370	4370
43728100	Raya Lucaria Foot Soldier	43700	4370	147	50	-1	6	-1	4370	4370
43728200	Raya Lucaria Foot Soldier	43700	4370	109	50	-1	6	-1	4370	4370
43728300	Raya Lucaria Foot Soldier	43700	4370	147	50	-1	6	-1	4370	4370
43728400	Raya Lucaria Foot Soldier	43700	4370	147	50	-1	6	-1	4370	4370
43730000	Leyndell Foot Soldier	43700	4370	147	50	-1	6	-1	4370	4370
43730030	Leyndell Foot Soldier	43700	4370	147	50	437300000	48	-1	4370	4370
43730032	Leyndell Foot Soldier	43700	4370	147	50	437300000	6	-1	4370	4370
43730033	Leyndell Foot Soldier	43700	4370	147	50	437300000	6	-1	4370	4370
43730500	Leyndell Foot Soldier	43700	4370	147	50	-1	6	-1	4370	4370
43730530	Leyndell Foot Soldier	43700	4370	147	50	437300010	48	-1	4370	4370
43730532	Leyndell Foot Soldier	43700	4370	147	50	437300010	6	-1	4370	4370
43730534	Leyndell Foot Soldier (Leyndell)	43700	4370	147	50	437300010	6	-1	4370	4370
43731000	Leyndell Foot Soldier	43700	4370	147	50	-1	6	-1	4370	4370
43731030	Leyndell Foot Soldier	43700	4370	147	50	437300020	48	-1	4370	4370
43731050	Leyndell Foot Soldier	43700	4370	147	50	437300020	6	-1	4370	4370
43731400	Leyndell Foot Soldier	43700	4370	147	50	-1	6	-1	4370	4370
43731500	Leyndell Foot Soldier	43700	4370	147	50	-1	6	-1	4370	4370
43731530	Leyndell Foot Soldier	43700	4370	147	50	437300030	48	-1	4370	4370
43731600	Leyndell Foot Soldier	43700	4370	147	50	-1	6	-1	4370	4370
43731630	Leyndell Foot Soldier	43700	4370	147	50	437300040	48	-1	4370	4370
43731700	Leyndell Foot Soldier	43700	4370	147	50	-1	6	-1	4370	4370
43731730	Leyndell Foot Soldier	43700	4370	147	50	437300050	48	-1	4370	4370
43731732	Leyndell Foot Soldier	43700	4370	147	50	437300050	6	-1	4370	4370
43731800	Leyndell Foot Soldier	43700	4370	147	50	-1	6	-1	4370	4370
43732000	Leyndell Foot Soldier	43700	4370	147	50	-1	6	-1	4370	4370
43732030	Leyndell Foot Soldier	43700	4370	147	50	437300100	48	-1	4370	4370
43732500	Leyndell Foot Soldier	43700	4370	147	50	-1	6	-1	4370	4370
43732530	Leyndell Foot Soldier	43700	4370	147	50	437300110	48	-1	4370	4370
43732534	Leyndell Foot Soldier (Leyndell)	43700	4370	147	50	437300110	6	-1	4370	4370
43733000	Leyndell Foot Soldier	43700	4370	147	50	-1	6	-1	4370	4370
43734000	Leyndell Foot Soldier	43700	4370	109	50	-1	6	-1	4370	4370
43734030	Leyndell Foot Soldier	43700	4370	109	50	437300200	48	-1	4370	4370
43734032	Leyndell Foot Soldier	43700	4370	109	50	437300200	6	-1	4370	4370
43734034	Leyndell Foot Soldier (Leyndell)	43700	4370	109	50	-1	6	-1	4370	4370
43734035	Leyndell Foot Soldier	43700	4370	109	50	437300200	6	-1	4370	4370
43734050	Leyndell Foot Soldier	43700	4370	109	50	437300200	6	-1	4370	4370
43734500	Leyndell Foot Soldier	43700	4370	109	50	-1	6	-1	4370	4370
43734535	Leyndell Foot Soldier	43700	4370	109	50	-1	6	-1	4370	4370
43736000	Leyndell Foot Soldier	43700	4370	147	50	-1	6	-1	4370	4370
43736030	Leyndell Foot Soldier	43700	4370	147	50	437300300	48	-1	4370	4370
43736032	Leyndell Foot Soldier	43700	4370	147	50	437300300	6	-1	4370	4370
43737000	Leyndell Foot Soldier	43700	4370	147	50	-1	6	-1	4370	4370
43737030	Leyndell Foot Soldier	43700	4370	147	50	437300400	48	-1	4370	4370
43737032	Leyndell Foot Soldier	43700	4370	147	50	437300400	6	-1	4370	4370
43737033	Leyndell Foot Soldier	43700	4370	147	50	437300400	6	-1	4370	4370
43737050	Leyndell Foot Soldier	43700	4370	147	50	437300400	6	-1	4370	4370
43738000	Leyndell Foot Soldier	43700	4370	147	50	-1	6	-1	4370	4370
43738032	Leyndell Foot Soldier	43700	4370	147	50	437300100	6	-1	4370	4370
43738100	Leyndell Foot Soldier	43700	4370	147	50	-1	6	-1	4370	4370
43738200	Leyndell Foot Soldier	43700	4370	109	50	-1	6	-1	4370	4370
43738300	Leyndell Foot Soldier	43700	4370	147	50	-1	6	-1	4370	4370
43738400	Leyndell Foot Soldier	43700	4370	147	50	-1	6	-1	4370	4370
43740000	Radahn Foot Soldier	43700	4370	147	50	437400000	6	-1	4370	4370
43740040	Radahn Foot Soldier	43700	4370	147	50	437400000	48	-1	4370	4370
43740041	Radahn Foot Soldier	43700	4370	147	50	437400000	48	-1	4370	4370
43740042	Radahn Foot Soldier	43700	4370	147	50	437400000	48	-1	4370	4370
43740342	Radahn Foot Soldier	43700	4370	147	50	437400000	48	-1	4370	4370
43740500	Radahn Foot Soldier	43700	4370	147	50	437400010	6	-1	4370	4370
43740540	Radahn Foot Soldier	43700	4370	147	50	437400010	48	-1	4370	4370
43740541	Radahn Foot Soldier	43700	4370	147	50	437400010	48	-1	4370	4370
43740542	Radahn Foot Soldier	43700	4370	147	50	437400010	48	-1	4370	4370
43741000	Radahn Foot Soldier	43700	4370	147	50	437400020	6	-1	4370	4370
43741040	Radahn Foot Soldier	43700	4370	147	50	437400020	48	-1	4370	4370
43741400	Radahn Foot Soldier	43700	4370	147	50	437400030	6	-1	4370	4370
43741441	Radahn Foot Soldier	43700	4370	147	50	437400030	48	-1	4370	4370
43741500	Radahn Foot Soldier	43700	4370	147	50	437400040	6	-1	4370	4370
43741541	Radahn Foot Soldier	43700	4370	147	50	437400040	48	-1	4370	4370
43741600	Radahn Foot Soldier	43700	4370	147	50	-1	6	-1	4370	4370
43741700	Radahn Foot Soldier	43700	4370	147	50	-1	6	-1	4370	4370
43741800	Radahn Foot Soldier	43700	4370	147	50	437400050	6	-1	4370	4370
43741841	Radahn Foot Soldier	43700	4370	147	50	437400050	48	-1	4370	4370
43742000	Radahn Foot Soldier	43700	4370	147	50	437400100	6	-1	4370	4370
43742040	Radahn Foot Soldier	43700	4370	147	50	437400100	48	-1	4370	4370
43742041	Radahn Foot Soldier	43700	4370	147	50	437400100	48	-1	4370	4370
43742042	Radahn Foot Soldier	43700	4370	147	50	437400100	48	-1	4370	4370
43742500	Radahn Foot Soldier	43700	4370	147	50	437400110	6	-1	4370	4370
43742540	Radahn Foot Soldier	43700	4370	147	50	437400110	48	-1	4370	4370
43743000	Radahn Foot Soldier	43700	4370	147	50	437400200	6	-1	4370	4370
43743040	Radahn Foot Soldier	43700	4370	147	50	437400200	48	-1	4370	4370
43744000	Radahn Foot Soldier	43700	4370	109	50	-1	6	-1	4370	4370
43746000	Radahn Foot Soldier	43700	4370	147	50	437400300	6	-1	4370	4370
43746040	Radahn Foot Soldier	43700	4370	147	50	437400300	48	-1	4370	4370
43746041	Radahn Foot Soldier	43700	4370	147	50	437400300	48	-1	4370	4370
43746042	Radahn Foot Soldier	43700	4370	147	50	437400300	6	-1	4370	4370
43747000	Radahn Foot Soldier	43700	4370	147	50	437400400	6	-1	4370	4370
43747040	Radahn Foot Soldier	43700	4370	147	50	437400400	48	-1	4370	4370
43747041	Radahn Foot Soldier	43700	4370	147	50	437400400	48	-1	4370	4370
43747042	Radahn Foot Soldier	43700	4370	147	50	437400400	48	-1	4370	4370
43750000	Mausoleum Foot Soldier	43700	4370	147	50	-1	6	-1	4370	4370
43750500	Mausoleum Foot Soldier	43700	4370	147	50	-1	6	-1	4370	4370
43751000	Mausoleum Foot Soldier	43700	4370	147	50	-1	6	-1	4370	4370
43751052	Mausoleum Foot Soldier	43700	4370	147	50	437500000	6	-1	4370	4370
43752000	Mausoleum Foot Soldier	43700	4370	147	50	-1	6	-1	4370	4370
43752500	Mausoleum Foot Soldier	43700	4370	147	50	-1	6	-1	4370	4370
43753000	Mausoleum Foot Soldier	43700	4370	147	50	-1	6	-1	4370	4370
43754000	Mausoleum Foot Soldier	43700	4370	147	50	-1	6	-1	4370	4370
43756000	Mausoleum Foot Soldier	43700	4370	147	50	-1	6	-1	4370	4370
43760000	Haligtree Foot Soldier	43700	4370	147	50	-1	6	-1	4370	4370
43760056	Haligtree Foot Soldier	43700	4370	147	50	437600000	6	-1	4370	4370
43760500	Haligtree Foot Soldier	43700	4370	147	50	-1	6	-1	4370	4370
43760556	Haligtree Foot Soldier	43700	4370	147	50	437600010	6	-1	4370	4370
43761000	Haligtree Foot Soldier	43700	4370	147	50	-1	6	-1	4370	4370
43761400	Haligtree Foot Soldier	43700	4370	147	50	-1	6	-1	4370	4370
43761500	Haligtree Foot Soldier	43700	4370	147	50	-1	6	-1	4370	4370
43761556	Haligtree Foot Soldier	43700	4370	147	50	437600020	6	-1	4370	4370
43761600	Haligtree Foot Soldier	43700	4370	147	50	-1	6	-1	4370	4370
43761656	Haligtree Foot Soldier	43700	4370	147	50	437600030	6	-1	4370	4370
43761700	Haligtree Foot Soldier	43700	4370	147	50	-1	6	-1	4370	4370
43761756	Haligtree Foot Soldier	43700	4370	147	50	437600040	6	-1	4370	4370
43761800	Haligtree Foot Soldier	43700	4370	147	50	-1	6	-1	4370	4370
43762000	Haligtree Foot Soldier	43700	4370	147	50	-1	6	-1	4370	4370
43762500	Haligtree Foot Soldier	43700	4370	147	50	-1	6	-1	4370	4370
43763000	Haligtree Foot Soldier	43700	4370	147	50	-1	6	-1	4370	4370
43764000	Haligtree Foot Soldier	43700	4370	109	50	-1	6	-1	4370	4370
43764056	Haligtree Foot Soldier	43700	4370	109	50	437600050	6	-1	4370	4370
43766000	Haligtree Foot Soldier	43700	4370	147	50	-1	6	-1	4370	4370
43766056	Haligtree Foot Soldier	43700	4370	147	50	437600060	6	-1	4370	4370
43767000	Haligtree Foot Soldier	43700	4370	147	50	-1	6	-1	4370	4370
43767056	Haligtree Foot Soldier	43700	4370	147	50	437600070	6	-1	4370	4370
43770000	Highwayman	43700	4370	147	50	-1	6	-1	4370	4370
43770012	Highwayman	43700	4370	147	50	437700000	6	-1	4370	4370
43770500	Highwayman	43700	4370	147	50	-1	6	-1	4370	4370
43771000	Highwayman	43700	4370	147	50	-1	6	-1	4370	4370
43771400	Highwayman	43700	4370	147	50	-1	6	-1	4370	4370
43771500	Highwayman	43700	4370	147	50	-1	6	-1	4370	4370
43771600	Highwayman	43700	4370	147	50	-1	6	-1	4370	4370
43771700	Highwayman	43700	4370	147	50	-1	6	-1	4370	4370
43771800	Highwayman	43700	4370	147	50	-1	6	-1	4370	4370
43772000	Highwayman	43700	4370	147	50	-1	6	-1	4370	4370
43772012	Highwayman	43700	4370	147	50	437700100	6	-1	4370	4370
43772500	Highwayman	43700	4370	147	50	-1	6	-1	4370	4370
43772512	Highwayman	43700	4370	147	50	437700200	6	-1	4370	4370
43773000	Highwayman	43700	4370	147	50	-1	6	-1	4370	4370
43776000	Highwayman	43700	4370	147	50	-1	6	-1	4370	4370
43777000	Highwayman	43700	4370	147	50	-1	6	-1	4370	4370
43800000	Starcaller	43800	-1	162	50	438000000	6	-1	-1	-1
43800012	Starcaller	43800	-1	162	50	438000000	6	-1	-1	-1
43800032	Starcaller	43800	-1	162	50	438000000	6	-1	-1	-1
43800042	Starcaller	43800	-1	162	50	438000000	6	-1	-1	-1
43800062	Starcaller	43800	-1	162	50	438000000	6	-1	-1	-1
43800100	Starcaller	43800	-1	162	50	438000000	6	-1	-1	-1
43800130	Starcaller	43800	-1	162	50	438000000	6	-1	-1	-1
43810000	Guilty	43810	-1	162	50	-1	6	4381	4381	4380
43810020	Guilty	43810	-1	162	50	438100010	6	4381	4381	4380
43810032	Guilty	43810	-1	162	50	438100000	66	4381	4381	4380
43810100	Guilty	43810	-1	162	50	-1	6	4381	4381	4380
43810132	Guilty	43810	-1	162	50	438100000	66	4381	4381	4380
43810200	Guilty	43810	-1	162	50	-1	6	4381	4381	4380
43810250	Guilty	43810	-1	162	50	438100000	6	4381	4381	4380
43810300	Guilty	43810	-1	162	50	-1	6	4381	4381	4380
43810350	Guilty	43810	-1	162	50	438100000	6	4381	4381	4380
43811000	Guilty	43810	-1	162	50	-1	6	4381	4381	4380
43811020	Guilty	43810	-1	162	50	438100100	6	4381	4381	4380
43811100	Guilty	43810	-1	162	50	-1	6	4381	4381	4380
43811150	Guilty	43810	-1	162	50	438100100	6	4381	4381	4380
43820000	Stonedigger	43820	-1	93	50	-1	6	-1	4380	4380
43820010	Stonedigger	43820	-1	93	50	438210000	6	-1	4380	4380
43820012	Stonedigger	43820	-1	93	50	438210000	6	-1	4380	4380
43820026	Stonedigger	43820	-1	93	50	438226000	6	-1	4380	4380
43820030	Stonedigger	43820	-1	93	50	438230000	6	-1	4380	4380
43820033	Stonedigger	43820	-1	93	50	438233000	6	-1	4380	4380
43820052	Stonedigger	43820	-1	93	50	438252000	6	-1	4380	4380
43820100	Stonedigger	43820	-1	93	50	438240100	6	-1	4380	4380
43820140	Stonedigger	43820	-1	93	50	438240100	48	-1	4380	4380
43821000	Stonedigger	43820	-1	93	50	-1	6	-1	4380	4380
43821010	Stonedigger	43820	-1	93	50	438210200	6	-1	4380	4380
43821012	Stonedigger	43820	-1	93	50	438210300	6	-1	4380	4380
43821020	Stonedigger	43820	-1	93	50	438220200	6	-1	4380	4380
43821026	Stonedigger	43820	-1	93	50	438226200	6	-1	4380	4380
43821030	Stonedigger	43820	-1	93	50	438230200	6	-1	4380	4380
43821033	Stonedigger	43820	-1	93	50	438233200	6	-1	4380	4380
43821052	Stonedigger	43820	-1	93	50	438252200	6	-1	4380	4380
43821100	Stonedigger	43820	-1	93	50	-1	6	-1	4380	4380
43822000	Stonedigger	43820	-1	93	50	-1	6	-1	4380	4380
43822010	Stonedigger	43820	-1	93	50	438210300	6	-1	4380	4380
43822026	Stonedigger	43820	-1	93	50	438226300	6	-1	4380	4380
43822100	Stonedigger	43820	-1	93	50	-1	6	-1	4380	4380
43822140	Stonedigger	43820	-1	93	50	438240300	48	-1	4380	4380
43823000	Stonedigger	43820	-1	93	50	-1	6	-1	4380	4380
43823010	Stonedigger	43820	-1	93	50	438210400	6	-1	4380	4380
43823012	Stonedigger	43820	-1	93	50	438210400	6	-1	4380	4380
43823030	Stonedigger	43820	-1	93	50	438230400	6	-1	4380	4380
43823033	Stonedigger	43820	-1	93	50	438233400	6	-1	4380	4380
43823040	Stonedigger	43820	-1	93	50	438240400	48	-1	4380	4380
43823100	Stonedigger	43820	-1	93	50	-1	6	-1	4380	4380
43824000	Stonedigger	43820	-1	93	50	-1	6	-1	4380	4380
43824100	Stonedigger	43820	-1	93	50	-1	6	-1	4380	4380
43825000	Stonedigger	43820	-1	93	50	-1	6	-1	4380	4380
43825026	Stonedigger	43820	-1	93	50	438226600	6	-1	4380	4380
43825100	Stonedigger	43820	-1	93	50	-1	6	-1	4380	4380
43826000	Stonedigger	43820	-1	93	50	-1	6	-1	4380	4380
43826033	Stonedigger	43820	-1	93	50	438233600	6	-1	4380	4380
43826100	Stonedigger	43820	-1	93	50	-1	6	-1	4380	4380
43827000	Stonedigger	43820	-1	93	50	-1	6	-1	4380	4380
43827012	Stonedigger	43820	-1	93	50	438212700	6	-1	4380	4380
43827052	Stonedigger	43820	-1	93	50	438252700	6	-1	4380	4380
43827100	Stonedigger	43820	-1	93	50	-1	6	-1	4380	4380
43828000	Stonedigger	43820	-1	93	50	-1	6	-1	4380	4380
43828033	Stonedigger	43820	-1	93	50	438233800	6	-1	4380	4380
43828100	Stonedigger	43820	-1	93	50	-1	6	-1	4380	4380
43829000	Stonedigger	43820	-1	93	50	-1	6	-1	4380	4380
43829030	Stonedigger	43820	-1	93	50	438230800	6	-1	4380	4380
43829100	Stonedigger	43820	-1	93	50	-1	6	-1	4380	4380
43829140	Stonedigger	43820	-1	93	50	438240800	6	-1	4380	4380
43830000	Glintstone Digger	43830	-1	70	50	-1	6	-1	4380	4380
43830010	Glintstone Digger	43830	-1	70	50	-1	6	-1	4380	4380
43830020	Glintstone Digger	43830	-1	70	50	438320000	6	-1	4380	4380
43830030	Glintstone Digger	43830	-1	70	50	438330000	6	-1	4380	4380
43830040	Glintstone Digger (Sellia Tunnel)	43830	-1	70	50	438340000	6	-1	4380	4380
43831000	Glintstone Digger	43830	-1	70	50	-1	6	-1	4380	4380
43831020	Glintstone Digger	43830	-1	70	50	438320100	6	-1	4380	4380
43831030	Glintstone Digger	43830	-1	70	50	438330100	6	-1	4380	4380
43831040	Glintstone Digger (Sellia Hideaway)	43830	-1	70	50	438340100	6	-1	4380	4380
43840000	Glintstone Digger	43840	4383	180	50	-1	6	-1	4380	4380
43840020	Large Glintstone Digger	43840	4383	180	50	438420000	6	-1	4380	4380
43840040	Large Glintstone Digger	43840	4383	180	50	438440000	6	-1	4380	4380
43850000	Disciple of Rot	43850	-1	162	50	-1	6	4385	4381	4380
43850010	Disciple of Rot	43850	-1	162	50	438500000	6	4385	4381	4380
43850012	Disciple of Rot	43850	-1	162	50	438500000	6	4385	4381	4380
43850020	Disciple of Rot	43850	-1	162	50	438500000	6	4385	4381	4380
43850032	Disciple of Rot	43850	-1	162	50	438500000	6	4385	4381	4380
43850040	Disciple of Rot	43850	-1	162	50	438500000	51	4385	4381	4380
43850100	Disciple of Rot	43850	-1	162	50	-1	6	4385	4381	4380
43850110	Disciple of Rot	43850	-1	162	50	438500100	6	4385	4381	4380
43850112	Disciple of Rot	43850	-1	162	50	438500100	6	4385	4381	4380
43850120	Disciple of Rot	43850	-1	162	50	438500100	6	4385	4381	4380
43850132	Disciple of Rot	43850	-1	162	50	438500100	6	4385	4381	4380
43850140	Disciple of Rot	43850	-1	162	50	438500100	51	4385	4381	4380
43850200	Disciple of Rot	43850	-1	162	50	-1	6	4385	4381	4380
43850210	Disciple of Rot	43850	-1	162	50	438500200	6	4385	4381	4380
43850212	Disciple of Rot	43850	-1	162	50	438500200	6	4385	4381	4380
43850220	Disciple of Rot	43850	-1	162	50	438500200	6	4385	4381	4380
43850232	Disciple of Rot	43850	-1	162	50	438500200	6	4385	4381	4380
43850240	Disciple of Rot	43850	-1	162	50	438500200	51	4385	4381	4380
43858000	Disciple of Rot	43850	-1	162	50	-1	6	4385	4381	4380
43858040	Disciple of Rot	43850	-1	162	50	438500500	6	4385	4381	4380
43858100	Disciple of Rot	43850	-1	162	50	-1	6	4385	4381	4380
43858140	Disciple of Rot	43850	-1	162	50	438500600	6	4385	4381	4380
43858200	Disciple of Rot	43850	-1	162	50	-1	6	4385	4381	4380
43858240	Disciple of Rot	43850	-1	162	50	438500700	6	4385	4381	4380
44200000	Giant Crayfish	44200	-1	876	50	-1	7	-1	-1	-1
44200020	Giant Crayfish	44200	-1	876	50	442000000	7	-1	-1	-1
44200035	Giant Crayfish	44200	-1	876	50	442000000	7	-1	-1	-1
44200120	Giant Crayfish	44200	-1	876	50	-1	7	-1	-1	-1
44201000	Giant Crayfish	44200	-1	876	50	442000100	7	-1	-1	-1
44201020	Giant Crayfish	44200	-1	876	50	442000100	7	-1	-1	-1
44202000	Giant Crayfish	44200	-1	876	50	442000200	7	-1	-1	-1
44202020	Giant Crayfish	44200	-1	876	50	442000200	7	-1	-1	-1
44203000	Giant Crayfish	44200	-1	876	50	442000500	7	-1	-1	-1
44203050	Giant Crayfish	44200	-1	876	50	442000500	33	-1	-1	-1
44204000	Giant Crayfish	44200	-1	876	50	442000500	7	-1	-1	-1
44204050	Giant Crayfish	44200	-1	876	50	442000500	33	-1	-1	-1
44205000	Giant Crayfish	44200	-1	876	50	442000500	7	-1	-1	-1
44205050	Giant Crayfish	44200	-1	876	50	442000500	33	-1	-1	-1
44300000	Watcher Stones	44300	-1	174	50	443000000	6	4430	-1	-1
44300010	Watcher Stones	44300	-1	174	50	443000000	6	4430	-1	-1
44300012	Watcher Stones	44300	-1	174	50	443000000	6	4430	-1	-1
44300020	Watcher Stones	44300	-1	174	50	443000000	6	4430	-1	-1
44300022	Watcher Stones	44300	-1	174	50	443000000	6	4430	-1	-1
44300030	Watcher Stones	44300	-1	174	50	443000000	6	4430	-1	-1
44300040	Watcher Stones	44300	-1	174	50	443000000	6	4430	-1	-1
44300050	Watcher Stones	44300	-1	174	50	443000000	6	4430	-1	-1
44300100	Watcher Stones	44300	-1	174	50	443000000	6	4430	-1	-1
44300110	Watcher Stones	44300	-1	174	50	443000000	6	4430	-1	-1
44300150	Watcher Stones	44300	-1	174	50	443000000	6	4430	-1	-1
44300200	Watcher Stones	44300	-1	174	50	443000000	6	4430	-1	-1
44300250	Watcher Stones	44300	-1	174	50	443000000	6	4430	-1	-1
44300300	Watcher Stones	44300	-1	174	50	443000500	6	4430	-1	-1
44300310	Watcher Stones	44300	-1	174	50	443000500	6	4430	-1	-1
44300340	Watcher Stones	44300	-1	174	50	443000500	6	4430	-1	-1
44300350	Watcher Stones	44300	-1	174	50	443000500	6	4430	-1	-1
44301000	Watcher Stones	44300	-1	174	50	443000000	6	4430	-1	-1
44301010	Watcher Stones	44300	-1	174	50	443000000	6	4430	-1	-1
44301033	Watcher Stones	44300	-1	174	50	443000000	6	4430	-1	-1
44301040	Watcher Stones	44300	-1	174	50	443000000	6	4430	-1	-1
44400000	Land Squirt	44400	-1	366	50	-1	6	-1	-1	-1
44400010	Land Squirt	44400	-1	366	50	444010000	6	-1	-1	-1
44400012	Land Squirt	44400	-1	366	50	444012000	6	-1	-1	-1
44400020	Land Squirt	44400	-1	366	50	444020000	6	-1	-1	-1
44400032	Land Squirt	44400	-1	366	50	444032000	6	-1	-1	-1
44400033	Land Squirt	44400	-1	366	50	444033000	6	-1	-1	-1
44400040	Land Squirt	44400	-1	366	50	444040000	6	-1	-1	-1
44400050	Land Squirt	44400	-1	366	50	444050000	6	-1	-1	-1
44410000	Giant Land Squirt	44410	4440	1429	50	-1	7	4441	4440	4440
44410020	Giant Land Squirt	44410	4440	1429	50	444120000	7	4441	4440	4440
44410050	Giant Land Squirt	44410	4440	1429	50	444150000	7	4441	4440	4440
44420000	Giant Land Squirt	44420	4440	1429	50	-1	7	4441	4440	4440
44420040	Giant Rotten Land Squirt	44420	4440	1429	50	444240000	7	4441	4440	4440
44500000	Walking Mausoleum	44500	-1	0	50	-1	7	-1	-1	-1
44500012	Walking Mausoleum	44500	-1	0	50	-1	7	-1	-1	-1
44500020	Walking Mausoleum	44500	-1	0	50	-1	7	-1	-1	-1
44500050	Walking Mausoleum	44500	-1	0	50	-1	7	-1	-1	-1
44500052	Walking Mausoleum	44500	-1	0	50	-1	6	-1	-1	-1
44500066	Walking Mausoleum	44500	-1	0	50	-1	7	-1	-1	-1
44501000	Walking Mausoleum	44500	-1	0	50	-1	6	-1	-1	-1
44501020	Walking Mausoleum	44500	-1	0	50	-1	7	-1	-1	-1
44600000	Flame Chariot	44600	-1	438	50	446000000	7	4460	-1	-1
44600020	Flame Chariot	44600	-1	438	50	446000000	7	4460	-1	-1
44600032	Flame Chariot	44600	-1	438	50	446000000	7	4460	-1	-1
44600036	Flame Chariot	44600	-1	438	50	446000000	8	4460	-1	-1
44600040	Flame Chariot	44600	-1	438	50	446000000	7	4460	-1	-1
44600840	Flame Chariot	44600	-1	438	50	446000000	7	4460	-1	-1
44601000	Flame Chariot	44600	-1	438	50	446000100	7	4460	-1	-1
44601032	Flame Chariot	44600	-1	438	50	446000100	7	4460	-1	-1
44601040	Flame Chariot	44600	-1	438	50	446000100	7	4460	-1	-1
44601840	Flame Chariot	44600	-1	438	50	446000100	7	4460	-1	-1
44607000	Flame Chariot	44600	-1	438	50	446000000	7	4460	-1	-1
44607020	Flame Chariot	44600	-1	438	50	446002000	7	4460	-1	-1
44607032	Flame Chariot	44600	-1	438	50	446032000	7	4460	-1	-1
44607040	Flame Chariot	44600	-1	438	50	446040000	7	4460	-1	-1
44607100	Flame Chariot	44600	-1	438	50	446000000	7	4460	-1	-1
44607120	Flame Chariot	44600	-1	438	50	446002010	7	4460	-1	-1
44607132	Flame Chariot	44600	-1	438	50	446032010	7	4460	-1	-1
44607200	Flame Chariot	44600	-1	438	50	446000000	7	4460	-1	-1
44607220	Flame Chariot	44600	-1	438	50	446002020	7	4460	-1	-1
44607800	Flame Chariot	44600	-1	438	50	446000000	7	4460	-1	-1
44607840	Flame Chariot	44600	-1	438	50	446040010	7	4460	-1	-1
44608000	Flame Chariot	44600	-1	438	50	446000100	7	4460	-1	-1
44608032	Flame Chariot	44600	-1	438	50	446032020	7	4460	-1	-1
44608040	Flame Chariot	44600	-1	438	50	446040020	7	4460	-1	-1
44608600	Flame Chariot	44600	-1	438	50	446000100	7	4460	-1	-1
44608640	Flame Chariot	44600	-1	438	50	446040030	7	4460	-1	-1
44608700	Flame Chariot	44600	-1	438	50	446000100	7	4460	-1	-1
44608740	Flame Chariot	44600	-1	438	50	446040040	7	4460	-1	-1
44608800	Flame Chariot	44600	-1	438	50	446000100	7	4460	-1	-1
44608840	Flame Chariot	44600	-1	438	50	446040050	7	4460	-1	-1
44700000	Abductor Virgin (Unscaled)	44700	-1	1418	50	447000000	7	4470	-1	-1
44700020	Abductor Virgin	44700	-1	1418	50	447000000	7	4470	-1	-1
44700024	Abductor Virgin	44700	-1	1418	50	447000000	7	4470	-1	-1
44700032	Abductor Virgin	44700	-1	1418	50	447000000	55	4470	-1	-1
44700034	Abductor Virgin (Leyndell)	44700	-1	1418	50	447000000	7	4470	-1	-1
44700038	Abductor Virgin	44700	-1	1418	50	447000000	7	4470	-1	-1
44700040	Abductor Virgin	44700	-1	1418	50	447000000	7	4470	-1	-1
44700938	Abductor Virgin (Boss)	44700	-1	1418	50	-1	6	4470	-1	-1
44701000	Abductor Virgin (Unscaled)	44700	-1	1418	50	447000100	7	4470	-1	-1
44701021	Abductor Virgin	44700	-1	1418	50	447000100	7	4470	-1	-1
44701024	Abductor Virgin	44700	-1	1418	50	447000100	7	4470	-1	-1
44701032	Abductor Virgin	44700	-1	1418	50	447000100	55	4470	-1	-1
44701033	Abductor Virgin	44700	-1	1418	50	447000100	7	4470	-1	-1
44701034	Abductor Virgin (Leyndell)	44700	-1	1418	50	447000100	7	4470	-1	-1
44701038	Abductor Virgin	44700	-1	1418	50	447000100	7	4470	-1	-1
44701100	Abductor Virgin - Broken (Unscaled)	44700	-1	829	50	-1	7	4470	-1	-1
44701132	Abductor Virgin - Broken	44700	-1	829	50	447000100	7	4470	-1	-1
44701938	Abductor Virgin (Boss)	44700	-1	1418	50	-1	6	4470	-1	-1
44702000	Abductor Virgin (Unscaled)	44700	-1	1418	50	-1	7	4470	-1	-1
44702041	Abductor Virgin Both	44700	-1	1418	50	447000200	7	4470	-1	-1
44800000	Miranda Blossom	44800	-1	1939	50	-1	6	-1	4480	-1
44800010	Miranda Blossom	44800	-1	1939	50	448000000	6	-1	4480	-1
44800012	Miranda Blossom	44800	-1	1939	50	448000000	6	-1	4480	-1
44800020	Miranda Blossom	44800	-1	1939	50	448000000	6	-1	4480	-1
44800032	Miranda Blossom	44800	-1	1939	50	448000000	6	-1	4480	-1
44800034	Miranda Blossom (Leyndell)	44800	-1	1939	50	448000000	6	-1	4480	-1
44800035	Miranda Blossom	44800	-1	1939	50	448000000	6	-1	4480	-1
44800040	Miranda Blossom	44800	-1	1939	50	448000000	6	-1	4480	-1
44800054	Miranda Blossom	44800	-1	1939	50	448000000	6	-1	4480	-1
44800064	Miranda Blossom (Siofra River)	44800	-1	1939	50	448000000	6	-1	4480	-1
44800100	Miranda Blossom (Frenzy)	44800	-1	1939	50	-1	6	-1	4480	-1
44800120	Miranda Blossom (Frenzy)	44800	-1	1939	50	448000100	6	-1	4480	-1
44800130	Miranda Blossom (Frenzy)	44800	-1	1939	50	448000100	6	-1	4480	-1
44800140	Miranda Blossom (Frenzy)	44800	-1	1939	50	448000100	6	-1	4480	-1
44800162	Miranda Blossom (Frenzy)	44800	-1	1939	50	448000100	6	-1	4480	-1
44800200	Miranda Blossom (Magic)	44800	-1	1939	50	-1	6	-1	4480	-1
44800220	Miranda Blossom (Magic)	44800	-1	1939	50	448000200	6	-1	4480	-1
44800300	Miranda Blossom	44800	-1	1939	50	-1	6	-1	4480	-1
44800330	Miranda Blossom	44800	-1	1939	50	448000300	6	-1	4480	-1
44800370	Miranda Blossom	44800	-1	1939	50	448000300	6	-1	4480	-1
44800400	Miranda Blossom	44800	-1	1939	50	-1	6	-1	4480	-1
44800430	Miranda Blossom	44800	-1	1939	50	448000400	6	-1	4480	-1
44800912	Miranda Blossom	44800	-1	1939	50	-1	6	-1	4480	-1
44800930	Miranda the Blighted Bloom	44800	-1	1939	50	-1	6	-1	4480	-1
44810000	Miranda Sprout	44810	4480	119	50	-1	6	-1	4480	-1
44810010	Miranda Sprout	44810	4480	119	50	448100000	6	-1	4480	-1
44810012	Miranda Sprout	44810	4480	119	50	448100000	6	-1	4480	-1
44810020	Miranda Sprout	44810	4480	119	50	448100000	6	-1	4480	-1
44810032	Miranda Sprout	44810	4480	119	50	448100000	6	-1	4480	-1
44810034	Miranda Sprout (Leyndell)	44810	4480	119	50	448100000	6	-1	4480	-1
44810035	Miranda Sprout	44810	4480	119	50	448100000	6	-1	4480	-1
44810040	Miranda Sprout	44810	4480	119	50	448100000	6	-1	4480	-1
44810054	Miranda Sprout	44810	4480	119	50	448100000	6	-1	4480	-1
44810064	Miranda Sprout (Siofra River)	44810	4480	119	50	448100000	6	-1	4480	-1
44810100	Miranda Sprout (Frenzy)	44810	4480	119	50	-1	6	-1	4480	-1
44810120	Miranda Sprout (Frenzy)	44810	4480	119	50	448100100	6	-1	4480	-1
44810130	Miranda Sprout (Frenzy)	44810	4480	119	50	448100100	6	-1	4480	-1
44810162	Miranda Sprout (Frenzy)	44810	4480	119	50	448100100	6	-1	4480	-1
44810200	Miranda Sprout (Magic)	44810	4480	119	50	-1	6	-1	4480	-1
44810220	Miranda Sprout (Magic)	44810	4480	119	50	448100200	6	-1	4480	-1
44810300	Miranda Sprout	44810	4480	119	50	-1	6	-1	4480	-1
44810330	Miranda Sprout	44810	4480	119	50	448100300	6	-1	4480	-1
44810370	Miranda Sprout	44810	4480	119	50	448100300	6	-1	4480	-1
44810400	Miranda Sprout	44810	4480	119	50	-1	6	-1	4480	-1
44810430	Miranda Sprout	44810	4480	119	50	448100400	6	-1	4480	-1
44810500	Miranda Sprout	44810	4480	0	50	-1	6	-1	4480	-1
44810540	Miranda Sprout	44810	4480	0	50	-1	6	-1	4480	-1
44810830	Miranda Sprout	44810	4480	119	50	448130600	6	-1	4480	-1
44810912	Miranda Sprout (Boss)	44810	4480	119	50	-1	6	-1	4480	-1
44811000	Miranda Sprout (Burrowed)	44810	4480	119	50	-1	6	-1	4480	-1
44811012	Miranda Sprout (Burrowed)	44810	4480	119	50	448100000	6	-1	4480	-1
44811100	Miranda Sprout (Burrowed)	44810	4480	119	50	-1	6	-1	4480	-1
44811200	Miranda Sprout (Burrowed)	44810	4480	119	50	-1	6	-1	4480	-1
44811300	Miranda Sprout (Burrowed)	44810	4480	119	50	-1	6	-1	4480	-1
44811330	Miranda Sprout (Burrowed)	44810	4480	119	50	448100300	6	-1	4480	-1
44811400	Miranda Sprout (Burrowed)	44810	4480	119	50	-1	6	-1	4480	-1
44811430	Miranda Sprout (Burrowed)	44810	4480	119	50	448100400	6	-1	4480	-1
44811830	Miranda Sprout (Burrowed)	44810	4480	119	50	448130500	6	-1	4480	-1
44820000	Fading Miranda Blossom	44800	-1	1939	50	-1	6	-1	4480	4480
44820031	Fading Miranda Blossom (Shaded Castle)	44800	-1	1939	50	448200000	6	-1	4480	4480
44820040	Rotten Miranda Blossom	44800	-1	1939	50	448200000	6	-1	4480	4480
44820054	Rotten Miranda Blossom	44800	-1	1939	50	448200000	6	-1	4480	4480
44820056	Rotten Miranda Blossom	44800	-1	1939	50	448200000	6	-1	4480	4480
44830000	Rotten Miranda Sprout	44810	4482	120	50	-1	6	-1	4480	4481
44830030	Rotten Miranda Sprout	44810	4482	120	50	448300000	6	-1	4480	4481
44830031	Rotten Miranda Sprout (Shaded Castle)	44810	4482	120	50	448300000	6	-1	4480	4481
44830040	Rotten Miranda Sprout	44810	4482	120	50	448300000	6	-1	4480	4481
44830054	Rotten Miranda Sprout	44810	4482	120	50	448300000	6	-1	4480	4481
44831000	Rotten Miranda Sprout	44810	4482	120	50	-1	6	-1	4480	4481
44831040	Rotten Miranda Sprout	44810	4482	120	50	448300000	6	-1	4480	4481
44831054	Rotten Miranda Sprout	44810	4482	120	50	448300000	6	-1	4480	4481
44831056	Rotten Miranda Sprout	44810	4482	120	50	448300000	6	-1	4480	4481
44900000	Living Jar Warrior	44900	-1	449	50	-1	6	4490	4490	-1
44900011	Living Jar Warrior	44900	-1	449	50	449000000	6	4490	4490	-1
44900014	Living Jar Warrior (Stormveil Castle)	44900	-1	449	50	449000000	6	4490	4490	-1
44900020	Living Jar Warrior	44900	-1	449	50	449000000	6	4490	4490	-1
44900021	Living Jar Warrior	44900	-1	449	50	449000000	6	4490	4490	-1
44900024	Living Jar Warrior	44900	-1	449	50	449000000	6	4490	4490	-1
44900032	Living Jar Warrior	44900	-1	449	50	449000010	6	4490	4490	-1
44900033	Living Jar Warrior	44900	-1	449	50	449000010	6	4490	4490	-1
44900034	Living Jar Warrior (Leyndell)	44900	-1	449	50	449000010	6	4490	4490	-1
44900035	Living Jar Warrior	44900	-1	449	50	449000010	6	4490	4490	-1
44900038	Living Jar Warrior	44900	-1	449	50	449000010	6	4490	4490	-1
44900050	Living Jar Warrior	44900	-1	449	50	449000010	6	4490	4490	-1
44900100	Living Jar Warrior	44900	-1	449	50	-1	6	4490	4490	-1
44900124	Living Jar Warrior	44900	-1	449	50	449000100	6	4490	4490	-1
44900200	Living Jar Warrior	44900	-1	449	50	-1	6	4490	4490	-1
44900320	Living Jar Warrior	44900	-1	449	50	449000000	26	4490	4490	-1
44907000	Living Jar Warrior	44900	-1	449	50	-1	6	4490	4490	-1
44907014	Living Jar Warrior (Stormveil Castle)	44900	-1	449	50	449014000	6	4490	4490	-1
44907021	Living Jar Warrior	44900	-1	449	50	449021000	6	4490	4490	-1
44907033	Living Jar Warrior	44900	-1	449	50	449033000	6	4490	4490	-1
44907035	Living Jar Warrior	44900	-1	449	50	449035000	6	4490	4490	-1
44907038	Living Jar Warrior	44900	-1	449	50	449038000	6	4490	4490	-1
44907050	Living Jar Warrior	44900	-1	449	50	449050000	6	4490	4490	-1
44907100	Living Jar Warrior	44900	-1	449	50	-1	6	4490	4490	-1
44907121	Living Jar Warrior	44900	-1	449	50	449021010	6	4490	4490	-1
44907133	Living Jar Warrior	44900	-1	449	50	449033010	6	4490	4490	-1
44907150	Living Jar Warrior	44900	-1	449	50	449050010	6	4490	4490	-1
44907200	Living Jar Warrior	44900	-1	449	50	-1	6	4490	4490	-1
44907221	Living Jar Warrior	44900	-1	449	50	449021020	6	4490	4490	-1
44907233	Living Jar Warrior	44900	-1	449	50	449033020	6	4490	4490	-1
44907250	Living Jar Warrior	44900	-1	449	50	449050020	6	4490	4490	-1
44907300	Living Jar Warrior	44900	-1	449	50	-1	6	4490	4490	-1
44907333	Living Jar Warrior	44900	-1	449	50	449033030	6	4490	4490	-1
44907350	Living Jar Warrior	44900	-1	449	50	449050030	6	4490	4490	-1
44907400	Living Jar Warrior	44900	-1	449	50	-1	6	4490	4490	-1
44907450	Living Jar Warrior	44900	-1	449	50	449050040	6	4490	4490	-1
44908100	Living Jar Warrior	44900	-1	449	50	-1	6	4490	4490	-1
44908124	Living Jar Warrior	44900	-1	449	50	449024000	6	4490	4490	-1
44908300	Living Jar Warrior	44900	-1	449	50	-1	6	4490	4490	-1
44908320	Living Jar Warrior	44900	-1	449	50	449020000	26	4490	4490	-1
44908400	Living Jar Warrior	44900	-1	449	50	-1	6	4490	4490	-1
44908420	Living Jar Warrior	44900	-1	449	50	449020010	26	4490	4490	-1
44909000	Alexander, Warrior Jar	44900	-1	449	50	-1	26	4490	4490	-1
44909040	Alexander, Warrior Jar	44900	-1	3600	50	-1	2	4490	4490	-1
44909100	Alexander, Warrior Jar	44900	-1	449	50	-1	26	4490	4490	-1
44909132	Alexander, Warrior Jar	44900	-1	449	50	-1	26	4490	4490	-1
44909200	Alexander, Warrior Jar	44900	-1	449	50	-1	26	4490	4490	-1
44909310	Alexander, Warrior Jar	44900	-1	449	50	-1	26	4490	4490	-1
44909410	Alexander, Warrior Jar	44900	-1	449	50	-1	26	4490	4490	-1
44909540	Alexander, Warrior Jar	44900	-1	449	50	-1	0	4490	4490	-1
44909620	Alexander, Warrior Jar	44900	-1	449	50	-1	26	4490	4490	-1
44909640	Alexander, Warrior Jar	44900	-1	449	50	-1	26	4490	4490	-1
44909732	Alexander, Warrior Jar	44900	-1	449	50	-1	26	4490	4490	-1
44909850	Alexander, Warrior Jar	44900	-1	1728	50	-1	2	4490	4490	-1
44909972	Alexander, Warrior Jar	44900	-1	449	50	-1	26	4490	4490	-1
44910000	Living Jar	44910	4490	150	50	449100000	6	-1	4490	4490
44910002	Living Jar	44910	4490	150	50	449100000	6	-1	4490	4490
44910014	Living Jar (Stormveil Castle)	44910	4490	150	50	449100000	6	-1	4490	4490
44910020	Living Jar	44910	4490	150	50	449100000	6	-1	4490	4490
44910021	Living Jar	44910	4490	150	50	449100000	6	-1	4490	4490
44910024	Living Jar	44910	4490	150	50	449100000	6	-1	4490	4490
44910032	Living Jar	44910	4490	150	50	449100010	6	-1	4490	4490
44910033	Living Jar	44910	4490	150	50	449100010	6	-1	4490	4490
44910034	Living Jar (Leyndell)	44910	4490	150	50	449100010	6	-1	4490	4490
44910035	Living Jar	44910	4490	150	50	449100010	6	-1	4490	4490
44910038	Living Jar	44910	4490	150	50	449100010	6	-1	4490	4490
44910050	Living Jar	44910	4490	150	50	449100010	6	-1	4490	4490
44910100	Living Jar	44910	4490	150	50	-1	6	-1	4490	4490
44910124	Living Jar	44910	4490	150	50	449100100	6	-1	4490	4490
44910150	Living Jar	44910	4490	150	50	449100100	6	-1	4490	4490
44910200	Living Fire Jar	44910	4490	150	50	-1	6	-1	4490	4490
44910232	Living Fire Jar	44910	4490	150	50	449100200	6	-1	4490	4490
44910233	Living Fire Jar	44910	4490	150	50	449100200	6	-1	4490	4490
44910234	Living Fire Jar (Leyndell)	44910	4490	150	50	449100200	6	-1	4490	4490
44910238	Living Fire Jar	44910	4490	150	50	449100200	6	-1	4490	4490
44910250	Living Fire Jar	44910	4490	150	50	449100200	6	-1	4490	4490
44910300	Living Jar	44910	4490	150	50	-1	6	-1	4490	4490
44910333	Living Jar	44910	4490	150	50	449100200	6	-1	4490	4490
44910350	Living Jar	44910	4490	150	50	449100200	6	-1	4490	4490
44910400	Living Jar	44910	4490	150	50	-1	6	-1	4490	4490
44910500	Living Jar	44910	4490	150	50	-1	6	-1	4490	4490
44910600	Living Jar	44910	4490	150	50	-1	6	-1	4490	4490
44910720	Living Jar	44910	4490	150	50	449100000	26	-1	4490	4490
44910933	Living Jar	44910	4490	150	50	-1	6	-1	4490	4490
44919000	Jar-Bairn	44910	4490	691	50	-1	26	-1	4490	4490
44919020	Jar-Bairn	44910	4490	691	50	-1	26	-1	4490	4490
44919120	Jar-Bairn	44910	4490	691	50	-1	26	-1	4490	4490
44919220	Jar-Bairn	44910	4490	691	50	-1	26	-1	4490	4490
44919320	Jar-Bairn	44910	4490	691	50	-1	26	-1	4490	4490
44920000	Greatjar	44920	4490	0	50	-1	26	-1	4490	4490
44920040	Greatjar	44920	4490	0	50	-1	26	-1	4490	4490
44920100	Greatjar	44920	4490	0	50	-1	26	-1	4490	4490
45000000	Flying Dragon (Unscaled)	45000	-1	1639	50	-1	11	4500	4500	-1
45000010	Flying Dragon Agheel (Limgrave)	45000	-1	1639	50	-1	11	4500	4500	-1
45000042	Flying Dragon Greyll (Caelid)	45000	-1	1639	50	-1	11	4500	4500	-1
45000072	Flying Dragon	45000	-1	1639	50	-1	11	4500	4500	-1
45001000	Flying Dragon (Unscaled)	45000	-1	1639	50	-1	11	4500	4500	-1
45001072	Flying Dragon	45000	-1	1639	50	-1	11	4500	4500	-1
45008000	Flying Dragon (Unscaled)	45000	-1	1639	50	-1	6	4500	4500	-1
45008024	Flying Dragon (Rennala)	45000	-1	1639	50	-1	6	4500	4500	-1
45010000	Decaying Ekzykes (Unscaled)	45010	-1	5753	50	-1	11	4500	4500	4500
45010040	Decaying Ekzykes (Caelid)	45010	-1	5753	50	-1	9	4500	4500	4500
45020000	Glintstone (Unscaled)	45020	-1	1639	50	-1	11	4500	4500	4500
45020022	Glintstone Dragon (Moonlight Plateau)	45020	-1	1639	50	450222000	7	4500	4500	4500
45020920	Glintstone Dragon Smarag	45020	-1	1639	50	-1	11	4500	4500	4500
45021000	Glintstone Dragon (Unscaled)	45020	-1	1639	50	-1	11	4500	4500	4500
45021920	Glintstone Dragon Smarag	45020	-1	1639	50	-1	11	4500	4500	4500
45021922	Glintstone Dragon Adula	45020	-1	1639	50	-1	11	4500	4500	4500
45030000	Borealis the Freezing Fog (Unscaled)	45030	-1	1639	50	-1	11	4500	4500	4500
45030050	Borealis the Freezing Fog (Mountaintops)	45030	-1	1639	50	-1	11	4500	4500	4500
45040000	Elder Dragon Greyoll	45000	-1	12440	50	-1	11	4504	4500	4500
45040042	Elder Dragon Greyoll	45000	-1	12440	50	450442000	9	4504	4500	4500
45050000	Flying Dragon (Small)	45000	-1	1019	50	-1	11	4505	4500	4500
45050042	Flying Dragon (Small)	45000	-1	1019	50	450542000	6	4505	4500	4500
45100000	Ancient Dragon	45100	-1	1876	50	-1	11	4510	-1	-1
45100072	Ancient Dragon	45100	-1	1876	50	-1	11	4510	-1	-1
45100172	Ancient Dragon	45100	-1	1876	50	-1	11	4510	-1	-1
45100272	Ancient Dragon	45100	-1	1876	50	-1	11	4510	-1	-1
45100572	Ancient Dragon	45100	-1	1876	50	451072000	11	4510	-1	-1
45101000	Ancient Dragon	45100	-1	1876	50	-1	11	4510	-1	-1
45101100	Ancient Dragon	45100	-1	3128	50	-1	11	4510	-1	-1
45101200	Ancient Dragon	45100	-1	3128	50	-1	11	4510	-1	-1
45101272	Ancient Dragon	45100	-1	3128	50	-1	11	4510	-1	-1
45102000	Ancient Dragon	45100	-1	1876	50	-1	11	4510	-1	-1
45102030	Ancient Dragon Lansseax (Boss)	45100	-1	1876	50	-1	11	4510	-1	-1
45102100	Ancient Dragon	45100	-1	3128	50	-1	11	4510	-1	-1
45102200	Ancient Dragon	45100	-1	3128	50	-1	11	4510	-1	-1
45102272	Ancient Dragon	45100	-1	3128	50	-1	11	4510	-1	-1
45110000	Lichdragon Fortissax	45100	-1	3128	50	-1	11	4510	4510	4510
45110066	Lichdragon Fortissax	45100	-1	3128	50	-1	11	-1	4510	4510
45200000	Dragonlord Placidusax (Unscaled)	45200	-1	3782	50	-1	7	4520	-1	-1
45200072	Dragonlord Placidusax	45200	-1	3782	50	-1	7	4520	-1	-1
45200100	Dragonlord Placidusax (Unscaled)	45200	-1	3782	50	-1	7	4522	-1	-1
45500000	Giant Dog	45500	-1	668	50	-1	7	4550	-1	-1
45500040	Giant Dog	45500	-1	668	50	455000000	52	4550	-1	-1
45500042	Giant Dog	45500	-1	668	50	455000000	52	4550	-1	-1
45501000	Giant Dog	45500	-1	668	50	-1	7	4550	-1	-1
45501040	Giant Dog	45500	-1	668	50	455000000	52	4550	-1	-1
45502000	Giant Dog	45500	-1	668	50	-1	7	4550	-1	-1
45502040	Giant Dog	45500	-1	668	50	455000100	52	4550	-1	-1
45502042	Giant Dog	45500	-1	668	50	455000100	7	4550	-1	-1
45503000	Giant Dog	45500	-1	668	50	-1	7	4550	-1	-1
45503040	Giant Dog	45500	-1	668	50	455000100	52	4550	-1	-1
45504000	Gowry's Giant Dog	45500	-1	668	50	-1	7	4550	-1	-1
45504040	Gowry's Giant Dog	45500	-1	668	50	455000100	7	4550	-1	-1
45505000	Giant Dog (Snowfield)	45500	-1	668	50	-1	7	4550	-1	-1
45505050	Giant Dog (Snowfield)	45500	-1	668	50	455000100	59	4550	-1	-1
45506000	Giant Dog	45500	-1	668	50	-1	7	4550	-1	-1
45506050	Giant Dog	45500	-1	668	50	455000000	59	4550	-1	-1
45506200	Giant Dog	45500	-1	668	50	-1	7	4550	-1	-1
45506400	Giant Dog	45500	-1	668	50	-1	7	4550	-1	-1
45506450	Giant Dog	45500	-1	668	50	455000000	59	4550	-1	-1
45506600	Giant Dog	45500	-1	668	50	-1	7	4550	-1	-1
45506650	Giant Dog	45500	-1	668	50	455000100	59	4550	-1	-1
45508000	Giant Dog	45500	-1	668	50	-1	7	4550	-1	-1
45508100	Giant Dog	45500	-1	668	50	-1	7	4550	-1	-1
45600000	Giant Crow	45600	-1	1204	50	-1	7	4560	-1	-1
45600040	Giant Crow	45600	-1	1204	50	456000000	52	4560	-1	-1
45600042	Giant Crow	45600	-1	1204	50	456000000	7	4560	-1	-1
45601000	Giant Crow (Snowfield)	45600	-1	1204	50	-1	7	4560	-1	-1
45601050	Giant Crow (Snowfield)	45600	-1	1204	50	456000000	59	4560	-1	-1
45601850	Giant Crow (Snowfield)	45600	-1	1204	50	456000000	59	4560	-1	-1
45609000	Giant Crow	45600	-1	1204	50	-1	7	4560	-1	-1
45610000	Bloodbane Giant Crow	45600	-1	1577	50	-1	7	4560	4560	4560
45610068	Bloodbane Giant Crow	45600	-1	1577	50	456100000	7	4560	4560	4560
45700000	Wormface	45700	-1	621	50	-1	6	4570	-1	-1
45700030	Wormface	45700	-1	621	50	457000000	59	4570	-1	-1
45701000	Wormface	45700	-1	621	50	-1	6	4570	-1	-1
45701072	Wormface	45700	-1	621	50	457000010	6	4570	-1	-1
45702000	Wormface	45700	-1	621	50	-1	6	4570	-1	-1
45702030	Wormface	45700	-1	621	50	457000100	59	4570	-1	-1
45800000	Giant Wormface	45800	4570	1587	50	-1	7	4580	4570	-1
45800030	Wormface (Boss)	45800	4570	1587	50	-1	59	4580	4570	-1
45801000	Giant Wormface	45800	4570	1587	50	-1	7	4580	4570	-1
45801072	Giant Wormface	45800	4570	1587	50	458000000	7	4580	4570	-1
45802000	Giant Wormface	45800	4570	1587	50	-1	7	4580	4570	-1
45802132	Giant Wormface	45800	4570	1587	50	-1	7	4580	4570	-1
46000000	Troll	46000	8000	1901	150	-1	9	4600	-1	-1
46000010	Troll	46000	8000	1901	150	460000000	7	4600	-1	-1
46000012	Troll	46000	8000	1901	150	460000000	7	4600	-1	-1
46000014	Troll (Stormveil Castle)	46000	8000	1901	150	460000000	9	4600	-1	-1
46000020	Troll	46000	8000	1901	150	460000000	9	4600	-1	-1
46000032	Troll	46000	8000	1901	150	460000000	6	4600	-1	-1
46000033	Troll	46000	8000	1901	150	460000000	9	4600	-1	-1
46000040	Troll	46000	8000	1901	150	460000000	7	4600	-1	-1
46000050	Troll	46000	8000	1901	150	460000000	9	4600	-1	-1
46000065	Troll	46000	8000	1901	150	460000000	9	4600	-1	-1
46000100	Troll	46000	8000	1901	150	-1	9	4600	-1	-1
46000150	Troll	46000	8000	1901	150	460000000	9	4600	-1	-1
46001000	Troll	46000	8000	1581	150	-1	7	4600	-1	-1
46001010	Troll	46000	8000	1581	150	460000500	7	4600	-1	-1
46001020	Troll	46000	8000	1581	150	460000500	7	4600	-1	-1
46001030	Troll	46000	8000	1581	150	460000500	7	4600	-1	-1
46001032	Troll	46000	8000	1581	150	460000500	7	4600	-1	-1
46001099	Troll	46000	8000	1581	150	-1	7	4600	-1	-1
46001120	Troll	46000	8000	1581	150	-1	7	4600	-1	-1
46001130	Troll	46000	8000	1581	150	460000500	7	4600	-1	-1
46003000	Troll	46000	8000	1901	150	-1	9	4600	-1	-1
46003041	Troll	46000	8000	1901	150	460000200	49	4600	-1	-1
46003140	Troll	46000	8000	1901	150	460000200	9	4600	-1	-1
46004000	Frenzied Troll	46000	8000	1581	150	-1	9	4600	-1	-1
46004032	Frenzied Troll	46000	8000	1581	150	-1	9	4600	-1	-1
46004100	Frenzied Troll	46000	8000	1581	150	-1	9	4600	-1	-1
46004152	Frenzied Troll	46000	8000	1581	150	460000300	9	4600	-1	-1
46008000	Troll (Rennala) (Unscaled)	46000	8000	1901	150	-1	6	4600	-1	-1
46008024	Troll (Rennala)	46000	8000	1901	150	-1	6	4600	-1	-1
46010000	Troll Knight	46000	8000	1901	150	-1	9	4600	4600	4600
46010020	Troll Knight	46000	8000	1901	150	460000400	9	4600	4600	4600
46010021	Troll Knight	46000	8000	1901	150	460000400	9	4600	4600	4600
46010100	Troll Knight (Mausoleum)	46000	8000	1901	150	-1	9	4600	4600	4600
46010120	Troll Knight (Mausoleum)	46000	8000	1901	150	460000400	9	4600	4600	4600
46010200	Troll Knight (Puppet)	46000	8000	1901	150	-1	9	4600	4600	4600
46010220	Troll Knight (Puppet)	46000	8000	1901	150	460000400	55	4600	4600	4600
46010920	Carian Knight Bols (Boss)	46000	8000	1901	150	-1	9	4600	4600	4600
46018000	Troll Knight	46000	8000	1901	150	-1	9	4600	4600	4600
46018021	Troll Knight	46000	8000	1901	150	460021400	9	4600	4600	4600
46020000	Snowfield Troll	46000	8000	1901	150	-1	9	4600	4600	4600
46020050	Snowfield Troll	46000	8000	1901	150	460000100	56	4600	4600	4600
46021000	Snowfield Troll	46000	8000	1581	150	-1	7	4600	4600	4600
46021052	Snowfield Troll	46000	8000	1581	150	-1	7	4600	4600	4600
46022000	Snowfield Troll	46000	8000	1901	150	-1	9	4600	4600	4600
46030000	Stonedigger Troll	46000	8000	1135	150	-1	9	4600	4600	4600
46030910	Stonedigger Troll (Boss)	46000	8000	1135	150	-1	9	4600	4600	4600
46030930	Stonedigger Troll (Boss)	46000	8000	1135	150	-1	9	4600	4600	4600
46040000	Smithing Master Iji	46000	4600	1914	150	-1	26	4600	4600	4600
46040020	Smithing Master Iji	46000	4600	1914	150	-1	26	4600	4600	4600
46040120	War Counselor Iji	46000	4600	1914	150	-1	0	4600	4600	4600
46040220	War Counselor Iji	46000	4600	1914	150	-1	26	4600	4600	4600
46100000	NPC Param 46100000	46100	-1	6208	50	-1	7	-1	-1	-1
46200000	Astel, Stars of Darkness	46200	-1	2708	50	-1	9	4620	4620	-1
46200062	Astel, Stars of Darkness	46200	-1	2708	50	462000000	9	4620	4620	-1
46200952	Astel, Stars of Darkness (Snowfield Mine)	46200	-1	2708	50	-1	33	4620	4620	-1
46201000	Malformed Stars (Unscaled)	46200	-1	611	50	-1	9	4620	4620	-1
46202000	Malformed Stars (Unscaled)	46200	-1	611	50	-1	9	4620	4620	-1
46202030	Malformed Stars	46200	-1	611	50	462000000	9	4620	4620	-1
46202060	Malformed Stars (Ainsel River)	46200	-1	611	50	462000000	9	4620	4620	-1
46202062	Malformed Stars	46200	-1	611	50	-1	9	4620	4620	-1
46209000	Astel, Stars of Darkness (Unscaled)	46200	-1	2708	50	-1	33	4620	4620	-1
46209100	Malformed Stars (Unscaled)	46200	-1	611	50	-1	33	4620	4620	-1
46209152	Malformed Stars (Snowfield Mine Clone)	46200	-1	611	50	-1	33	4620	4620	-1
46209200	Malformed Stars (Unscaled)	46200	-1	611	50	-1	33	4620	4620	-1
46209300	Malformed Stars (Unscaled)	46200	-1	611	50	-1	33	4620	4620	-1
46300000	Runebear	46300	-1	2585	50	-1	9	5240	-1	-1
46300010	Runebear	46300	-1	2585	50	463000000	58	5240	-1	-1
46300020	Runebear	46300	-1	2585	50	463000000	9	5240	-1	-1
46300030	Runebear	46300	-1	2585	50	463000000	9	5240	-1	-1
46300032	Runebear	46300	-1	2585	50	463000000	9	5240	-1	-1
46300033	Runebear	46300	-1	2585	50	463000000	9	5240	-1	-1
46300042	Runebear	46300	-1	2585	50	463000000	9	5240	-1	-1
46300052	Runebear	46300	-1	2585	50	463000000	9	5240	-1	-1
46300066	Runebear	46300	-1	2585	50	463000000	9	5240	-1	-1
46300072	Runebear	46300	-1	2585	50	463000000	9	5240	-1	-1
46300100	White Runebear	46300	-1	2585	50	463000000	9	5240	-1	-1
46300152	White Runebear	46300	-1	2585	50	463000000	9	5240	-1	-1
46300200	Elite Runebear	46300	-1	2585	50	463000000	9	5240	-1	-1
46300240	Elite Runebear	46300	-1	2585	50	463000000	9	5240	-1	-1
46300310	Runebear	46300	-1	2585	50	463000000	58	5240	-1	-1
46300342	Runebear	46300	-1	2585	50	463000000	9	5240	-1	-1
46300410	Runebear	46300	-1	2585	50	-1	9	5240	-1	-1
46300652	Elite Runebear	46300	-1	2585	50	-1	9	5240	-1	-1
46300700	Runebear	46300	-1	2585	50	-1	9	5240	-1	-1
46300766	Runebear	46300	-1	2585	50	463000700	9	5240	-1	-1
46300912	Runebear (Boss)	46300	-1	2585	50	-1	9	5240	-1	-1
46400000	Ulcerated Tree Spirit	46400	-1	2713	50	-1	7	4640	-1	-1
46400007	Ulcerated Tree Spirit (Boss)	46400	-1	2713	50	-1	7	4640	-1	-1
46400014	Ulcerated Tree Spirit (Stormveil Castle)	46400	-1	2713	50	-1	7	4640	-1	-1
46400032	Ulcerated Tree Spirit (Boss)	46400	-1	2713	50	-1	7	4640	-1	-1
46400033	Ulcerated Tree Spirit	46400	-1	2713	50	-1	7	4640	-1	-1
46400034	Ulcerated Tree Spirit (Leyndell)	46400	-1	2713	50	-1	7	4640	-1	-1
46400070	Ulcerated Tree Spirit	46400	-1	2713	50	-1	7	4640	-1	-1
46400100	Putrid Tree Spirit	46400	-1	2713	50	-1	7	4640	-1	-1
46400156	Putrid Tree Spirit	46400	-1	2713	50	-1	7	4640	-1	-1
46400162	Putrid Tree Spirit	46400	-1	2713	50	-1	7	4640	-1	-1
46400942	Putrid Tree Spirit (Boss)	46400	-1	2713	50	-1	7	4640	-1	-1
46400950	Ulcerated Tree Spirit (Boss)	46400	-1	2713	50	-1	7	4640	-1	-1
46500000	Dragonkin Soldier (Ice Lightning) (Unscaled)	46500	-1	2239	50	-1	7	4650	-1	-1
46500060	Dragonkin Soldier (Ice Lightning) (Nokstella)	46500	-1	2239	50	-1	7	-1	-1	-1
46500100	Dragonkin Soldier (Ice Lightning)  (Unscaled)	46500	-1	2239	50	-1	7	4650	-1	-1
46500160	Dragonkin Soldier (Ice Lightning)	46500	-1	2239	50	-1	7	-1	-1	-1
46500200	Dragonkin Soldier (Unscaled)	46500	-1	1396	50	-1	7	4650	-1	-1
46500262	Dragonkin Soldier (Lake of Rot)	46500	-1	1396	50	-1	7	4650	-1	-1
46500265	Dragonkin Soldier (Nokron)	46500	-1	1396	50	-1	7	4650	-1	-1
46500300	Dragonkin Soldier Phantom (Unscaled)	46500	-1	272	50	-1	7	4650	-1	-1
46500352	Dragonkin Soldier Phantom (Snowfields)	46500	-1	272	50	-1	33	4650	-1	-1
46500900	Dragonkin Soldier of Nokstella Healthbar (Unscaled)	46500	-1	2239	50	-1	7	4650	-1	-1
46500960	Dragonkin Soldier of Nokstella Healthbar (Boss)	46500	-1	2239	50	-1	7	-1	-1	-1
46600000	Guardian Golem	46600	-1	5236	50	-1	7	4660	-1	-1
46600010	Guardian Golem	46600	-1	5236	50	466000010	7	4660	-1	-1
46600030	Guardian Golem	46600	-1	5236	50	466000040	65	4660	-1	-1
46600034	Guardian Golem (Leyndell)	46600	-1	5236	50	466000040	7	4660	-1	-1
46600070	Guardian Golem	46600	-1	5236	50	466000040	7	4660	-1	-1
46600100	Guardian Golem	46600	-1	5236	50	466000000	7	4660	-1	-1
46600120	Guardian Golem	46600	-1	5236	50	466000020	7	4660	-1	-1
46600133	Guardian Golem	46600	-1	5236	50	466000040	65	4660	-1	-1
46600150	Guardian Golem	46600	-1	5236	50	466000050	7	4660	-1	-1
46600170	Guardian Golem	46600	-1	5236	50	-1	7	4660	-1	-1
46600910	Guardian Golem (Limgrave Boss)	46600	-1	5236	50	-1	7	4660	-1	-1
46601000	Guardian Golem	46600	-1	2442	50	466000100	7	4660	-1	-1
46601010	Guardian Golem	46600	-1	2442	50	466000110	7	4660	-1	-1
46601030	Guardian Golem	46600	-1	2442	50	466000140	65	4660	-1	-1
46601034	Guardian Golem (Leyndell)	46600	-1	2442	50	466000140	7	4660	-1	-1
46601040	Guardian Golem	46600	-1	2442	50	466000130	7	4660	-1	-1
46601042	Guardian Golem	46600	-1	2442	50	466000130	7	4660	-1	-1
46601100	Guardian Golem	46600	-1	2442	50	466000100	7	4660	-1	-1
46601120	Guardian Golem	46600	-1	2442	50	466000120	7	4660	-1	-1
46601140	Guardian Golem	46600	-1	2442	50	466000130	7	4660	-1	-1
46602000	Guardian Golem	46600	-1	5236	50	-1	7	4660	-1	-1
46602050	Guardian Golem	46600	-1	5236	50	466000200	7	4660	-1	-1
46602100	Guardian Golem	46600	-1	5236	50	-1	7	4660	-1	-1
46603000	Guardian Golem	46600	-1	2442	50	-1	7	4660	-1	-1
46603100	Guardian Golem	46600	-1	2442	50	-1	7	4660	-1	-1
46604000	Guardian Golem	46600	-1	5236	50	-1	7	4660	-1	-1
46604100	Guardian Golem	46600	-1	5236	50	-1	7	4660	-1	-1
46604142	Guardian Golem	46600	-1	5236	50	466000300	7	4660	-1	-1
46605000	Guardian Golem	46600	-1	2442	50	-1	7	4660	-1	-1
46605040	Guardian Golem	46600	-1	2442	50	466000400	7	4660	-1	-1
46605100	Guardian Golem	46600	-1	2442	50	-1	7	4660	-1	-1
46605140	Guardian Golem	46600	-1	2442	50	466000400	7	4660	-1	-1
46606000	Guardian Golem	46600	-1	5236	50	-1	7	4660	-1	-1
46606010	Guardian Golem	46600	-1	5236	50	466000510	7	4660	-1	-1
46606020	Guardian Golem	46600	-1	5236	50	466000520	7	4660	-1	-1
46607000	Guardian Golem	46600	-1	2442	50	-1	7	4660	-1	-1
46607012	Guardian Golem	46600	-1	2442	50	466000610	7	4660	-1	-1
46607033	Guardian Golem	46600	-1	2442	50	466000640	65	4660	-1	-1
46608000	Guardian Golem	46600	-1	5236	50	-1	7	4660	-1	-1
46609000	Guardian Golem	46600	-1	2442	50	-1	7	4660	-1	-1
46609050	Guardian Golem	46600	-1	2442	50	466000650	7	4660	-1	-1
46700000	Ancestor Spirit	46700	-1	1939	50	-1	6	4670	-1	-1
46700065	Ancestor Spirit (Regal)	46700	-1	1939	50	-1	6	4670	-1	-1
46700100	Ancestor Spirit	46700	-1	3105	50	-1	6	4670	-1	-1
46700200	Ancestor Spirit	46700	-1	3105	50	-1	6	4670	-1	-1
46700300	Ancestor Spirit	46700	-1	3105	50	-1	6	4670	-1	-1
46700400	Ancestor Spirit	46700	-1	3105	50	-1	6	4670	-1	-1
46700964	Ancestor Spirit (Nonregal)	46700	-1	1939	50	-1	6	4670	-1	-1
46705000	Ancestor Spirit	46700	-1	2521	50	-1	6	4670	-1	-1
46800000	Full-Grown Fallingstar Beast (Unscaled)	46800	-1	3154	50	-1	7	4680	-1	-1
46800032	Full-Grown Fallingstar Beast (Volcano Top)	46800	-1	3154	50	-1	7	4680	-1	-1
46801000	Fallingstar Beast (Unscaled)	46800	-1	1893	50	-1	7	4680	-1	-1
46801930	Fallingstar Beast (Altus Plateau)	46800	-1	1893	50	-1	7	4680	-1	-1
46801940	Fallingstar Beast (Sellia Tunnel)	46800	-1	1893	50	-1	7	4680	-1	-1
46900000	Grafted Scion (Unscaled)	46900	-1	1146	150	-1	6	4690	-1	-1
46900007	Grafted Scion (Fringefolk Grave)	46900	-1	1146	150	469000000	6	4690	-1	-1
46900008	Grafted Scion (Boss)	46900	-1	1146	150	-1	6	4690	-1	-1
46900014	Grafted Scion (Stormveil Castle)	46900	-1	1146	150	469000000	6	4690	-1	-1
46900020	Grafted Scion (Liurnia of the Lakes)	46900	-1	1146	150	469000000	6	4690	-1	-1
46900032	Grafted Scion (Mt. Gelmir)	46900	-1	1146	150	469000000	6	4690	-1	-1
46900034	Grafted Scion (Leyndell)	46900	-1	1146	150	469000000	6	4690	-1	-1
47100000	God-Devouring Serpent (Unscaled)	47100	-1	6284	50	-1	6	-1	-1	-1
47100038	God-Devouring Serpent	47100	-1	6284	50	-1	6	-1	-1	-1
47101000	Rykard- Lord of Blasphemy (Unscaled)	47100	-1	12216	50	-1	6	-1	-1	-1
47101038	Rykard- Lord of Blasphemy	47100	-1	12216	50	-1	6	-1	-1	-1
47102000	Rykard- Lord of Blasphemy (Unscaled)	47100	-1	9740	50	-1	6	-1	-1	-1
47109000	Rykard- Lord of Blasphemy (Unscaled)	47100	-1	696	50	-1	6	-1	-1	-1
47110000	Rykard's Corpse	47100	4710	12691	50	-1	0	-1	-1	-1
47110038	Rykard's Corpse	47100	4710	12691	50	-1	0	-1	-1	-1
47200000	Godfrey- First Elden Lord (Unscaled)	47200	-1	1721	50	-1	7	4720	-1	-1
47200070	Godfrey- First Elden Lord	47200	-1	1721	50	-1	33	4720	-1	-1
47200100	Godfrey- First Elden Lord (Unscaled)	47200	-1	1721	50	-1	7	4720	-1	-1
47200134	Godfrey- First Elden Lord (Phantom)	47200	-1	1721	50	-1	7	4720	-1	-1
47210000	Hoarah Loux (Unscaled)	47210	-1	1656	50	-1	7	4721	-1	-1
47210070	Hoarah Loux	47210	-1	3186	50	-1	33	-1	-1	-1
47300000	Starscourge Radahn	47300	-1	2585	50	-1	7	4730	-1	-1
47300040	Starscourge Radahn	47300	-1	2585	50	-1	7	4730	-1	-1
47500000	Godrick the Grafted (Unscaled)	47500	-1	3354	50	-1	6	4750	-1	-1
47500014	Godrick the Grafted (Stormveil Castle)	47500	-1	3354	50	-1	6	4750	-1	-1
47500030	Godefroy the Grafted (Altus)	47500	-1	3354	50	-1	6	4750	-1	-1
47501000	Godrick the Grafted (Unscaled)	47500	-1	3354	50	-1	6	4750	-1	-1
47510000	Godrick - Head and Torso	47510	-1	2521	50	-1	6	-1	-1	-1
47510014	Godrick - Head and Torso (Stormveil Castle)	47510	-1	2521	50	-1	0	-1	-1	-1
47600000	Fire Giant	47600	-1	3489	50	-1	7	4760	-1	-1
47600050	Fire Giant	47600	-1	3489	50	-1	33	4760	-1	-1
47600900	Fire Giant	47600	-1	3489	50	-1	7	4760	-1	-1
47601000	Fire Giant	47600	-1	6592	50	-1	7	4761	-1	-1
47601050	Fire Giant	47600	-1	6592	50	-1	33	4761	-1	-1
47601900	Fire Giant	47600	-1	2521	50	-1	7	4761	-1	-1
47700000	Gargoyle	47700	-1	1745	50	-1	7	4770	-1	-1
47700033	Gargoyle (Capital Outskirts)	47700	-1	1745	50	477000000	7	4770	-1	-1
47700034	Gargoyle (Leyndell - Royal Capital)	47700	-1	1745	50	477000000	7	4770	-1	-1
47700070	Gargoyle (Leyndell - Ashen Capital)	47700	-1	1745	50	477000000	7	4770	-1	-1
47700100	Gargoyle (Poison Breath)	47700	-1	1745	50	-1	7	4770	-1	-1
47700165	Valiant Gargoyle (Twinblade) (Nokron)	47700	-1	1745	50	-1	6	4770	-1	-1
47700200	Black Blade Kindred	47700	-1	1745	50	-1	7	4770	-1	-1
47700250	Black Blade Kindred (Forbidden Lands)	47700	-1	1745	50	-1	7	4770	-1	-1
47701000	Gargoyle (Greatsword)	47700	-1	1745	50	-1	7	4770	-1	-1
47701034	Gargoyle (Greatsword) (Leyndell - Royal Capital)	47700	-1	1745	50	477000100	7	4770	-1	-1
47701100	Gargoyle (Greatsword + Poison Breath)	47700	-1	1745	50	-1	7	4770	-1	-1
47701165	Valiant Gargoyle (Nokron)	47700	-1	1745	50	-1	6	4770	-1	-1
47701200	Black Blade Kindred (Greatsword)	47700	-1	1745	50	-1	7	4770	-1	-1
47701242	Black Blade Kindred (Dragonbarrow - Bestial Sanctum)	47700	-1	1745	50	-1	7	4770	-1	-1
47702000	Ruined Gargoyle	47700	-1	260	50	-1	7	4775	-1	-1
47702034	Ruined Gargoyle (Leyndell - Royal Capital)	47700	-1	260	50	477000200	7	4775	-1	-1
47702066	Ruined Gargoyle (Deeproot Depths)	47700	-1	260	50	477000200	7	4775	-1	-1
47709900	Gargoyle -Passive Battle State-	47700	-1	1745	50	-1	6	4770	-1	-1
47709910	Gargoyle (Greatsword) -Passive Battle State-	47700	-1	1745	50	-1	6	4770	-1	-1
48000000	Mohg, the Omen	48000	-1	2553	50	-1	6	4800	-1	-1
48000068	Mohg, Lord of Blood	48000	-1	2553	50	-1	6	4800	-1	-1
48001000	Mohg, the Omen	48000	-1	2553	50	-1	6	4800	-1	-1
48001935	Mohg, the Omen (Sewers)	48000	-1	2553	50	-1	6	4800	-1	-1
48008000	Mohg, the Omen	48000	-1	2553	50	-1	6	4800	-1	-1
48009000	Mohg, the Omen	48000	-1	2553	50	-1	6	4800	-1	-1
48100000	Erdtree Avatar	48100	-1	1745	50	-1	7	4810	4810	-1
48100012	Erdtree Avatar (Weeping Peninsula Boss)	48100	-1	1745	50	-1	7	4810	4810	-1
48100020	Erdtree Avatar (North Liurnia)	48100	-1	1745	50	-1	7	4810	4810	-1
48100034	Erdtree Avatar (Leyndell)	48100	-1	1745	50	-1	7	4810	4810	-1
48100040	Erdtree Avatar	48100	-1	1745	50	-1	7	4810	4810	-1
48100066	Erdtree Avatar (Deeproot Depths)	48100	-1	1745	50	-1	7	4810	4810	-1
48100100	Erdtree Avatar	48100	-1	1745	50	-1	7	4810	4810	-1
48100150	Erdtree Avatar (Giants Mountaintops)	48100	-1	1745	50	-1	33	4810	4810	-1
48100920	Erdtree Avatar (South Liurnia)	48100	-1	1745	50	-1	7	4810	4810	-1
48109990	Erdtree Avatar	48100	-1	1745	50	-1	33	4810	4810	-1
48109991	Erdtree Avatar	48100	-1	1745	50	-1	33	4810	4810	-1
48109992	Erdtree Avatar	48100	-1	1745	50	-1	33	4810	4810	-1
48110000	Putrid Erdtree Avatar	48100	-1	1745	50	-1	7	4810	4810	4810
48110040	Putrid Erdtree Avatar	48100	-1	1745	50	-1	7	4810	4810	4810
48110042	Putrid Erdtree Avatar	48100	-1	1745	50	-1	7	4810	4810	4810
48110052	Putrid Erdtree Avatar (Snowfield)	48100	-1	1745	50	-1	7	4810	4810	4810
48110054	Putrid Erdtree Avatar	48100	-1	1745	50	481000000	6	4810	4810	4810
48110056	Putrid Erdtree Avatar	48100	-1	1745	50	481000000	6	4810	4810	4810
48200000	Omenkiller	48200	-1	429	50	-1	6	4820	-1	-1
48200100	Omenkiller	48200	-1	429	50	-1	6	4820	-1	-1
48200130	Omenkiller	48200	-1	429	50	482000000	6	4820	-1	-1
48200134	Omenkiller (Leyndell)	48200	-1	429	50	482000000	6	4820	-1	-1
48200138	Omenkiller	48200	-1	429	50	482000000	6	4820	-1	-1
48200820	Omenkiller	48200	-1	429	50	482000000	0	4820	-1	-1
48200920	Omenkiller (Boss)	48200	-1	429	50	-1	6	4820	-1	-1
48200930	Omenkiller (Boss Village)	48200	-1	429	50	-1	6	4820	-1	-1
48208000	Omenkiller	48200	-1	429	50	-1	6	4820	-1	-1
48208030	Omenkiller	48200	-1	429	50	482000500	6	4820	-1	-1
48208034	Omenkiller (Leyndell)	48200	-1	429	50	482000400	6	4820	-1	-1
48208038	Omenkiller	48200	-1	429	50	482000600	6	4820	-1	-1
48208100	Omenkiller	48200	-1	429	50	-1	6	4820	-1	-1
48208138	Omenkiller	48200	-1	429	50	482000700	6	4820	-1	-1
49100000	Magma Wyrm	49100	-1	2968	50	-1	7	4910	-1	-1
49100026	Magma Wyrm Makar (Boss)	49100	-1	2968	50	-1	7	4910	-1	-1
49100032	Magma Wyrm (Lava Lake Boss)	49100	-1	2968	50	-1	7	4910	-1	-1
49100038	Magma Wyrm (Volcano Manor)	49100	-1	2968	50	-1	7	4910	-1	-1
49100100	Magma Wyrm	49100	-1	2968	50	-1	7	4910	-1	-1
49100940	Magma Wyrm (Gael Tunnel Boss)	49100	-1	2968	50	-1	7	4910	-1	-1
49110000	Great Wyrm Theodorix	49100	-1	3561	50	-1	7	4910	4910	4910
49110052	Great Wyrm Theodorix (Boss)	49100	-1	3561	50	-1	24	4910	4910	4910
49500000	Tibia Mariner	49500	-1	1918	50	-1	7	4950	4950	-1
49500010	Tibia Mariner (Limgrave)	49500	-1	1918	50	-1	7	4950	4950	-1
49500020	Tibia Mariner (Boss)	49500	-1	1918	50	-1	7	4950	4950	-1
49500032	Tibia Mariner (Boss)	49500	-1	1918	50	-1	33	4950	4950	-1
49500050	Tibia Mariner	49500	-1	1918	50	496000000	33	4950	4950	-1
49600000	Giant Skeleton Torso	49600	-1	1918	50	-1	7	4960	4950	-1
49600032	Giant Skeleton Torso	49600	-1	1918	50	496000100	33	4960	4950	-1
49600050	Giant Skeleton Torso	49600	-1	1918	50	-1	33	4960	4950	-1
49600100	Giant Skeleton Torso	49600	-1	1918	50	-1	7	4960	4950	-1
49600168	Giant Skeleton Torso	49600	-1	1918	50	-1	7	4960	4950	-1
49800000	Death Bird	49800	-1	2079	50	-1	7	4980	-1	-1
49800010	Death Bird (Limgrave)	49800	-1	2079	50	-1	7	4980	-1	-1
49800012	Death Bird (Weeping Peninsula)	49800	-1	2079	50	-1	7	4980	-1	-1
49800020	Death Bird (Liurnia)	49800	-1	2079	50	-1	7	4980	-1	-1
49800032	Death Bird	49800	-1	2079	50	-1	7	4980	-1	-1
49800033	Death Bird (Altus)	49800	-1	2079	50	-1	7	4980	-1	-1
49801000	Death Rite Bird	49800	-1	2447	50	-1	7	4980	-1	-1
49801020	Death Rite Bird	49800	-1	2447	50	-1	7	4980	-1	-1
49801040	Death Rite Bird	49800	-1	2447	50	-1	7	4980	-1	-1
49801050	Death Rite Bird	49800	-1	2447	50	-1	33	4980	-1	-1
49801052	Death Rite Bird	49800	-1	2447	50	-1	7	4980	-1	-1
50000000	Commander Gaius	50000	-1	2765	50	500000000	7	5000	-1	-1
50000001	Commander Gaius	50000	-1	2765	50	500000000	7	5000	-1	-1
50000092	Commander Gaius (Boss)	50000	-1	2765	50	-1	7	5000	-1	-1
50100000	Golden Hippopotamus	50100	-1	2957	50	501000000	7	5010	-1	-1
50100001	Golden Hippopotamus	50100	-1	2957	50	501000000	7	5010	-1	-1
50100098	Golden Hippopotamus (Boss)	50100	-1	2957	50	-1	7	5010	-1	-1
50110000	Golden Hippopotamus (Golden Wings)	50110	-1	1408	50	501100000	7	5010	5010	5010
50110084	Golden Hippopotamus (Charo's Hidden Grave)	50110	-1	1408	50	501100000	7	5010	5010	5010
50110090	Golden Hippopotamus (Golden Wings)	50110	-1	1408	50	501100000	7	5010	5010	5010
50110091	Golden Hippopotamus (Recluses' River)	50110	-1	1408	50	501100000	7	5010	5010	5010
50110094	Golden Hippopotamus (Rauh)	50110	-1	1408	50	501100000	7	5010	5010	5010
50200000	Putrescent Knight	50200	-1	1745	50	502000000	6	5020	-1	-1
50200001	Putrescent Knight	50200	-1	1745	50	502000000	6	5020	-1	-1
50200087	Putrescent Knight (Boss)	50200	-1	1745	50	-1	6	5020	-1	-1
50200100	Putrescent Knight	50200	-1	1745	50	502000100	6	5020	-1	-1
50200101	Putrescent Knight	50200	-1	1745	50	502000100	6	5020	-1	-1
50200187	Putrescent Knight	50200	-1	1745	50	-1	6	5020	-1	-1
50300000	Romina, Saint of the Bud	50300	-1	2540	50	503000000	6	5030	-1	-1
50300001	Romina, Saint of the Bud	50300	-1	2540	50	503000000	6	5030	-1	-1
50300094	Romina, Saint of the Bud (Boss)	50300	-1	2540	50	-1	6	5030	-1	-1
50400000	Curseblade	50400	-1	840	150	504000000	6	-1	-1	-1
50400080	Curseblade	50400	-1	840	150	504000000	6	-1	-1	-1
50400081	Curseblade	50400	-1	840	150	504000000	6	-1	-1	-1
50400088	Curseblade	50400	-1	840	150	504000000	6	-1	-1	-1
50400089	Curseblade	50400	-1	840	150	504000000	6	-1	-1	-1
50400090	Curseblade	50400	-1	840	150	504000000	6	-1	-1	-1
50400091	Curseblade	50400	-1	840	150	504000000	6	-1	-1	-1
50400094	Curseblade	50400	-1	840	150	504000000	6	-1	-1	-1
50400100	Curseblade	50400	-1	840	150	504000100	6	-1	-1	-1
50400190	Curseblade Labirith (Boss)	50400	-1	840	150	-1	6	-1	-1	-1
50400194	Curseblade	50400	-1	840	150	504000100	6	-1	-1	-1
50400200	Curseblade	50400	-1	840	150	504000200	6	-1	-1	-1
50400300	Curseblade	50400	-1	840	150	504000100	6	-1	-1	-1
50400400	Curseblade	50400	-1	840	150	504000200	6	-1	-1	-1
50400494	Curseblade	50400	-1	840	150	504000200	6	-1	-1	-1
50400500	Curseblade	50400	-1	840	150	504000300	6	-1	-1	-1
50400600	Curseblade	50400	-1	840	150	504000200	6	-1	-1	-1
50400700	Curseblade	50400	-1	840	150	504000300	6	-1	-1	-1
50500000	Midra - Human	50500	-1	416	150	505000000	6	-1	-1	-1
50500001	Midra - Human	50500	-1	416	150	505000000	6	-1	-1	-1
50500086	Midra - Human	50500	-1	416	150	-1	6	-1	-1	-1
50510000	Midra, Lord of Frenzied Flame	50510	-1	3347	150	505100000	6	-1	-1	-1
50510001	Midra, Lord of Frenzied Flame	50510	-1	3347	150	505100000	6	-1	-1	-1
50510086	Midra, Lord of Frenzied Flame (Boss)	50510	-1	3347	150	-1	6	-1	-1	-1
50600000	Lamprey	50600	-1	159	50	506000000	6	-1	-1	-1
50600001	Lamprey	50600	-1	159	50	506000000	6	-1	-1	-1
50600083	Lamprey	50600	-1	159	50	506000000	6	-1	-1	-1
50600093	Lamprey	50600	-1	159	50	506000000	6	-1	-1	-1
50600100	Lamprey	50600	-1	148	50	506000100	6	-1	-1	-1
50600101	Lamprey	50600	-1	148	50	506000100	6	-1	-1	-1
50600193	Lamprey	50600	-1	148	50	506000100	6	-1	-1	-1
50600200	Lamprey	50600	-1	159	50	506000200	6	-1	-1	-1
50600201	Lamprey	50600	-1	159	50	506000200	6	-1	-1	-1
50600283	Lamprey	50600	-1	159	50	506000200	6	-1	-1	-1
50600293	Lamprey	50600	-1	159	50	506000200	6	-1	-1	-1
50600300	Lamprey	50600	-1	159	50	506000300	6	-1	-1	-1
50600301	Lamprey	50600	-1	159	50	506000300	6	-1	-1	-1
50600383	Lamprey	50600	-1	159	50	506000300	6	-1	-1	-1
50600393	Lamprey	50600	-1	159	50	506000300	6	-1	-1	-1
50600400	Lamprey	50600	-1	148	50	506000400	6	-1	-1	-1
50600493	Lamprey	50600	-1	148	50	506000400	6	-1	-1	-1
50600593	Lamprey	50600	-1	148	50	506000410	6	-1	-1	-1
50600683	Lamprey	50600	-1	159	50	506000310	6	-1	-1	-1
50600793	Lamprey	50600	-1	148	50	506000110	6	-1	-1	-1
50600883	Lamprey	50600	-1	159	50	506000010	6	-1	-1	-1
50610000	Lamprey (Large)	50610	-1	210	50	506100000	6	-1	5060	5060
50610001	Lamprey (Large)	50610	-1	210	50	506100000	6	-1	5060	5060
50610083	Lamprey (Large)	50610	-1	210	50	506100000	6	-1	5060	5060
50610093	Lamprey (Large)	50610	-1	210	50	506100000	6	-1	5060	5060
50610883	Lamprey (Large)	50610	-1	210	50	506100010	6	-1	5060	5060
50610893	Lamprey (Large)	50610	-1	210	50	506100010	6	-1	5060	5060
50700000	Death Knight	50700	-1	1120	150	507000000	6	-1	-1	-1
50700081	Death Knight (Fog Rift Catacombs Boss)	50700	-1	1120	150	-1	6	-1	-1	-1
50701000	Death Knight	50700	-1	1120	150	507000100	6	-1	-1	-1
50701090	Death Knight	50700	-1	1120	150	-1	6	-1	-1	-1
50701095	Death Knight (Scorpion River Catacombs Boss)	50700	-1	1120	150	-1	6	-1	-1	-1
50800000	Bloodfiend	50800	-1	346	50	508000000	51	-1	-1	-1
50800001	Bloodfiend	50800	-1	346	50	508000000	51	-1	-1	-1
50800080	Bloodfiend	50800	-1	346	50	508000000	51	-1	-1	-1
50800081	Bloodfiend	50800	-1	346	50	508000000	51	-1	-1	-1
50800087	Bloodfiend	50800	-1	346	50	508000000	51	-1	-1	-1
50800090	Bloodfiend	50800	-1	346	50	508000000	51	-1	-1	-1
50800094	Bloodfiend	50800	-1	346	50	508000000	51	-1	-1	-1
50800095	Bloodfiend	50800	-1	346	50	508000000	51	-1	-1	-1
50800100	Bloodfiend	50800	-1	550	50	508000010	51	-1	-1	-1
50800101	Bloodfiend	50800	-1	550	50	508000010	51	-1	-1	-1
50800180	Bloodfiend	50800	-1	550	50	508000010	51	-1	-1	-1
50800190	Bloodfiend	50800	-1	550	50	508000010	51	-1	-1	-1
50800194	Bloodfiend	50800	-1	550	50	508000010	51	-1	-1	-1
50800200	Bloodfiend	50800	-1	224	50	508000020	51	-1	-1	-1
50800201	Bloodfiend	50800	-1	224	50	508000020	51	-1	-1	-1
50800290	Bloodfiend	50800	-1	224	50	508000020	51	-1	-1	-1
50800300	Bloodfiend	50800	-1	346	50	508000030	51	-1	-1	-1
50800390	Bloodfiend	50800	-1	346	50	508000030	51	-1	-1	-1
50800400	Bloodfiend	50800	-1	224	50	508000040	51	-1	-1	-1
50800490	Bloodfiend	50800	-1	224	50	508000040	51	-1	-1	-1
50801000	Bloodfiend	50800	-1	346	50	508000110	51	-1	-1	-1
50801001	Bloodfiend	50800	-1	346	50	508000110	51	-1	-1	-1
50801080	Bloodfiend	50800	-1	346	50	508000110	51	-1	-1	-1
50801081	Bloodfiend	50800	-1	346	50	508000110	51	-1	-1	-1
50801087	Bloodfiend	50800	-1	346	50	508000110	51	-1	-1	-1
50801090	Bloodfiend	50800	-1	346	50	508000110	51	-1	-1	-1
50801094	Bloodfiend	50800	-1	346	50	508000110	51	-1	-1	-1
50801095	Bloodfiend	50800	-1	346	50	508000110	51	-1	-1	-1
50801100	Bloodfiend	50800	-1	550	50	508000120	51	-1	-1	-1
50801101	Bloodfiend	50800	-1	550	50	508000120	51	-1	-1	-1
50801180	Bloodfiend	50800	-1	550	50	508000120	51	-1	-1	-1
50801187	Bloodfiend	50800	-1	550	50	508000120	51	-1	-1	-1
50801190	Bloodfiend	50800	-1	550	50	508000120	51	-1	-1	-1
50801194	Bloodfiend	50800	-1	550	50	508000120	51	-1	-1	-1
50801195	Bloodfiend	50800	-1	550	50	508000120	51	-1	-1	-1
50801200	Bloodfiend	50800	-1	224	50	508000130	51	-1	-1	-1
50801201	Bloodfiend	50800	-1	224	50	508000130	51	-1	-1	-1
50801300	Bloodfiend	50800	-1	346	50	508000140	51	-1	-1	-1
50801390	Bloodfiend	50800	-1	346	50	508000140	51	-1	-1	-1
50801400	Bloodfiend	50800	-1	224	50	508000150	51	-1	-1	-1
50801490	Bloodfiend	50800	-1	224	50	508000150	51	-1	-1	-1
50802000	Bloodfiend	50800	-1	346	50	508000200	51	-1	-1	-1
50802001	Bloodfiend	50800	-1	346	50	508000200	51	-1	-1	-1
50802080	Bloodfiend	50800	-1	346	50	508000200	51	-1	-1	-1
50802087	Bloodfiend	50800	-1	346	50	508000200	51	-1	-1	-1
50802090	Bloodfiend	50800	-1	346	50	508000200	51	-1	-1	-1
50802094	Bloodfiend	50800	-1	346	50	508000200	51	-1	-1	-1
50802095	Bloodfiend	50800	-1	346	50	508095200	51	-1	-1	-1
50802100	Bloodfiend	50800	-1	346	50	508000200	51	-1	-1	-1
50802190	Bloodfiend	50800	-1	346	50	508000200	51	-1	-1	-1
50803000	Bloodfiend	50800	-1	346	50	508000300	51	-1	-1	-1
50803001	Bloodfiend	50800	-1	346	50	508000300	51	-1	-1	-1
50803087	Bloodfiend	50800	-1	346	50	508000300	51	-1	-1	-1
50804000	Bloodfiend	50800	-1	346	50	508000400	51	-1	-1	-1
50804001	Bloodfiend	50800	-1	346	50	508000400	51	-1	-1	-1
50804087	Bloodfiend	50800	-1	346	50	508000400	51	-1	-1	-1
50807080	Bloodfiend	50800	-1	346	50	508000700	51	-1	-1	-1
50810000	Chief Bloodfiend	50810	-1	1094	150	508100000	51	-1	5080	5080
50810001	Chief Bloodfiend	50810	-1	1094	150	508100000	51	-1	5080	5080
50810087	Chief Bloodfiend	50810	-1	1094	150	508100000	51	-1	5080	5080
50810090	Chief Bloodfiend	50810	-1	1094	150	508100000	51	-1	5080	5080
50810094	Chief Bloodfiend	50810	-1	1094	150	508100000	51	-1	5080	5080
50810095	Chief Bloodfiend	50810	-1	1094	150	508100000	51	-1	5080	5080
50810100	Chief Bloodfiend	50810	-1	1094	150	508100000	51	-1	5080	5080
50810194	Chief Bloodfiend	50810	-1	1094	150	508100700	51	-1	5080	5080
50810195	Chief Bloodfiend	50810	-1	1094	150	508100710	51	-1	5080	5080
50810990	Chief Bloodfiend (Boss)	50810	-1	1094	150	-1	6	-1	5080	5080
50811000	Chief Bloodfiend	50810	-1	1094	150	508100000	51	-1	5080	5080
50811087	Chief Bloodfiend	50810	-1	1094	150	508100000	51	-1	5080	5080
50900000	Gravebird	50900	-1	161	150	509000000	6	5090	-1	-1
50900080	Gravebird	50900	-1	161	150	509000000	6	5090	-1	-1
50900081	Gravebird	50900	-1	161	150	509000000	6	5090	-1	-1
50900083	Gravebird	50900	-1	161	150	509000000	6	5090	-1	-1
50900084	Gravebird	50900	-1	161	150	509000000	6	5090	-1	-1
50900087	Gravebird	50900	-1	161	150	509000000	6	5090	-1	-1
50900088	Gravebird	50900	-1	161	150	509000000	6	5090	-1	-1
50900089	Gravebird	50900	-1	161	150	509000000	6	5090	-1	-1
50900090	Gravebird	50900	-1	161	150	509000000	6	5090	-1	-1
50900091	Gravebird	50900	-1	161	150	509000000	6	5090	-1	-1
50900095	Gravebird	50900	-1	161	150	509000000	6	5090	-1	-1
50900100	Gravebird	50900	-1	161	150	509000100	6	5090	-1	-1
50900190	Gravebird	50900	-1	161	150	509000100	6	5090	-1	-1
50900200	Gravebird	50900	-1	161	150	509000200	6	5090	-1	-1
50900280	Gravebird	50900	-1	161	150	509000200	6	5090	-1	-1
50900281	Gravebird	50900	-1	161	150	509000200	6	5090	-1	-1
50900284	Gravebird	50900	-1	161	150	509000200	6	5090	-1	-1
50900288	Gravebird	50900	-1	161	150	509000200	6	5090	-1	-1
50900290	Gravebird	50900	-1	161	150	509000200	6	5090	-1	-1
50900295	Gravebird	50900	-1	161	150	509000200	6	5090	-1	-1
50900300	Gravebird	50900	-1	161	150	509000300	6	5090	-1	-1
50900389	Gravebird	50900	-1	161	150	509000300	6	5090	-1	-1
50900400	Gravebird	50900	-1	161	150	509000400	6	5090	-1	-1
50900487	Gravebird	50900	-1	161	150	509000400	6	5090	-1	-1
50900500	Gravebird	50900	-1	161	150	509000500	6	5090	-1	-1
50900587	Gravebird	50900	-1	161	150	509000500	6	5090	-1	-1
51100000	Ghostly Worm	51100	-1	223	50	511000000	6	-1	-1	-1
51100001	Ghostly Worm	51100	-1	223	50	511000000	6	-1	-1	-1
51100080	Ghostly Worm	51100	-1	223	50	511000000	6	-1	-1	-1
51100081	Ghostly Worm	51100	-1	223	50	511000000	6	-1	-1	-1
51100083	Ghostly Worm	51100	-1	223	50	511000000	6	-1	-1	-1
51100084	Ghostly Worm	51100	-1	223	50	511000000	6	-1	-1	-1
51100090	Ghostly Worm	51100	-1	223	50	511000000	6	-1	-1	-1
51100100	Ghostly Worm	51100	-1	223	50	511000100	6	-1	-1	-1
51100101	Ghostly Worm	51100	-1	223	50	511000100	6	-1	-1	-1
51100181	Ghostly Worm	51100	-1	223	50	511000100	6	-1	-1	-1
51100183	Ghostly Worm	51100	-1	223	50	511000100	6	-1	-1	-1
51100184	Ghostly Worm	51100	-1	223	50	511000100	6	-1	-1	-1
51100190	Ghostly Worm	51100	-1	223	50	511000100	6	-1	-1	-1
51100200	Ghostly Worm	51100	-1	223	50	511000200	6	-1	-1	-1
51100201	Ghostly Worm	51100	-1	223	50	511000200	6	-1	-1	-1
51100283	Ghostly Worm	51100	-1	223	50	511000200	6	-1	-1	-1
51100300	Ghostly Worm	51100	-1	223	50	511000300	6	-1	-1	-1
51100383	Ghostly Worm	51100	-1	223	50	511000300	6	-1	-1	-1
51100384	Ghostly Worm	51100	-1	223	50	511000300	6	-1	-1	-1
51100683	Ghostly Worm	51100	-1	223	50	511000400	6	-1	-1	-1
51100690	Ghostly Worm	51100	-1	223	50	511000400	6	-1	-1	-1
51100693	Ghostly Worm	51100	-1	223	50	511000400	6	-1	-1	-1
51100781	Ghostly Worm	51100	-1	223	50	511000500	6	-1	-1	-1
51100790	Ghostly Worm	51100	-1	223	50	511000500	6	-1	-1	-1
51200000	Bayle the Dread	51200	-1	2712	50	512000000	11	5120	-1	-1
51200001	Bayle the Dread	51200	-1	2712	50	512000000	11	5120	-1	-1
51200085	Bayle the Dread (Boss)	51200	-1	2712	50	-1	11	5120	-1	-1
51300000	Messmer the Impaler	51300	-1	2963	50	513000000	33	-1	-1	-1
51300001	Messmer the Impaler	51300	-1	2963	50	513000000	33	-1	-1	-1
51300099	Messmer the Impaler	51300	-1	2963	50	-1	33	-1	-1	-1
51301000	Messmer the Impaler	51300	-1	2963	50	513000100	33	-1	-1	-1
51301099	Messmer the Impaler (Boss)	51300	-1	2963	50	513000100	33	-1	-1	-1
51310000	Messmer the Impaler	51300	-1	2963	50	513100000	33	-1	-1	-1
51320000	Messmer the Impaler	51300	-1	2963	50	513200000	33	-1	5130	-1
51400000	Messmer: Base Serpent	51400	-1	2963	50	514000000	33	-1	5130	-1
51400001	Messmer: Base Serpent	51400	-1	2963	50	514000000	33	-1	5130	-1
51400099	Messmer: Base Serpent	51400	-1	2963	50	-1	33	-1	5130	-1
51410000	Messmer: Base Serpent	51410	-1	2963	50	514100000	33	-1	5130	-1
51410001	Messmer: Base Serpent	51410	-1	2963	50	514100000	33	-1	5130	-1
51410099	Messmer: Base Serpent	51410	-1	2963	50	-1	33	-1	5130	-1
51600000	Fire Knight	51600	-1	576	150	516000000	6	-1	-1	-1
51600001	Fire Knight	51600	-1	576	150	516000000	6	-1	-1	-1
51600098	Fire Knight	51600	-1	576	150	516000000	6	-1	-1	-1
51600099	Fire Knight	51600	-1	576	150	516000000	6	-1	-1	-1
51600100	Fire Knight	51600	-1	864	150	516000010	6	-1	-1	-1
51600101	Fire Knight	51600	-1	864	150	516000010	6	-1	-1	-1
51600198	Fire Knight	51600	-1	864	150	516000010	6	-1	-1	-1
51600199	Fire Knight	51600	-1	864	150	516000010	6	-1	-1	-1
51600200	Fire Knight	51600	-1	403	150	516000020	6	-1	-1	-1
51601000	Fire Knight	51600	-1	576	150	516000100	6	-1	-1	-1
51601001	Fire Knight	51600	-1	576	150	516000100	6	-1	-1	-1
51601099	Fire Knight	51600	-1	576	150	516000100	6	-1	-1	-1
51601100	Fire Knight	51600	-1	864	150	516000110	6	-1	-1	-1
51601190	Fire Knight	51600	-1	864	150	516000110	6	-1	-1	-1
51601198	Fire Knight	51600	-1	864	150	516000110	7	-1	-1	-1
51601199	Fire Knight	51600	-1	864	150	516000110	6	-1	-1	-1
51601200	Fire Knight	51600	-1	403	150	516000120	6	-1	-1	-1
51602000	Fire Knight	51600	-1	576	150	516000200	6	-1	-1	-1
51602001	Fire Knight	51600	-1	576	150	516000200	6	-1	-1	-1
51602099	Fire Knight	51600	-1	576	150	516000200	6	-1	-1	-1
51602100	Fire Knight	51600	-1	864	150	516000210	6	-1	-1	-1
51602198	Fire Knight	51600	-1	864	150	516000210	6	-1	-1	-1
51602199	Fire Knight	51600	-1	864	150	516000210	6	-1	-1	-1
51602200	Fire Knight	51600	-1	576	150	516000220	6	-1	-1	-1
51602299	Fire Knight	51600	-1	576	150	516000220	6	-1	-1	-1
51602300	Fire Knight	51600	-1	403	150	516000230	6	-1	-1	-1
51602398	Fire Knight	51600	-1	403	150	516000230	6	-1	-1	-1
51700000	Furnace Golem	51700	-1	12800	50	517000000	7	4760	-1	-1
51700001	Furnace Golem	51700	-1	12800	50	517000000	7	4760	-1	-1
51700080	Furnace Golem (Southwest Gravesite Plain - Scorched Ruins)	51700	-1	12800	50	517000000	7	4760	-1	-1
51700083	Furnace Golem (Southeast Gravesite Plain - Ellac River End)	51700	-1	12800	50	517000000	7	4760	-1	-1
51700090	Furnace Golem (Central Scadu Altus - Shadow Keep Main Gate)	51700	-1	12800	50	517000000	7	4760	-1	-1
51700091	Furnace Golem (Central Scadu Altus - Ruins of Unte)	51700	-1	12800	50	517000000	7	4760	-1	-1
51700094	Furnace Golem	51700	-1	12800	50	517000000	7	4760	-1	-1
51701000	Furnace Golem	51700	-1	12800	50	517000100	7	4760	-1	-1
51701001	Furnace Golem	51700	-1	12800	50	517000100	7	4760	-1	-1
51701084	Furnace Golem (Southwest Cerulean Coast - Charo's Hidden Grave)	51700	-1	12800	50	517000100	7	4760	-1	-1
51701090	Furnace Golem (Central Scadu Altus - Church District Highroad)	51700	-1	12800	50	517000100	7	4760	-1	-1
51702000	Furnace Golem	51700	-1	16000	50	517000200	7	4760	-1	-1
51702001	Furnace Golem	51700	-1	16000	50	517000200	7	4760	-1	-1
51702094	Furnace Golem (Rauh Ruins)	51700	-1	16000	50	517000200	7	4760	-1	-1
51709000	Furnace Golem	1000	-1	1939	50	-1	6	-1	-1	-1
51800000	Dummy Entity	51800	-1	1939	50	-1	30	-1	8000	-1
51800080	Dummy Entity	51800	-1	1939	50	-1	30	-1	8000	-1
51800081	Dummy Entity	51800	-1	1939	50	-1	30	-1	8000	-1
51800090	Dummy Entity	51800	-1	1939	50	-1	30	-1	8000	-1
51810000	Dummy Entity	51800	-1	1939	50	-1	30	-1	8000	-1
51810085	Dummy Entity	51800	-1	1939	50	-1	0	-1	8000	-1
51810089	Dummy Entity	51800	-1	1939	50	-1	0	-1	8000	-1
51810099	Dummy Entity	51800	-1	1939	50	-1	0	-1	8000	-1
51900000	Spider Scorpion	51900	-1	168	50	519000000	6	-1	5190	-1
51900088	Spider Scorpion	51900	-1	168	50	519000000	6	-1	5190	-1
51900090	Spider Scorpion	51900	-1	168	50	519000000	6	-1	5190	-1
51900094	Spider Scorpion	51900	-1	168	50	519000000	6	-1	5190	-1
51900095	Spider Scorpion	51900	-1	168	50	519000000	6	-1	5190	-1
51900100	Spider Scorpion	51900	-1	168	50	519000010	6	-1	5190	-1
51901000	Spider Scorpion	51900	-1	168	50	519000100	6	-1	5190	-1
51901090	Spider Scorpion	51900	-1	168	50	519000100	6	-1	5190	-1
51901094	Spider Scorpion	51900	-1	168	50	519000100	6	-1	5190	-1
51901095	Spider Scorpion	51900	-1	168	50	519000100	6	-1	5190	-1
51902000	Spider Scorpion	51900	-1	168	50	519000200	6	-1	5190	5190
51902090	Spider Scorpion	51900	-1	168	50	519000200	6	-1	5190	5190
51902094	Spider Scorpion	51900	-1	168	50	519000200	6	-1	5190	5190
51903000	Spider Scorpion	51900	-1	168	50	519000300	6	-1	5190	-1
51903088	Spider Scorpion	51900	-1	168	50	519000300	6	-1	5190	-1
51903094	Spider Scorpion	51900	-1	168	50	519000300	6	-1	5190	-1
51903100	Spider Scorpion	51900	-1	168	50	519000310	6	-1	5190	-1
51920000	Spider Scorpion	51900	-1	422	50	519200000	6	-1	5190	5190
51920001	Spider Scorpion	51900	-1	422	50	519200000	6	-1	5190	5190
51920088	Spider Scorpion	51900	-1	422	50	519200000	6	-1	5190	5190
51920090	Spider Scorpion	51900	-1	422	50	519200000	6	-1	5190	5190
51920094	Spider Scorpion	51900	-1	422	50	519200000	6	-1	5190	5190
51930000	Spider Scorpion	51900	-1	58	50	519300000	6	-1	5190	5190
51930001	Spider Scorpion	51900	-1	58	50	519300000	6	-1	5190	5190
51930088	Spider Scorpion	51900	-1	58	50	519300000	6	-1	5190	5190
51930090	Spider Scorpion	51900	-1	58	50	519300000	6	-1	5190	5190
51930094	Spider Scorpion	51900	-1	58	50	519300000	6	-1	5190	5190
52000000	Metyr, Mother of Fingers	52000	-1	3072	50	520000000	6	5200	-1	-1
52000001	Metyr, Mother of Fingers	52000	-1	3072	50	520000000	6	5200	-1	-1
52000097	Metyr, Mother of Fingers (Boss)	52000	-1	3072	50	-1	6	5200	-1	-1
52100000	Divine Beast Dancing Lion	52100	-1	2330	50	521000000	7	5210	-1	-1
52100001	Divine Beast Dancing Lion	52100	-1	2330	50	521000000	7	5210	-1	-1
52100088	Divine Beast Dancing Lion (Belurat Boss)	52100	-1	2330	50	-1	7	5210	-1	-1
52100094	Divine Beast Dancing Lion (Rauh Boss)	52100	-1	2330	50	-1	33	5210	-1	-1
52200000	Promised Consort Radahn	52200	-1	3168	50	522000000	33	5220	-1	-1
52200001	Promised Consort Radahn	52200	-1	3168	50	522000000	33	5220	-1	-1
52200089	Promised Consort Radahn	52200	-1	3168	50	-1	33	5220	-1	-1
52201000	Promised Consort Radahn	52200	-1	3168	50	522000100	33	5220	-1	-1
52201089	Promised Consort Radahn (Boss)	52200	-1	3168	50	-1	33	5220	-1	-1
52202000	Promised Consort Radahn	52200	-1	3168	50	-1	33	5220	-1	-1
52210000	Miquella's Arms	52210	-1	3168	50	522000000	7	5220	-1	-1
52300000	Scadutree Avatar	52300	-1	640	50	523000000	7	5230	-1	-1
52300001	Scadutree Avatar	52300	-1	640	50	523000000	7	5230	-1	-1
52300096	Scadutree Avatar (Boss)	52300	-1	640	50	-1	7	5230	-1	-1
52300100	Scadutree Avatar	52300	-1	640	50	-1	7	5230	-1	-1
52300101	Scadutree Avatar	52300	-1	640	50	-1	7	5230	-1	-1
52300196	Scadutree Avatar	52300	-1	640	50	-1	7	5230	-1	-1
52300200	Scadutree Avatar	52300	-1	1152	50	-1	7	5230	-1	-1
52300201	Scadutree Avatar	52300	-1	1152	50	-1	7	5230	-1	-1
52300296	Scadutree Avatar	52300	-1	1152	50	-1	7	5230	-1	-1
52300300	Scadutree Avatar	52300	-1	1050	50	-1	7	5230	-1	-1
52300301	Scadutree Avatar	52300	-1	1050	50	-1	7	5230	-1	-1
52300396	Scadutree Avatar	52300	-1	1050	50	-1	7	5230	-1	-1
52300400	Scadutree Avatar	52300	-1	1152	50	-1	7	5230	-1	-1
52300401	Scadutree Avatar	52300	-1	1152	50	-1	7	5230	-1	-1
52300496	Scadutree Avatar	52300	-1	1152	50	-1	7	5230	-1	-1
52300500	Scadutree Avatar	52300	-1	1050	50	-1	7	5230	-1	-1
52300501	Scadutree Avatar	52300	-1	1050	50	-1	7	5230	-1	-1
52300596	Scadutree Avatar	52300	-1	1050	50	-1	7	5230	-1	-1
52400000	Commoner (Pot)	52400	-1	85	50	524080000	6	-1	-1	-1
52400001	Commoner (Pot)	52400	-1	85	50	524080000	6	-1	-1	-1
52400002	Commoner (Pot)	52400	-1	85	50	524080000	6	-1	-1	-1
52400080	Commoner (Pot)	52400	-1	85	50	524080000	6	-1	-1	-1
52400081	Commoner (Pot)	52400	-1	85	50	524081000	6	-1	-1	-1
52400083	Commoner (Pot)	52400	-1	85	50	524083000	6	-1	-1	-1
52400090	Commoner (Pot)	52400	-1	85	50	524090000	6	-1	-1	-1
52400093	Commoner (Pot)	52400	-1	85	50	524090000	6	-1	-1	-1
52400095	Commoner (Pot)	52400	-1	85	50	524095000	6	-1	-1	-1
52400100	Commoner (Pot)	52400	-1	85	50	524080010	6	-1	-1	-1
52400101	Commoner (Pot)	52400	-1	85	50	524080010	6	-1	-1	-1
52400180	Commoner (Pot)	52400	-1	85	50	524080010	6	-1	-1	-1
52400200	Commoner (Pot)	52400	-1	85	50	524080000	6	-1	-1	-1
52400201	Commoner (Pot)	52400	-1	85	50	524080000	6	-1	-1	-1
52400280	Commoner (Pot)	52400	-1	85	50	524080010	6	-1	-1	-1
52400283	Commoner (Pot)	52400	-1	85	50	524083000	6	-1	-1	-1
52400290	Commoner (Pot)	52400	-1	85	50	524090000	6	-1	-1	-1
52400295	Commoner (Pot)	52400	-1	85	50	524095000	6	-1	-1	-1
52400300	Commoner (Pot)	52400	-1	85	50	524080000	6	-1	-1	-1
52400301	Commoner (Pot)	52400	-1	85	50	524080000	6	-1	-1	-1
52400386	Commoner (Pot)	52400	-1	85	50	524086000	6	-1	-1	-1
52400390	Commoner (Pot)	52400	-1	85	50	524090000	6	-1	-1	-1
52400394	Commoner (Pot)	52400	-1	85	50	524094000	6	-1	-1	-1
52400400	Commoner (Pot)	52400	-1	85	50	524080000	6	-1	-1	-1
52400401	Commoner (Pot)	52400	-1	85	50	524080000	6	-1	-1	-1
52400480	Commoner (Pot)	52400	-1	85	50	524080010	6	-1	-1	-1
52400484	Commoner (Pot)	52400	-1	85	50	524084020	6	-1	-1	-1
52400490	Commoner (Pot)	52400	-1	85	50	524090010	6	-1	-1	-1
52400500	Commoner (Pot)	52400	-1	85	50	524080000	6	-1	-1	-1
52400501	Commoner (Pot)	52400	-1	85	50	524080000	6	-1	-1	-1
52400584	Commoner (Pot)	52400	-1	85	50	524084020	6	-1	-1	-1
52400586	Commoner (Pot)	52400	-1	85	50	524086000	6	-1	-1	-1
52400590	Commoner (Pot)	52400	-1	85	50	524090010	6	-1	-1	-1
52400600	Commoner (Pot)	52400	-1	85	50	524080000	6	-1	-1	-1
52400700	Commoner (Pot)	52400	-1	85	50	524080000	6	-1	-1	-1
52400780	Commoner (Pot)	52400	-1	85	50	524080000	6	-1	-1	-1
52400783	Commoner (Pot)	52400	-1	85	50	524083000	6	-1	-1	-1
52400790	Commoner (Pot)	52400	-1	85	50	524090000	6	-1	-1	-1
52400795	Commoner (Pot)	52400	-1	85	50	524095000	6	-1	-1	-1
52400800	Commoner (Pot)	52400	-1	85	50	524080000	6	-1	-1	-1
52400880	Commoner (Pot)	52400	-1	85	50	524080000	6	-1	-1	-1
52400883	Commoner (Pot)	52400	-1	85	50	524083000	6	-1	-1	-1
52400886	Commoner (Pot)	52400	-1	85	50	524086100	6	-1	-1	-1
52400890	Commoner (Pot)	52400	-1	85	50	524090000	6	-1	-1	-1
52400900	Commoner (Pot)	52400	-1	85	50	524080000	6	-1	-1	-1
52400990	Commoner (Pot)	52400	-1	85	50	524090000	6	-1	-1	-1
52400994	Commoner (Pot)	52400	-1	85	50	524094000	6	-1	-1	-1
52401000	Commoner (Pot)	52400	-1	85	50	524000100	6	-1	-1	-1
52401001	Commoner (Pot)	52400	-1	85	50	524000100	6	-1	-1	-1
52401098	Commoner (Pot)	52400	-1	85	50	524000100	6	-1	-1	-1
52401099	Commoner (Pot)	52400	-1	85	50	524000100	6	-1	-1	-1
52402000	Commoner (Pot)	52400	-1	85	50	524080000	6	-1	-1	-1
52402001	Commoner (Pot)	52400	-1	85	50	524080000	6	-1	-1	-1
52402086	Commoner (Pot)	52400	-1	85	50	524086000	6	-1	-1	-1
52402088	Commoner (Pot)	52400	-1	85	50	524088000	6	-1	-1	-1
52402089	Commoner (Pot)	52400	-1	85	50	524080000	6	-1	-1	-1
52402090	Commoner (Pot)	52400	-1	85	50	524090000	6	-1	-1	-1
52402094	Commoner (Pot)	52400	-1	85	50	524094000	6	-1	-1	-1
52403000	Commoner (Pot)	52400	-1	85	50	524080000	6	-1	-1	-1
52403001	Commoner (Pot)	52400	-1	85	50	524080000	6	-1	-1	-1
52403080	Commoner (Pot)	52400	-1	85	50	524080000	6	-1	-1	-1
52403083	Commoner (Pot)	52400	-1	85	50	524083000	6	-1	-1	-1
52403090	Commoner (Pot)	52400	-1	85	50	524090000	6	-1	-1	-1
52403095	Commoner (Pot)	52400	-1	85	50	524095000	6	-1	-1	-1
52403200	Commoner (Pot)	52400	-1	85	50	524080000	6	-1	-1	-1
52403280	Commoner (Pot)	52400	-1	85	50	524080000	6	-1	-1	-1
52403283	Commoner (Pot)	52400	-1	85	50	524083000	6	-1	-1	-1
52403290	Commoner (Pot)	52400	-1	85	50	524090000	6	-1	-1	-1
52403295	Commoner (Pot)	52400	-1	85	50	524095000	6	-1	-1	-1
52403300	Commoner (Pot)	52400	-1	85	50	524080000	6	-1	-1	-1
52403400	Commoner (Pot)	52400	-1	85	50	524080000	6	-1	-1	-1
52403480	Commoner (Pot)	52400	-1	85	50	524080000	6	-1	-1	-1
52403483	Commoner (Pot)	52400	-1	85	50	524083000	6	-1	-1	-1
52403490	Commoner (Pot)	52400	-1	85	50	524090000	6	-1	-1	-1
52403495	Commoner (Pot)	52400	-1	85	50	524095000	6	-1	-1	-1
52403500	Commoner (Pot)	52400	-1	85	50	524080000	6	-1	-1	-1
52403580	Commoner (Pot)	52400	-1	85	50	524080000	6	-1	-1	-1
52403583	Commoner (Pot)	52400	-1	85	50	524083000	6	-1	-1	-1
52403590	Commoner (Pot)	52400	-1	85	50	524090000	6	-1	-1	-1
52403595	Commoner (Pot)	52400	-1	85	50	524095000	6	-1	-1	-1
52404000	Commoner (Pot)	52400	-1	85	50	524000200	6	-1	-1	-1
52404001	Commoner (Pot)	52400	-1	85	50	524000200	6	-1	-1	-1
52404099	Commoner (Pot)	52400	-1	85	50	524000200	6	-1	-1	-1
52404100	Commoner (Pot)	52400	-1	85	50	524080000	6	-1	-1	-1
52404101	Commoner (Pot)	52400	-1	85	50	524080000	6	-1	-1	-1
52404180	Commoner (Pot)	52400	-1	85	50	524080000	6	-1	-1	-1
52404181	Commoner (Pot)	52400	-1	85	50	524081000	6	-1	-1	-1
52404183	Commoner (Pot)	52400	-1	85	50	524083000	6	-1	-1	-1
52404190	Commoner (Pot)	52400	-1	85	50	524090000	6	-1	-1	-1
52404191	Commoner (Pot)	52400	-1	85	50	524091100	6	-1	-1	-1
52404195	Commoner (Pot)	52400	-1	85	50	524095000	6	-1	-1	-1
52404200	Commoner (Pot)	52400	-1	85	50	524080000	6	-1	-1	-1
52404300	Commoner (Pot)	52400	-1	85	50	524000300	6	-1	-1	-1
52404301	Commoner (Pot)	52400	-1	85	50	524000300	6	-1	-1	-1
52404399	Commoner (Pot)	52400	-1	85	50	524000300	6	-1	-1	-1
52404400	Commoner (Pot)	52400	-1	85	50	524000310	6	-1	-1	-1
52404401	Commoner (Pot)	52400	-1	85	50	524000310	6	-1	-1	-1
52404499	Commoner (Pot)	52400	-1	85	50	524000310	6	-1	-1	-1
52404500	Commoner (Pot)	52400	-1	85	50	524000320	6	-1	-1	-1
52404599	Commoner (Pot)	52400	-1	85	50	524000320	6	-1	-1	-1
52404600	Commoner (Pot)	52400	-1	85	50	524000330	6	-1	-1	-1
52404699	Commoner (Pot)	52400	-1	85	50	524000330	6	-1	-1	-1
52404700	Commoner (Pot)	52400	-1	85	50	524000340	6	-1	-1	-1
52404799	Commoner (Pot)	52400	-1	85	50	524000340	6	-1	-1	-1
52405100	Commoner (Pot)	52400	-1	85	50	524080000	6	-1	-1	-1
52405101	Commoner (Pot)	52400	-1	85	50	524080000	6	-1	-1	-1
52405186	Commoner (Pot)	52400	-1	85	50	524086000	6	-1	-1	-1
52405188	Commoner (Pot)	52400	-1	85	50	524088000	6	-1	-1	-1
52405189	Commoner (Pot)	52400	-1	85	50	524080000	6	-1	-1	-1
52405190	Commoner (Pot)	52400	-1	85	50	524090000	6	-1	-1	-1
52405194	Commoner (Pot)	52400	-1	85	50	524094000	6	-1	-1	-1
52405200	Commoner (Pot)	52400	-1	85	50	524080000	6	-1	-1	-1
52405201	Commoner (Pot)	52400	-1	85	50	524080000	6	-1	-1	-1
52405286	Commoner (Pot)	52400	-1	85	50	524086000	6	-1	-1	-1
52405288	Commoner (Pot)	52400	-1	85	50	524088000	6	-1	-1	-1
52405289	Commoner (Pot)	52400	-1	85	50	524080000	6	-1	-1	-1
52405290	Commoner (Pot)	52400	-1	85	50	524090000	6	-1	-1	-1
52405294	Commoner (Pot)	52400	-1	85	50	524094000	6	-1	-1	-1
52405300	Commoner (Pot)	52400	-1	85	50	524080000	6	-1	-1	-1
52405388	Commoner (Pot)	52400	-1	85	50	524088000	6	-1	-1	-1
52406000	Commoner (Pot)	52400	-1	85	50	524080000	6	-1	-1	-1
52406001	Commoner (Pot)	52400	-1	85	50	524080000	6	-1	-1	-1
52406080	Commoner (Pot)	52400	-1	85	50	524080000	6	-1	-1	-1
52406083	Commoner (Pot)	52400	-1	85	50	524083000	6	-1	-1	-1
52406090	Commoner (Pot)	52400	-1	85	50	524090000	6	-1	-1	-1
52406095	Commoner (Pot)	52400	-1	85	50	524095000	6	-1	-1	-1
52406100	Commoner (Pot)	52400	-1	85	50	524080000	6	-1	-1	-1
52406101	Commoner (Pot)	52400	-1	85	50	524080000	6	-1	-1	-1
52406188	Commoner (Pot)	52400	-1	85	50	524088000	6	-1	-1	-1
52406189	Commoner (Pot)	52400	-1	85	50	524080000	6	-1	-1	-1
52406190	Commoner (Pot)	52400	-1	85	50	524090000	6	-1	-1	-1
52406194	Commoner (Pot)	52400	-1	85	50	524094000	6	-1	-1	-1
52406200	Commoner (Pot)	52400	-1	85	50	524080000	6	-1	-1	-1
52406280	Commoner (Pot)	52400	-1	85	50	524080000	6	-1	-1	-1
52406283	Commoner (Pot)	52400	-1	85	50	524083000	6	-1	-1	-1
52406290	Commoner (Pot)	52400	-1	85	50	524090000	6	-1	-1	-1
52406295	Commoner (Pot)	52400	-1	85	50	524095000	6	-1	-1	-1
52406300	Commoner (Pot)	52400	-1	85	50	524080000	6	-1	-1	-1
52406394	Commoner (Pot)	52400	-1	85	50	524094000	6	-1	-1	-1
52406400	Commoner (Pot)	52400	-1	85	50	524080000	6	-1	-1	-1
52406488	Commoner (Pot)	52400	-1	85	50	524088700	6	-1	-1	-1
52406494	Commoner (Pot)	52400	-1	85	50	524094730	6	-1	-1	-1
52406495	Commoner (Pot)	52400	-1	85	50	524095710	6	-1	-1	-1
52406500	Commoner (Pot)	52400	-1	85	50	524080000	6	-1	-1	-1
52406594	Commoner (Pot)	52400	-1	85	50	524094700	6	-1	-1	-1
52406600	Commoner (Pot)	52400	-1	85	50	524080000	6	-1	-1	-1
52406694	Commoner (Pot)	52400	-1	85	50	524094710	6	-1	-1	-1
52406700	Commoner (Pot)	52400	-1	85	50	524080000	6	-1	-1	-1
52406794	Commoner (Pot)	52400	-1	85	50	524094720	6	-1	-1	-1
52406800	Commoner (Pot)	52400	-1	85	50	524080000	6	-1	-1	-1
52406894	Commoner (Pot)	52400	-1	85	50	524094740	6	-1	-1	-1
52407000	Commoner (Pot)	52400	-1	163	50	524080000	6	-1	-1	-1
52407001	Commoner (Pot)	52400	-1	163	50	524080000	6	-1	-1	-1
52407080	Commoner (Pot)	52400	-1	163	50	524080000	6	-1	-1	-1
52407090	Commoner (Pot)	52400	-1	163	50	524090000	6	-1	-1	-1
52407091	Commoner (Pot)	52400	-1	163	50	524091000	6	-1	-1	-1
52407400	Commoner (Pot)	52400	-1	85	50	524080000	6	-1	-1	-1
52407480	Commoner (Pot)	52400	-1	85	50	524080700	6	-1	-1	-1
52407495	Commoner (Pot)	52400	-1	85	50	524095700	6	-1	-1	-1
52407500	Commoner (Pot)	52400	-1	85	50	524080000	6	-1	-1	-1
52407580	Commoner (Pot)	52400	-1	85	50	524080710	6	-1	-1	-1
52407590	Commoner (Pot)	52400	-1	85	50	524090700	6	-1	-1	-1
52408000	Commoner (Pot)	52400	-1	85	50	524094100	6	-1	-1	-1
52408001	Commoner (Pot)	52400	-1	85	50	524094100	6	-1	-1	-1
52408086	Commoner (Pot)	52400	-1	85	50	524086000	6	-1	-1	-1
52408100	Commoner (Pot)	52400	-1	85	50	524094100	6	-1	-1	-1
52408186	Commoner (Pot)	52400	-1	85	50	524086000	6	-1	-1	-1
52408194	Commoner (Pot)	52400	-1	85	50	524094100	6	-1	-1	-1
52409000	Commoner (Pot)	52400	-1	85	50	-1	0	-1	-1	-1
52409080	Commoner (Pot)	52400	-1	85	50	-1	0	-1	-1	-1
52409081	Commoner (Pot)	52400	-1	85	50	-1	0	-1	-1	-1
52409090	Commoner (Pot)	52400	-1	85	50	-1	0	-1	-1	-1
52409100	Commoner (Pot)	52400	-1	85	50	-1	0	-1	-1	-1
52409181	Commoner (Pot)	52400	-1	85	50	-1	0	-1	-1	-1
52409183	Commoner (Pot)	52400	-1	85	50	-1	0	-1	-1	-1
52409186	Commoner (Pot)	52400	-1	85	50	-1	0	-1	-1	-1
52409188	Commoner (Pot)	52400	-1	85	50	-1	0	-1	-1	-1
52409200	Commoner (Pot)	52400	-1	85	50	-1	0	-1	-1	-1
52409287	Commoner (Pot)	52400	-1	85	50	-1	0	-1	-1	-1
52409300	Commoner (Pot)	52400	-1	85	50	-1	0	-1	-1	-1
52409380	Commoner (Pot)	52400	-1	85	50	-1	0	-1	-1	-1
52409384	Commoner (Pot)	52400	-1	85	50	-1	0	-1	-1	-1
52410000	Commoner	52410	-1	371	110	524100000	6	-1	5240	5240
52410086	Commoner	52410	-1	408	110	524100000	6	-1	5240	5240
52410088	Commoner	52410	-1	408	110	524100000	6	-1	5240	5240
52410089	Commoner	52410	-1	408	110	524100000	6	-1	5240	5240
52410090	Commoner	52410	-1	408	110	524100000	6	-1	5240	5240
52410095	Commoner	52410	-1	371	110	524100000	6	-1	5240	5240
52500000	Horned Warrior	52500	-1	453	150	525000000	6	-1	-1	-1
52500001	Horned Warrior	52500	-1	453	150	525000000	6	-1	-1	-1
52500086	Horned Warrior	52500	-1	453	150	525000000	6	-1	-1	-1
52500088	Horned Warrior	52500	-1	453	150	525000000	6	-1	-1	-1
52500090	Horned Warrior	52500	-1	453	150	525000000	6	-1	-1	-1
52500094	Horned Warrior	52500	-1	453	150	525000000	6	-1	-1	-1
52500095	Horned Warrior	52500	-1	453	150	525000000	6	-1	-1	-1
52500100	Horned Warrior	52500	-1	453	150	525000010	6	-1	-1	-1
52500101	Horned Warrior	52500	-1	453	150	525000010	6	-1	-1	-1
52500189	Horned Warrior	52500	-1	453	150	525000010	6	-1	-1	-1
52500194	Horned Warrior	52500	-1	453	150	525000010	6	-1	-1	-1
52500988	Horned Warrior	52500	-1	453	150	525000000	6	-1	-1	-1
52501000	Horned Warrior	52500	-1	453	150	525000100	6	-1	-1	-1
52501001	Horned Warrior	52500	-1	453	150	525000100	6	-1	-1	-1
52501086	Horned Warrior	52500	-1	453	150	525000100	6	-1	-1	-1
52501088	Horned Warrior	52500	-1	453	150	525000100	6	-1	-1	-1
52501090	Horned Warrior	52500	-1	453	150	525000100	6	-1	-1	-1
52501094	Horned Warrior	52500	-1	453	150	525000100	6	-1	-1	-1
52501095	Horned Warrior	52500	-1	453	150	525000100	6	-1	-1	-1
52501100	Horned Warrior	52500	-1	453	150	525000110	6	-1	-1	-1
52501101	Horned Warrior	52500	-1	453	150	525000110	6	-1	-1	-1
52501189	Horned Warrior	52500	-1	453	150	525000110	6	-1	-1	-1
52501200	Horned Warrior	52500	-1	607	150	525000120	6	-1	-1	-1
52501201	Horned Warrior	52500	-1	607	150	525000120	6	-1	-1	-1
52501289	Horned Warrior	52500	-1	607	150	525000120	6	-1	-1	-1
52501300	Horned Warrior	52500	-1	607	150	525000130	6	-1	-1	-1
52501301	Horned Warrior	52500	-1	607	150	525000130	6	-1	-1	-1
52501389	Horned Warrior	52500	-1	607	150	525000130	6	-1	-1	-1
52501400	Horned Warrior	52500	-1	753	150	525000140	6	-1	-1	-1
52501401	Horned Warrior	52500	-1	753	150	525000140	6	-1	-1	-1
52501489	Horned Warrior	52500	-1	753	150	525000140	6	-1	-1	-1
52501989	Horned Warrior	52500	-1	753	150	525000140	6	-1	-1	-1
52502000	Horned Warrior	52500	-1	141	150	525000200	6	-1	-1	-1
52502001	Horned Warrior	52500	-1	141	150	525000200	6	-1	-1	-1
52502089	Horned Warrior	52500	-1	141	150	525000200	6	-1	-1	-1
52510000	Horned Shaman	52500	-1	141	150	525100000	6	-1	5250	-1
52510001	Horned Shaman	52500	-1	141	150	525100000	6	-1	5250	-1
52510089	Horned Shaman	52500	-1	141	150	525100000	6	-1	5250	-1
52519000	Horned Shaman	1000	-1	1939	50	-1	6	-1	5250	-1
52600000	Golem Smith	52600	-1	778	50	526000000	51	-1	-1	-1
52600001	Golem Smith	52600	-1	778	50	526000000	51	-1	-1	-1
52600081	Golem Smith	52600	-1	778	50	526000000	51	-1	-1	-1
52600090	Golem Smith	52600	-1	778	50	526000000	51	-1	-1	-1
52600093	Golem Smith	52600	-1	778	50	526000000	51	-1	-1	-1
52600100	Golem Smith	52600	-1	778	50	526000010	51	-1	-1	-1
52600181	Golem Smith	52600	-1	778	50	526000010	51	-1	-1	-1
52600200	Golem Smith	52600	-1	778	50	526000020	51	-1	-1	-1
52600290	Golem Smith	52600	-1	778	50	526000020	51	-1	-1	-1
52601000	Golem Smith	52600	-1	778	50	526000100	51	-1	-1	-1
52601001	Golem Smith	52600	-1	778	50	526000100	51	-1	-1	-1
52601090	Golem Smith	52600	-1	778	50	526000100	51	-1	-1	-1
52601093	Golem Smith	52600	-1	778	50	526000100	51	-1	-1	-1
52601095	Golem Smith	52600	-1	778	50	526000100	51	-1	-1	-1
52601100	Golem Smith	52600	-1	778	50	526000110	51	-1	-1	-1
52601190	Golem Smith	52600	-1	778	50	526000110	51	-1	-1	-1
52601200	Golem Smith	52600	-1	778	50	526000120	51	-1	-1	-1
52601290	Golem Smith	52600	-1	778	50	526000120	51	-1	-1	-1
52602000	Golem Smith	52600	-1	778	50	526000200	51	-1	-1	-1
52602001	Golem Smith	52600	-1	778	50	526000200	51	-1	-1	-1
52602081	Golem Smith	52600	-1	778	50	526000200	51	-1	-1	-1
52602090	Golem Smith	52600	-1	778	50	526000200	51	-1	-1	-1
52602093	Golem Smith	52600	-1	778	50	526000200	51	-1	-1	-1
52602095	Golem Smith	52600	-1	778	50	526000200	51	-1	-1	-1
52602100	Golem Smith	52600	-1	778	50	526000210	51	-1	-1	-1
52602181	Golem Smith	52600	-1	778	50	526000210	51	-1	-1	-1
52602200	Golem Smith	52600	-1	778	50	526000220	51	-1	-1	-1
52602201	Golem Smith	52600	-1	778	50	526000220	51	-1	-1	-1
52602281	Golem Smith	52600	-1	778	50	526000220	51	-1	-1	-1
52602290	Golem Smith	52600	-1	778	50	526000220	51	-1	-1	-1
52602295	Golem Smith	52600	-1	778	50	526000220	51	-1	-1	-1
52602300	Golem Smith	52600	-1	778	50	526000230	51	-1	-1	-1
52602381	Golem Smith	52600	-1	778	50	526000230	51	-1	-1	-1
52602400	Golem Smith	52600	-1	778	50	526000240	51	-1	-1	-1
52602490	Golem Smith	52600	-1	778	50	526000240	51	-1	-1	-1
52700000	Jar Innards	52700	-1	397	50	527000000	6	-1	-1	-1
52700001	Jar Innards	52700	-1	397	50	527000000	6	-1	-1	-1
52700080	Jar Innards	52700	-1	397	50	527000000	6	-1	-1	-1
52700084	Jar Innards	52700	-1	397	50	527000000	6	-1	-1	-1
52700090	Jar Innards	52700	-1	397	50	527000000	6	-1	-1	-1
52700098	Jar Innards	52700	-1	397	50	527000000	6	-1	-1	-1
52700100	Jar Innards	52700	-1	397	50	527000100	6	-1	-1	-1
52700101	Jar Innards	52700	-1	397	50	527000100	6	-1	-1	-1
52700180	Jar Innards	52700	-1	397	50	527000100	6	-1	-1	-1
52700184	Jar Innards	52700	-1	397	50	527000100	6	-1	-1	-1
52700190	Jar Innards	52700	-1	397	50	527000100	6	-1	-1	-1
52700198	Jar Innards	52700	-1	397	50	527000100	6	-1	-1	-1
52700200	Jar Innards	52700	-1	397	50	527000200	6	-1	-1	-1
52700201	Jar Innards	52700	-1	397	50	527000200	6	-1	-1	-1
52700280	Jar Innards	52700	-1	397	50	527000200	6	-1	-1	-1
52700284	Jar Innards	52700	-1	397	50	527000200	6	-1	-1	-1
52700290	Jar Innards	52700	-1	397	50	527000200	6	-1	-1	-1
52700298	Jar Innards	52700	-1	397	50	527000200	6	-1	-1	-1
52710000	Jar Innards	52710	-1	666	50	527100000	6	-1	5270	5270
52710080	Jar Innards	52710	-1	666	50	527100000	6	-1	5270	5270
52710084	Jar Innards	52710	-1	666	50	527100000	6	-1	5270	5270
52710090	Jar Innards	52710	-1	666	50	527100000	6	-1	5270	5270
52710098	Jar Innards	52710	-1	666	50	527100000	6	-1	5270	5270
52710100	Jar Innards	52710	-1	666	50	527100100	6	-1	5270	5270
52710180	Jar Innards	52710	-1	666	50	527100100	6	-1	5270	5270
52710184	Jar Innards	52710	-1	666	50	527100100	6	-1	5270	5270
52710190	Jar Innards	52710	-1	666	50	527100100	6	-1	5270	5270
52710198	Jar Innards	52710	-1	666	50	527100100	6	-1	5270	5270
52710200	Jar Innards	52710	-1	666	50	527100200	6	-1	5270	5270
52710280	Jar Innards	52710	-1	666	50	527100200	6	-1	5270	5270
52710284	Jar Innards	52710	-1	666	50	527100200	6	-1	5270	5270
52710290	Jar Innards	52710	-1	666	50	527100200	6	-1	5270	5270
52710298	Jar Innards	52710	-1	666	50	527100200	6	-1	5270	5270
52800000	Winter-Lantern	52800	4350	323	120	528000000	6	-1	-1	-1
52800001	Winter-Lantern	52800	4350	323	120	528000000	6	-1	-1	-1
52800086	Winter-Lantern	52800	4350	323	120	528000000	6	-1	-1	-1
53000000	Rellana, Twin Moon Knight	53000	-1	2765	50	530000000	6	-1	-1	-1
53000001	Rellana, Twin Moon Knight	53000	-1	2765	50	530000000	6	-1	-1	-1
53000082	Rellana, Twin Moon Knight (Boss)	53000	-1	2765	50	-1	6	-1	-1	-1
53100900	Inquisitor	53100	5310	2239	150	-1	6	-1	5310	5310
53100901	Inquisitor	53100	5310	2239	150	-1	6	-1	5310	5310
53100986	Inquisitor	53100	5310	2239	150	-1	6	-1	5310	5310
53110000	Inquisitor (Candles)	53100	5310	173	120	531100000	6	-1	5310	5310
53110080	Inquisitor (Candles)	53100	5310	173	120	531100000	6	-1	5310	5310
53110086	Inquisitor (Candles)	53100	5310	173	120	531100000	6	-1	5310	5310
53110089	Inquisitor (Candles)	53100	5310	173	120	531100000	6	-1	5310	5310
53110090	Inquisitor (Candles)	53100	5310	173	120	531100000	6	-1	5310	5310
53110094	Inquisitor (Candles)	53100	5310	173	120	531100000	6	-1	5310	5310
53110100	Inquisitor (Candles)	53100	5310	173	120	531100010	6	-1	5310	5310
53110180	Inquisitor (Candles)	53100	5310	173	120	531100010	6	-1	5310	5310
53110186	Inquisitor (Candles)	53100	5310	173	120	531100010	6	-1	5310	5310
53110189	Inquisitor (Candles)	53100	5310	173	120	531100010	6	-1	5310	5310
53110190	Inquisitor (Candles)	53100	5310	173	120	531100010	6	-1	5310	5310
53110200	Inquisitor (Candles)	53100	5310	173	120	-1	6	-1	5310	5310
53110201	Inquisitor (Candles)	53100	5310	173	120	-1	6	-1	5310	5310
53110202	Inquisitor (Candles)	53100	5310	173	120	-1	6	-1	5310	5310
53110286	Inquisitor (Candles)	53100	5310	173	120	-1	6	-1	5310	5310
53110300	Inquisitor (Candles)	53100	5310	173	120	-1	6	-1	5310	5310
53110301	Inquisitor (Candles)	53100	5310	173	120	-1	6	-1	5310	5310
53110386	Inquisitor (Candles)	53100	5310	173	120	-1	6	-1	5310	5310
53110400	Inquisitor (Candles)	53100	5310	173	120	531100040	6	-1	5310	5310
53110486	Inquisitor (Candles)	53100	5310	173	120	531100040	6	-1	5310	5310
53110500	Inquisitor (Candles)	53100	5310	173	120	531100050	6	-1	5310	5310
53110586	Inquisitor (Candles)	53100	5310	173	120	531100050	6	-1	5310	5310
53110600	Inquisitor (Candles)	53100	5310	173	120	-1	6	-1	5310	5310
53110686	Inquisitor (Candles)	53100	5310	173	120	-1	6	-1	5310	5310
53111000	Inquisitor (Candles)	53100	5310	173	120	531100100	6	-1	5310	5310
53111080	Inquisitor (Candles)	53100	5310	173	120	531100100	6	-1	5310	5310
53111086	Inquisitor (Candles)	53100	5310	173	120	531100100	6	-1	5310	5310
53111089	Inquisitor (Candles)	53100	5310	173	120	531100100	6	-1	5310	5310
53111090	Inquisitor (Candles)	53100	5310	173	120	531100100	6	-1	5310	5310
53111100	Inquisitor (Candles)	53100	5310	173	120	531100110	6	-1	5310	5310
53111101	Inquisitor (Candles)	53100	5310	173	120	-1	6	-1	5310	5310
53111102	Inquisitor (Candles)	53100	5310	58	120	-1	6	-1	5310	5310
53111186	Inquisitor (Candles)	53100	5310	173	120	-1	6	-1	5310	5310
53111200	Inquisitor (Candles)	53100	5310	173	120	531100120	6	-1	5310	5310
53111286	Inquisitor (Candles)	53100	5310	173	120	531100120	6	-1	5310	5310
53111300	Inquisitor (Candles)	53100	5310	58	120	-1	6	-1	5310	5310
53111386	Inquisitor (Candles)	53100	5310	58	120	-1	6	-1	5310	5310
53120000	Inquisitor (Staff)	53100	5310	2239	150	531200000	6	-1	5310	5310
53120001	Inquisitor (Staff)	53100	5310	2239	150	531200000	6	-1	5310	5310
53120086	Jori, Elder Inquisitor (Boss)	53100	5310	2239	150	-1	6	-1	5310	5310
53120100	Inquisitor (Staff)	53100	5310	346	150	531200010	6	-1	5310	5310
53120189	Inquisitor (Staff)	53100	5310	346	150	531200010	6	-1	5310	5310
53200000	Fat Inquisitor	53200	5310	576	150	-1	6	-1	5310	-1
53200086	Fat Inquisitor	53200	5310	576	150	-1	6	-1	5310	-1
53200089	Fat Inquisitor	53200	5310	576	150	-1	6	-1	5310	-1
53200100	Fat Inquisitor	53200	5310	576	150	-1	6	-1	5310	-1
53200101	Fat Inquisitor	53200	5310	576	150	-1	6	-1	5310	-1
53200102	Fat Inquisitor	53200	5310	576	150	-1	6	-1	5310	-1
53200186	Fat Inquisitor	53200	5310	576	150	-1	6	-1	5310	-1
53200200	Fat Inquisitor	53200	5310	576	150	-1	6	-1	5310	-1
53200286	Fat Inquisitor	53200	5310	576	150	-1	6	-1	5310	-1
53207000	Fat Inquisitor	53200	5310	576	150	-1	6	-1	5310	-1
53207086	Fat Inquisitor	53200	5310	576	150	532000710	6	-1	5310	-1
53207089	Fat Inquisitor	53200	5310	576	150	532000700	6	-1	5310	-1
53300000	St. Trina	59000	-1	173	120	-1	26	-1	-1	-1
53300087	St. Trina	59000	-1	173	120	-1	26	-1	-1	-1
53400000	Dummy Entity	53400	-1	1939	50	-1	0	-1	8000	-1
53500000	Basilisk Eyes	53500	-1	0	50	-1	6	-1	-1	-1
53500100	Basilisk Eyes	53500	-1	0	50	-1	6	-1	-1	-1
53600000	Giant Beast Skeleton	53600	-1	148	50	536000000	6	-1	3500	-1
53600083	Giant Beast Skeleton	53600	-1	148	50	536000000	6	-1	3500	-1
53600084	Giant Beast Skeleton	53600	-1	148	50	536000000	6	-1	3500	-1
53600100	Giant Beast Skeleton	53600	-1	148	50	536000010	6	-1	3500	-1
53600181	Giant Beast Skeleton	53600	-1	148	50	536000010	6	-1	3500	-1
53600184	Giant Beast Skeleton	53600	-1	148	50	536000010	6	-1	3500	-1
53600300	Giant Beast Skeleton	53600	-1	148	50	536000020	6	-1	3500	-1
53600400	Giant Beast Skeleton	53600	-1	148	50	536000030	6	-1	3500	-1
53600500	Giant Beast Skeleton	53600	-1	148	50	536000040	6	-1	3500	-1
53600700	Giant Beast Skeleton	53600	-1	148	50	536000050	6	-1	3500	-1
53600790	Giant Beast Skeleton	53600	-1	148	50	536000050	6	-1	3500	-1
53601000	Giant Beast Skeleton	53600	-1	148	50	536000100	6	-1	3500	-1
53601083	Giant Beast Skeleton	53600	-1	148	50	536000100	6	-1	3500	-1
53601084	Giant Beast Skeleton	53600	-1	148	50	536000100	6	-1	3500	-1
53601100	Giant Beast Skeleton	53600	-1	148	50	536000110	6	-1	3500	-1
53601181	Giant Beast Skeleton	53600	-1	148	50	536000110	6	-1	3500	-1
53601184	Giant Beast Skeleton	53600	-1	148	50	536000110	6	-1	3500	-1
53601700	Giant Beast Skeleton	53600	-1	148	50	536000120	6	-1	3500	-1
53601790	Giant Beast Skeleton	53600	-1	148	50	536000120	6	-1	3500	-1
53602000	Giant Beast Skeleton	53600	-1	148	50	536000200	6	-1	3500	-1
53602083	Giant Beast Skeleton	53600	-1	148	50	536000200	6	-1	3500	-1
53602084	Giant Beast Skeleton	53600	-1	148	50	536000200	6	-1	3500	-1
53602100	Giant Beast Skeleton	53600	-1	148	50	536000210	6	-1	3500	-1
53602181	Giant Beast Skeleton	53600	-1	148	50	536000210	6	-1	3500	-1
53602184	Giant Beast Skeleton	53600	-1	148	50	536000210	6	-1	3500	-1
53602700	Giant Beast Skeleton	53600	-1	148	50	536000220	6	-1	3500	-1
53602790	Giant Beast Skeleton	53600	-1	148	50	536000220	6	-1	3500	-1
53603000	Giant Beast Skeleton	53600	-1	148	50	536000300	6	-1	3500	-1
53603083	Giant Beast Skeleton	53600	-1	148	50	536000300	6	-1	3500	-1
53603084	Giant Beast Skeleton	53600	-1	148	50	536000300	6	-1	3500	-1
53603100	Giant Beast Skeleton	53600	-1	148	50	536000310	6	-1	3500	-1
53603181	Giant Beast Skeleton	53600	-1	148	50	536000310	6	-1	3500	-1
53603184	Giant Beast Skeleton	53600	-1	148	50	536000310	6	-1	3500	-1
53603700	Giant Beast Skeleton	53600	-1	148	50	536000320	6	-1	3500	-1
53603790	Giant Beast Skeleton	53600	-1	148	50	536000320	6	-1	3500	-1
53604000	Giant Beast Skeleton	53600	-1	148	50	536000400	6	-1	3500	-1
53604083	Giant Beast Skeleton	53600	-1	148	50	536000400	6	-1	3500	-1
53604084	Giant Beast Skeleton	53600	-1	148	50	536000400	6	-1	3500	-1
53604100	Giant Beast Skeleton	53600	-1	148	50	536000410	6	-1	3500	-1
53604181	Giant Beast Skeleton	53600	-1	148	50	536000410	6	-1	3500	-1
53604184	Giant Beast Skeleton	53600	-1	148	50	536000410	6	-1	3500	-1
53604700	Giant Beast Skeleton	53600	-1	148	50	536000420	6	-1	3500	-1
53604790	Giant Beast Skeleton	53600	-1	148	50	536000420	6	-1	3500	-1
53605000	Giant Beast Skeleton	53600	-1	148	50	-1	6	-1	3500	-1
53605084	Giant Beast Skeleton	53600	-1	148	50	-1	6	-1	3500	-1
53606000	Giant Beast Skeleton	53600	-1	148	50	-1	6	-1	3500	-1
53606084	Giant Beast Skeleton	53600	-1	148	50	-1	6	-1	3500	-1
53607000	Giant Beast Skeleton	53600	-1	148	50	-1	6	-1	3500	-1
53607084	Giant Beast Skeleton	53600	-1	148	50	-1	6	-1	3500	-1
53608000	Giant Beast Skeleton	53600	-1	148	50	-1	6	-1	3500	-1
53608084	Giant Beast Skeleton	53600	-1	148	50	-1	6	-1	3500	-1
53609000	Giant Beast Skeleton	53600	-1	148	50	-1	6	-1	3500	-1
53609084	Giant Beast Skeleton	53600	-1	148	50	-1	6	-1	3500	-1
53609100	Giant Beast Skeleton	53600	-1	148	50	-1	6	-1	3500	-1
53609183	Giant Beast Skeleton	53600	-1	148	50	-1	6	-1	3500	-1
53609200	Giant Beast Skeleton	53600	-1	148	50	-1	6	-1	3500	-1
53609283	Giant Beast Skeleton	53600	-1	148	50	-1	6	-1	3500	-1
53609300	Giant Beast Skeleton	53600	-1	148	50	-1	6	-1	3500	-1
53609383	Giant Beast Skeleton	53600	-1	148	50	-1	6	-1	3500	-1
53700000	Ancient Dragon Senessax	53700	-1	1876	50	537000000	11	4510	4510	-1
53700085	Ancient Dragon Senessax	53700	-1	1876	50	537000000	11	4510	4510	-1
53701000	Ancient Dragon Senessax	53700	-1	1876	50	-1	11	4510	4510	-1
53701100	Ancient Dragon Senessax	53700	-1	3128	50	-1	11	4510	4510	-1
53701185	Ancient Dragon Senessax (Boss)	53700	-1	3128	50	-1	11	4510	4510	-1
53701200	Ancient Dragon Senessax	53700	-1	3128	50	-1	11	4510	4510	-1
53702000	Ancient Dragon Senessax	53700	-1	1876	50	-1	11	4510	4510	-1
53702100	Ancient Dragon Senessax	53700	-1	3128	50	-1	11	4510	4510	-1
53702200	Ancient Dragon Senessax	53700	-1	3128	50	-1	11	4510	4510	-1
53800000	Miranda Blossom	53800	-1	1939	50	538000000	6	-1	4480	-1
53800081	Miranda Blossom	53800	-1	1939	50	538000000	6	-1	4480	-1
53800084	Miranda Blossom	53800	-1	1939	50	538000000	6	-1	4480	-1
53800090	Miranda Blossom	53800	-1	1939	50	538000000	6	-1	4480	-1
53800091	Miranda Blossom	53800	-1	1939	50	538000000	6	-1	4480	-1
53800094	Miranda Blossom	53800	-1	1939	50	538000000	6	-1	4480	-1
53800200	Miranda Blossom	53800	-1	1939	50	538000100	6	-1	4480	-1
53800284	Miranda Blossom	53800	-1	1939	50	538000100	6	-1	4480	-1
53800300	Miranda Blossom	53800	-1	1939	50	538000200	6	-1	4480	-1
53800390	Miranda Blossom	53800	-1	1939	50	538000200	6	-1	4480	-1
53810000	Miranda Sprout	53810	5380	119	50	538100000	6	-1	4480	-1
53810081	Miranda Sprout	53810	5380	119	50	538100000	6	-1	4480	-1
53810084	Miranda Sprout	53810	5380	119	50	538100000	6	-1	4480	-1
53810090	Miranda Sprout	53810	5380	119	50	538100000	6	-1	4480	-1
53810091	Miranda Sprout	53810	5380	119	50	538100000	6	-1	4480	-1
53810094	Miranda Sprout	53810	5380	119	50	538100000	6	-1	4480	-1
53810200	Miranda Sprout	53810	5380	119	50	538100100	6	-1	4480	-1
53810284	Miranda Sprout	53810	5380	119	50	538100100	6	-1	4480	-1
53810300	Miranda Sprout	53810	4480	119	50	538100200	6	-1	4480	-1
53810390	Miranda Sprout	53810	4480	119	50	538100200	6	-1	4480	-1
53811000	Miranda Sprout	53810	5380	119	50	538100010	6	-1	4480	-1
53811081	Miranda Sprout	53810	5380	119	50	538100010	6	-1	4480	-1
53811200	Miranda Sprout	53810	5380	119	50	538100110	6	-1	4480	-1
53811300	Miranda Sprout	53810	4480	119	50	538100210	6	-1	4480	-1
53811390	Miranda Sprout	53810	4480	119	50	538100210	6	-1	4480	-1
53900000	Troll	53900	8000	1901	150	539000000	9	4600	4600	-1
53900001	Troll	53900	8000	1901	150	539000000	9	4600	4600	-1
53900083	Troll	53900	8000	1901	150	539000000	9	4600	4600	-1
53900090	Troll	53900	8000	1901	150	539000000	9	4600	4600	-1
53900100	Troll	53900	8000	1901	150	539000100	9	4600	4600	-1
53901000	Troll	53900	8000	1581	150	539000200	7	4600	4600	-1
53903000	Troll	53900	8000	1901	150	539000300	9	4600	4600	-1
53904000	Troll	53900	8000	1581	150	539000400	9	4600	4600	-1
53904100	Troll	53900	8000	1581	150	539000500	9	4600	4600	-1
53908000	Troll	53900	8000	1901	150	-1	6	4600	4600	-1
53910000	Troll Knight	53900	8000	1901	150	539100000	9	4600	4600	5390
53910082	Troll Knight	53900	8000	1901	150	539100000	9	4600	4600	5390
53910100	Troll Knight	53900	8000	1901	150	539100100	9	4600	4600	5390
53910190	Troll Knight	53900	8000	1901	150	539100100	9	4600	4600	5390
53910200	Troll Knight	53900	8000	1901	150	539100200	9	4600	4600	5390
53918000	Troll Knight	53900	8000	1901	150	539100300	9	4600	4600	5390
53920000	Troll - Unknown	53900	8000	1135	150	539200000	9	4600	4600	5390
54010000	Eagle	54010	5400	27	50	540100000	6	-1	6000	5400
54010080	Eagle	54010	5400	27	50	540100000	6	-1	6000	5400
54010081	Eagle	54010	5400	27	50	540100000	6	-1	6000	5400
54010082	Eagle	54010	5400	27	50	540100000	6	-1	6000	5400
54010083	Eagle	54010	5400	27	50	540100000	6	-1	6000	5400
54010084	Eagle	54010	5400	27	50	540100000	6	-1	6000	5400
54010085	Eagle	54010	5400	27	50	540100000	6	-1	6000	5400
54010087	Eagle	54010	5400	27	50	540187000	6	-1	6000	5400
54010090	Eagle	54010	5400	27	50	540100000	6	-1	6000	5400
54010091	Eagle	54010	5400	27	50	540100000	6	-1	6000	5400
54010092	Eagle	54010	5400	27	50	540100000	6	-1	6000	5400
54010093	Eagle	54010	5400	27	50	540100000	6	-1	6000	5400
54010094	Eagle	54010	5400	27	50	540100000	6	-1	6000	5400
54010095	Eagle	54010	5400	27	50	540100000	6	-1	6000	5400
54010885	Eagle	54010	5400	27	50	540185000	6	-1	6000	5400
54010888	Eagle	54010	5400	27	50	540188000	6	-1	6000	5400
54011000	Eagle	54010	5400	27	50	540100100	6	-1	6000	5400
54011080	Eagle	54010	5400	27	50	540100100	6	-1	6000	5400
54011081	Eagle	54010	5400	27	50	540100100	6	-1	6000	5400
54011083	Eagle	54010	5400	27	50	540100100	6	-1	6000	5400
54011084	Eagle	54010	5400	27	50	540100100	6	-1	6000	5400
54011085	Eagle	54010	5400	27	50	540100100	6	-1	6000	5400
54011090	Eagle	54010	5400	27	50	540100100	6	-1	6000	5400
54011091	Eagle	54010	5400	27	50	540100100	6	-1	6000	5400
54011093	Eagle	54010	5400	27	50	540100100	6	-1	6000	5400
54011094	Eagle	54010	5400	27	50	540194100	6	-1	6000	5400
54011095	Eagle	54010	5400	27	50	540100100	6	-1	6000	5400
54100000	Deer	54100	-1	55	50	541000000	6	-1	6010	-1
54100009	Deer	54100	-1	55	50	-1	6	-1	6010	-1
54100080	Deer	54100	-1	55	50	541000000	6	-1	6010	-1
54100081	Deer	54100	-1	55	50	541000000	6	-1	6010	-1
54100082	Deer	54100	-1	55	50	541000000	6	-1	6010	-1
54100083	Deer	54100	-1	55	50	541000000	6	-1	6010	-1
54100084	Deer	54100	-1	55	50	541000000	6	-1	6010	-1
54100085	Deer	54100	-1	55	50	541000000	6	-1	6010	-1
54100087	Deer	54100	-1	55	50	541087000	6	-1	6010	-1
54100090	Deer	54100	-1	55	50	541000000	6	-1	6010	-1
54100091	Deer	54100	-1	55	50	541000000	6	-1	6010	-1
54100092	Deer	54100	-1	55	50	541000000	6	-1	6010	-1
54100093	Deer	54100	-1	55	50	541000000	6	-1	6010	-1
54100094	Deer	54100	-1	55	50	541000000	6	-1	6010	-1
54100095	Deer	54100	-1	55	50	541000000	6	-1	6010	-1
54100880	Deer	54100	-1	55	50	541080000	6	-1	6010	-1
54100881	Deer	54100	-1	55	50	541081000	6	-1	6010	-1
54100885	Deer	54100	-1	55	50	541085000	6	-1	6010	-1
54100900	Deer	54100	-1	55	50	-1	5	-1	6010	-1
54101000	Deer	54100	-1	55	50	-1	9	-1	6010	-1
54102000	Deer	54100	-1	55	50	541000100	6	-1	6010	-1
54102080	Deer	54100	-1	55	50	541000100	6	-1	6010	-1
54102081	Deer	54100	-1	55	50	541000100	6	-1	6010	-1
54102083	Deer	54100	-1	55	50	541000100	6	-1	6010	-1
54102084	Deer	54100	-1	55	50	541000100	6	-1	6010	-1
54102085	Deer	54100	-1	55	50	541000100	6	-1	6010	-1
54102090	Deer	54100	-1	55	50	541000100	6	-1	6010	-1
54102091	Deer	54100	-1	55	50	541000100	6	-1	6010	-1
54102093	Deer	54100	-1	55	50	541000100	6	-1	6010	-1
54102094	Deer	54100	-1	55	50	541094100	6	-1	6010	-1
54102095	Deer	54100	-1	55	50	541000100	6	-1	6010	-1
54210000	Red Bear	54200	-1	681	50	542100000	6	6031	6030	5420
54210080	Red Bear	54200	-1	681	50	542100000	6	6031	6030	5420
54210083	Red Bear	54200	-1	681	50	542100000	6	6031	6030	5420
54210084	Red Bear	54200	-1	681	50	542100000	6	6031	6030	5420
54210090	Red Bear	54200	-1	681	50	542100000	6	6031	6030	5420
54210093	Red Bear	54200	-1	681	50	542100000	6	6031	6030	5420
54211000	Red Bear	54200	-1	681	50	542100100	6	6031	6030	5420
54211080	Red Bear	54200	-1	681	50	542100100	6	6031	6030	5420
54211081	Red Bear	54200	-1	681	50	542100100	6	6031	6030	5420
54211083	Red Bear	54200	-1	681	50	542100100	6	6031	6030	5420
54211084	Red Bear	54200	-1	681	50	542100100	6	6031	6030	5420
54211090	Red Bear	54200	-1	681	50	542100100	6	6031	6030	5420
54211093	Red Bear	54200	-1	681	50	542100100	6	6031	6030	5420
54211094	Red Bear	54200	-1	681	50	542194100	6	6031	6030	5420
54300000	Owl	54300	-1	27	50	543000000	6	-1	6040	-1
54300080	Owl	54300	-1	27	50	543000000	6	-1	6040	-1
54300081	Owl	54300	-1	27	50	543000000	6	-1	6040	-1
54300082	Owl	54300	-1	27	50	543000000	6	-1	6040	-1
54300087	Owl	54300	-1	27	50	543087000	6	-1	6040	-1
54300090	Owl	54300	-1	27	50	543000000	6	-1	6040	-1
54300093	Owl	54300	-1	27	50	543000000	6	-1	6040	-1
54300094	Owl	54300	-1	27	50	543000000	6	-1	6040	-1
54300095	Owl	54300	-1	27	50	543000000	6	-1	6040	-1
54301086	Owl	54300	-1	27	50	543000000	6	-1	6040	-1
54302000	Owl	54300	-1	27	50	543000100	6	-1	6040	-1
54302083	Owl	54300	-1	27	50	543000100	6	-1	6040	-1
54302084	Owl	54300	-1	27	50	543000100	6	-1	6040	-1
54302086	Owl	54300	-1	27	50	543000100	6	-1	6040	-1
54302090	Owl	54300	-1	27	50	543000100	6	-1	6040	-1
54302093	Owl	54300	-1	27	50	543000100	6	-1	6040	-1
54302094	Owl	54300	-1	27	50	543094100	6	-1	6040	-1
54302095	Owl	54300	-1	27	50	543000100	6	-1	6040	-1
54400000	Boar	54400	-1	82	50	544000000	6	-1	6050	-1
54400080	Boar	54400	-1	82	50	544000000	6	-1	6050	-1
54400084	Boar	54400	-1	82	50	544000000	6	-1	6050	-1
54400090	Boar	54400	-1	82	50	544000000	6	-1	6050	-1
54400091	Boar	54400	-1	82	50	544000000	6	-1	6050	-1
54400093	Boar	54400	-1	82	50	544000000	6	-1	6050	-1
54400094	Boar	54400	-1	82	50	544000000	6	-1	6050	-1
54400095	Boar	54400	-1	82	50	544000000	6	-1	6050	-1
54400100	Boar	54400	-1	82	50	544000100	6	-1	6050	-1
54400180	Boar	54400	-1	82	50	544000100	6	-1	6050	-1
54400183	Boar	54400	-1	82	50	544000100	6	-1	6050	-1
54400184	Boar	54400	-1	82	50	544000100	6	-1	6050	-1
54400190	Boar	54400	-1	82	50	544000100	6	-1	6050	-1
54400191	Boar	54400	-1	82	50	544000100	6	-1	6050	-1
54400194	Boar	54400	-1	82	50	544094100	6	-1	6050	-1
54400195	Boar	54400	-1	82	50	544000100	6	-1	6050	-1
54400890	Boar	54400	-1	82	50	544090000	6	-1	6050	-1
54401000	Boar	54400	-1	82	50	544000200	6	-1	6050	-1
54401080	Boar	54400	-1	82	50	544000200	6	-1	6050	-1
54401084	Boar	54400	-1	82	50	544000200	6	-1	6050	-1
54401090	Boar	54400	-1	82	50	544000200	6	-1	6050	-1
54401091	Boar	54400	-1	82	50	544000200	6	-1	6050	-1
54401093	Boar	54400	-1	82	50	544000200	6	-1	6050	-1
54401094	Boar	54400	-1	82	50	544000200	6	-1	6050	-1
54401095	Boar	54400	-1	82	50	544000200	6	-1	6050	-1
54401100	Boar	54400	-1	82	50	544000300	6	-1	6050	-1
54401181	Boar	54400	-1	82	50	544000300	6	-1	6050	-1
54401190	Boar	54400	-1	82	50	544000300	6	-1	6050	-1
54401191	Boar	54400	-1	82	50	544000300	6	-1	6050	-1
54401193	Boar	54400	-1	82	50	544000300	6	-1	6050	-1
54401195	Boar	54400	-1	82	50	544000300	6	-1	6050	-1
54500000	Ram	54500	-1	55	50	545000000	6	-1	6060	-1
54500080	Ram	54500	-1	55	50	545000000	6	-1	6060	-1
54500081	Ram	54500	-1	55	50	545000000	6	-1	6060	-1
54500083	Ram	54500	-1	55	50	545000000	6	-1	6060	-1
54500084	Ram	54500	-1	55	50	545000000	6	-1	6060	-1
54500085	Ram	54500	-1	55	50	545000000	6	-1	6060	-1
54500087	Ram	54500	-1	55	50	545087000	6	-1	6060	-1
54500090	Ram	54500	-1	55	50	545000000	6	-1	6060	-1
54500091	Ram	54500	-1	55	50	545000000	6	-1	6060	-1
54500092	Ram	54500	-1	55	50	545000000	6	-1	6060	-1
54500093	Ram	54500	-1	55	50	545000000	6	-1	6060	-1
54500094	Ram	54500	-1	55	50	545000000	6	-1	6060	-1
54500095	Ram	54500	-1	55	50	545000000	6	-1	6060	-1
54500880	Ram	54500	-1	55	50	545080000	6	-1	6060	-1
54500885	Ram	54500	-1	55	50	545085000	6	-1	6060	-1
54500890	Ram	54500	-1	55	50	545090000	6	-1	6060	-1
54500900	Ram	54500	-1	55	50	-1	5	-1	6060	-1
54501000	Ram	54500	-1	55	50	545000100	6	-1	6060	-1
54501090	Ram	54500	-1	55	50	545000100	6	-1	6060	-1
54501091	Ram	54500	-1	55	50	545000100	6	-1	6060	-1
54501092	Ram	54500	-1	55	50	545000100	6	-1	6060	-1
54501093	Ram	54500	-1	55	50	545000100	6	-1	6060	-1
54501094	Ram	54500	-1	55	50	545000100	6	-1	6060	-1
54501095	Ram	54500	-1	55	50	545000100	6	-1	6060	-1
54502000	Ram	54500	-1	82	50	545000200	6	-1	6060	-1
54502093	Ram	54500	-1	82	50	545000200	6	-1	6060	-1
54503000	Ram	54500	-1	82	50	545000300	6	-1	6060	-1
54503080	Ram	54500	-1	82	50	545000300	6	-1	6060	-1
54503083	Ram	54500	-1	82	50	545000300	6	-1	6060	-1
54503084	Ram	54500	-1	82	50	545000300	6	-1	6060	-1
54503090	Ram	54500	-1	82	50	545000300	6	-1	6060	-1
54504000	Ram	54500	-1	82	50	545000400	6	-1	6060	-1
54504080	Ram	54500	-1	82	50	545000400	6	-1	6060	-1
54504090	Ram	54500	-1	82	50	545000400	6	-1	6060	-1
54505000	Ram	54500	-1	82	50	545000500	6	-1	6060	-1
54506000	Ram	54500	-1	55	50	545000600	6	-1	6060	-1
54506080	Ram	54500	-1	55	50	545000600	6	-1	6060	-1
54506083	Ram	54500	-1	55	50	545000600	6	-1	6060	-1
54506084	Ram	54500	-1	55	50	545000600	6	-1	6060	-1
54506085	Ram	54500	-1	55	50	545000600	6	-1	6060	-1
54506090	Ram	54500	-1	55	50	545000600	6	-1	6060	-1
54506091	Ram	54500	-1	55	50	545000600	6	-1	6060	-1
54506094	Ram	54500	-1	55	50	545094600	6	-1	6060	-1
54506095	Ram	54500	-1	55	50	545000600	6	-1	6060	-1
54506100	Ram	54500	-1	55	50	545000700	6	-1	6060	-1
54506181	Ram	54500	-1	55	50	545000700	6	-1	6060	-1
54506190	Ram	54500	-1	55	50	545000700	6	-1	6060	-1
54506191	Ram	54500	-1	55	50	545000700	6	-1	6060	-1
54506193	Ram	54500	-1	55	50	545000700	6	-1	6060	-1
54506194	Ram	54500	-1	55	50	545094700	6	-1	6060	-1
54506195	Ram	54500	-1	55	50	545000700	6	-1	6060	-1
54507000	Ram	54500	-1	55	50	545000800	6	-1	6060	-1
54507086	Ram	54500	-1	55	50	545000800	6	-1	6060	-1
54507100	Ram	54500	-1	55	50	545000900	6	-1	6060	-1
54507186	Ram	54500	-1	55	50	545000900	6	-1	6060	-1
54600000	Murre	54600	-1	27	50	546000000	6	-1	6070	-1
54600083	Murre	54600	-1	27	50	546000000	6	-1	6070	-1
54600090	Murre	54600	-1	27	50	546000000	6	-1	6070	-1
54600093	Murre	54600	-1	27	50	546000000	6	-1	6070	-1
54600100	Murre	54600	-1	27	50	546000100	6	-1	6070	-1
54600183	Murre	54600	-1	27	50	546000100	6	-1	6070	-1
54700000	Dragonfly	54700	-1	17	50	547000000	6	-1	6080	-1
54700081	Dragonfly	54700	-1	17	50	547000000	6	-1	6080	-1
54700083	Dragonfly	54700	-1	17	50	547000000	6	-1	6080	-1
54700084	Dragonfly	54700	-1	17	50	547000000	6	-1	6080	-1
54700090	Dragonfly	54700	-1	17	50	547000000	6	-1	6080	-1
54700091	Dragonfly	54700	-1	17	50	547000000	6	-1	6080	-1
54700093	Dragonfly	54700	-1	17	50	547000000	6	-1	6080	-1
54700094	Dragonfly	54700	-1	17	50	547000000	6	-1	6080	-1
54700095	Dragonfly	54700	-1	17	50	547000000	6	-1	6080	-1
54710000	Yellow Dragonfly	54710	5470	17	50	547100000	6	-1	6080	5470
54710090	Yellow Dragonfly	54710	5470	17	50	547100000	6	-1	6080	5470
54710091	Yellow Dragonfly	54710	5470	17	50	547100000	6	-1	6080	5470
54710093	Yellow Dragonfly	54710	5470	17	50	547100000	6	-1	6080	5470
54710094	Yellow Dragonfly	54710	5470	17	50	547100000	6	-1	6080	5470
54710095	Yellow Dragonfly	54710	5470	17	50	547100000	6	-1	6080	5470
54720000	Great Dragonfly	54720	-1	17	50	547200000	6	-1	6080	5470
54720090	Great Dragonfly	54720	-1	17	50	547200000	6	-1	6080	5470
54720091	Great Dragonfly	54720	-1	17	50	547200000	6	-1	6080	5470
54720093	Great Dragonfly	54720	-1	17	50	547200000	6	-1	6080	5470
54720095	Great Dragonfly	54720	-1	17	50	547200000	6	-1	6080	5470
54800000	Turtle	54800	-1	378	50	548000000	6	-1	6090	-1
54800080	Turtle	54800	-1	378	50	548000000	6	-1	6090	-1
54800081	Turtle	54800	-1	378	50	548000000	6	-1	6090	-1
54800082	Turtle	54800	-1	378	50	548000000	6	-1	6090	-1
54800083	Turtle	54800	-1	378	50	548000000	6	-1	6090	-1
54800084	Turtle	54800	-1	378	50	548000000	6	-1	6090	-1
54800087	Turtle	54800	-1	378	50	548087000	6	-1	6090	-1
54800090	Turtle	54800	-1	378	50	548000000	6	-1	6090	-1
54800091	Turtle	54800	-1	378	50	548000000	6	-1	6090	-1
54800094	Turtle	54800	-1	378	50	548000000	6	-1	6090	-1
54800095	Turtle	54800	-1	378	50	548000000	6	-1	6090	-1
54800100	Turtle	54800	-1	378	50	548000100	6	-1	6090	-1
54800181	Turtle	54800	-1	378	50	548000100	6	-1	6090	-1
54800183	Turtle	54800	-1	378	50	548000100	6	-1	6090	-1
54800184	Turtle	54800	-1	378	50	548000100	6	-1	6090	-1
54800190	Turtle	54800	-1	378	50	548000100	6	-1	6090	-1
54800191	Turtle	54800	-1	378	50	548000100	6	-1	6090	-1
54800193	Turtle	54800	-1	378	50	548000100	6	-1	6090	-1
54800194	Turtle	54800	-1	378	50	548094100	6	-1	6090	-1
54900000	Springhare	54900	-1	27	50	549000000	6	-1	6100	-1
54900080	Springhare	54900	-1	27	50	549000000	6	-1	6100	-1
54900081	Springhare	54900	-1	27	50	549000000	6	-1	6100	-1
54900082	Springhare	54900	-1	27	50	549000000	6	-1	6100	-1
54900083	Springhare	54900	-1	27	50	549000000	6	-1	6100	-1
54900084	Springhare	54900	-1	27	50	549000000	6	-1	6100	-1
54900085	Springhare	54900	-1	27	50	549000000	6	-1	6100	-1
54900087	Springhare	54900	-1	27	50	549087000	6	-1	6100	-1
54900090	Springhare	54900	-1	27	50	549000000	6	-1	6100	-1
54900091	Springhare	54900	-1	27	50	549000000	6	-1	6100	-1
54900093	Springhare	54900	-1	27	50	549000000	6	-1	6100	-1
54900094	Springhare	54900	-1	27	50	549000000	6	-1	6100	-1
54900095	Springhare	54900	-1	27	50	549000000	6	-1	6100	-1
54900100	Springhare	54900	-1	27	50	-1	6	-1	6100	-1
54900885	Springhare	54900	-1	27	50	549085000	6	-1	6100	-1
54900900	Springhare	54900	-1	27	50	-1	5	-1	6100	-1
54901000	Springhare	54900	-1	27	50	549000100	6	-1	6100	-1
54901080	Springhare	54900	-1	27	50	549000100	6	-1	6100	-1
54901081	Springhare	54900	-1	27	50	549000100	6	-1	6100	-1
54901083	Springhare	54900	-1	27	50	549000100	6	-1	6100	-1
54901084	Springhare	54900	-1	27	50	549000100	6	-1	6100	-1
54901090	Springhare	54900	-1	27	50	549000100	6	-1	6100	-1
54901091	Springhare	54900	-1	27	50	549000100	6	-1	6100	-1
54901093	Springhare	54900	-1	27	50	549000100	6	-1	6100	-1
54901094	Springhare	54900	-1	27	50	549094100	6	-1	6100	-1
54901095	Springhare	54900	-1	27	50	549000100	6	-1	6100	-1
55000000	Living Magma	55000	-1	111	300	550000000	51	-1	3320	-1
55000081	Living Magma	55000	-1	111	300	550000000	51	-1	3320	-1
55000090	Living Magma	55000	-1	111	300	550000000	51	-1	3320	-1
55000093	Living Magma	55000	-1	111	300	550000000	51	-1	3320	-1
55000095	Living Magma	55000	-1	111	300	550000000	51	-1	3320	-1
55000100	Living Magma	55000	-1	111	300	550000100	51	-1	3320	-1
55000181	Living Magma	55000	-1	111	300	550000100	51	-1	3320	-1
55000190	Living Magma	55000	-1	111	300	550000100	51	-1	3320	-1
55000193	Living Magma	55000	-1	111	300	550000100	51	-1	3320	-1
55000195	Living Magma	55000	-1	111	300	550000100	51	-1	3320	-1
55000200	Living Magma	55000	-1	111	300	550000200	51	-1	3320	-1
55000281	Living Magma	55000	-1	111	300	550000200	51	-1	3320	-1
55000290	Living Magma	55000	-1	111	300	550000200	51	-1	3320	-1
55000293	Living Magma	55000	-1	111	300	550000200	51	-1	3320	-1
55000295	Living Magma	55000	-1	111	300	550000200	51	-1	3320	-1
55000300	Living Magma	55000	-1	111	300	550000300	51	-1	3320	-1
55000381	Living Magma	55000	-1	111	300	550000300	51	-1	3320	-1
55000390	Living Magma	55000	-1	111	300	550000300	51	-1	3320	-1
55000393	Living Magma	55000	-1	111	300	550000300	51	-1	3320	-1
55000395	Living Magma	55000	-1	111	300	550000300	51	-1	3320	-1
55000400	Living Magma	55000	-1	111	300	550000400	51	-1	3320	-1
55000481	Living Magma	55000	-1	111	300	550000400	51	-1	3320	-1
55000490	Living Magma	55000	-1	111	300	550000400	51	-1	3320	-1
55000493	Living Magma	55000	-1	111	300	550000400	51	-1	3320	-1
55000495	Living Magma	55000	-1	111	300	550000400	51	-1	3320	-1
55000500	Living Magma	55000	-1	111	300	550000500	51	-1	3320	-1
55000581	Living Magma	55000	-1	111	300	550000500	51	-1	3320	-1
55000590	Living Magma	55000	-1	111	300	550000500	51	-1	3320	-1
55000593	Living Magma	55000	-1	111	300	550000500	51	-1	3320	-1
55000595	Living Magma	55000	-1	111	300	550000500	51	-1	3320	-1
55000600	Living Magma	55000	-1	111	300	550000600	51	-1	3320	-1
55000690	Living Magma	55000	-1	111	300	550000600	51	-1	3320	-1
55000700	Living Magma	55000	-1	111	300	550000700	51	-1	3320	-1
55000790	Living Magma	55000	-1	111	300	550000700	51	-1	3320	-1
55000800	Living Magma	55000	-1	111	300	550000800	51	-1	3320	-1
55000890	Living Magma	55000	-1	111	300	550000800	51	-1	3320	-1
55010000	Living Magma	55010	-1	111	300	550100000	6	-1	3320	-1
55010085	Living Magma	55010	-1	111	300	550100000	6	-1	3320	-1
55010100	Living Magma	55010	-1	111	300	550100100	6	-1	3320	-1
55010185	Living Magma	55010	-1	111	300	550100100	6	-1	3320	-1
55010200	Living Magma	55010	-1	111	300	550100200	6	-1	3320	-1
55010285	Living Magma	55010	-1	111	300	550100200	6	-1	3320	-1
55010685	Living Magma	55010	-1	111	300	550100000	6	-1	3320	-1
55010785	Living Magma	55010	-1	111	300	550100100	6	-1	3320	-1
55010885	Living Magma	55010	-1	111	300	550100200	6	-1	3320	-1
55110000	Shade	55110	-1	376	50	551100000	6	-1	3661	5510
55110098	Shade	55110	-1	376	50	551100000	6	-1	3661	5510
55110100	Shade	55110	-1	376	50	551100100	6	-1	3661	5510
55110198	Shade	55110	-1	376	50	551100100	6	-1	3661	5510
55120000	Shade	55120	5510	626	50	551200000	6	-1	3661	5510
55120098	Shade	55120	5510	626	50	551200000	6	-1	3661	5510
55120100	Shade	55120	5510	626	50	551200100	6	-1	3661	5510
55120198	Shade	55120	5510	626	50	551200100	6	-1	3661	5510
55130000	Cemetary Shade	55130	-1	305	50	551300000	6	3664	3664	5510
55130081	Cemetary Shade	55130	-1	305	50	551300000	6	3664	3664	5510
55130083	Cemetary Shade	55130	-1	305	50	551300000	6	3664	3664	5510
55130090	Cemetary Shade	55130	-1	305	50	551300000	6	3664	3664	5510
55200000	Stray	55200	-1	338	50	552000000	48	-1	4160	-1
55200081	Stray	55200	-1	338	50	552000000	48	-1	4160	-1
55200090	Stray	55200	-1	338	50	552000000	48	-1	4160	-1
55200095	Stray	55200	-1	338	50	552000000	48	-1	4160	-1
55210000	Stray	55210	-1	162	50	552100000	48	-1	4160	5520
55210080	Stray	55210	-1	162	50	552100000	48	-1	4160	5520
55210081	Stray	55210	-1	162	50	552100000	48	-1	4160	5520
55210090	Stray	55210	-1	162	50	552100000	48	-1	4160	5520
55220000	Stray	55200	-1	338	50	552200000	6	-1	4160	-1
55220080	Stray	55200	-1	338	50	552200000	6	-1	4160	-1
55220081	Stray	55200	-1	338	50	552200000	6	-1	4160	-1
55220083	Stray	55200	-1	338	50	552200000	6	-1	4160	-1
55220090	Stray	55200	-1	338	50	552200000	6	-1	4160	-1
55220094	Stray	55200	-1	338	50	552200000	6	-1	4160	-1
55220095	Stray	55200	-1	338	50	552200000	6	-1	4160	-1
55230000	Stray	55210	-1	162	50	552300000	6	-1	4160	5522
55230080	Stray	55210	-1	162	50	552300000	6	-1	4160	5522
55230081	Stray	55210	-1	162	50	552300000	6	-1	4160	5522
55230083	Stray	55210	-1	162	50	552300000	6	-1	4160	5522
55230090	Stray	55210	-1	162	50	552300000	6	-1	4160	5522
55230094	Stray	55210	-1	162	50	552300000	6	-1	4160	5522
55230095	Stray	55210	-1	162	50	552300000	6	-1	4160	5522
55240000	Braided Stray	55200	-1	338	50	552400000	6	-1	4160	-1
55240082	Braided Stray	55200	-1	338	50	552400000	6	-1	4160	-1
55240090	Braided Stray	55200	-1	338	50	552400000	6	-1	4160	-1
55240094	Braided Stray	55200	-1	338	50	552400000	6	-1	4160	-1
55250000	Braided Stray	55210	-1	162	50	552500000	6	-1	4160	5520
55250082	Braided Stray	55210	-1	162	50	552500000	6	-1	4160	5520
55250090	Braided Stray	55210	-1	162	50	552500000	6	-1	4160	5520
55250094	Braided Stray	55210	-1	162	50	552500000	6	-1	4160	5520
55250095	Braided Stray	55210	-1	162	50	552500000	6	-1	4160	5520
55260000	Bloodbane Stray	55200	-1	338	50	552600000	51	-1	4160	5520
55260080	Bloodbane Stray	55200	-1	338	50	552600000	51	-1	4160	5520
55260090	Bloodbane Stray	55200	-1	338	50	552600000	51	-1	4160	5520
55260094	Bloodbane Stray	55200	-1	338	50	552600000	51	-1	4160	5520
55270000	Bloodbane Stray	55210	-1	162	50	552700000	51	-1	4160	5520
55270080	Bloodbane Stray	55210	-1	162	50	552700000	51	-1	4160	5520
55270090	Bloodbane Stray	55210	-1	162	50	552700000	51	-1	4160	5520
55270094	Bloodbane Stray	55210	-1	162	50	552700000	51	-1	4160	5520
55270095	Bloodbane Stray	55210	-1	162	50	552700000	51	-1	4160	5520
55300000	Man-Bat	55300	-1	126	50	553000000	6	-1	4200	-1
55300080	Man-Bat	55300	-1	126	50	553000000	6	-1	4200	-1
55300081	Man-Bat	55300	-1	126	50	553000000	6	-1	4200	-1
55300090	Man-Bat	55300	-1	126	50	553000000	6	-1	4200	-1
55300093	Man-Bat	55300	-1	126	50	553000000	6	-1	4200	-1
55300098	Man-Bat	55300	-1	126	50	553000000	6	-1	4200	-1
55300099	Man-Bat	55300	-1	126	50	553000000	6	-1	4200	-1
55300100	Man-Bat	55300	-1	126	50	553000010	6	-1	4200	-1
55300180	Man-Bat	55300	-1	126	50	553000010	6	-1	4200	-1
55300181	Man-Bat	55300	-1	126	50	553000010	6	-1	4200	-1
55300190	Man-Bat	55300	-1	126	50	553000010	6	-1	4200	-1
55300193	Man-Bat	55300	-1	126	50	553000010	6	-1	4200	-1
55300198	Man-Bat	55300	-1	126	50	553000010	6	-1	4200	-1
55300199	Man-Bat	55300	-1	126	50	553000010	6	-1	4200	-1
55300200	Man-Bat	55300	-1	126	50	553000020	6	-1	4200	-1
55300299	Man-Bat	55300	-1	126	50	553000020	6	-1	4200	-1
55301000	Man-Bat	55300	-1	430	50	553000100	6	-1	4200	-1
55301100	Man-Bat	55300	-1	430	50	553000110	6	-1	4200	-1
55301200	Man-Bat	55300	-1	430	50	553000120	6	-1	4200	-1
55400000	Wolf	55400	-1	78	50	554000000	6	-1	4070	-1
55400009	Wolf	55400	-1	78	50	-1	6	-1	4070	-1
55400084	Wolf	55400	-1	78	50	554000000	6	-1	4070	-1
55400090	Wolf	55400	-1	78	50	554000000	6	-1	4070	-1
55400100	Wolf	55400	-1	78	50	-1	6	-1	4070	-1
55400900	Wolf	55400	-1	78	50	-1	6	-1	4070	-1
55401000	Wolf	55400	-1	78	50	-1	6	-1	4070	-1
55402000	Wolf	55400	-1	78	50	554000100	6	-1	4070	-1
55408000	Wolf	55400	-1	78	50	-1	6	-1	4070	-1
55409000	Wolf	55400	-1	78	50	-1	6	-1	4070	-1
55410000	Wolf	55400	5540	409	50	554100000	6	-1	4070	5540
55410009	Wolf	55400	5540	409	50	-1	6	-1	4070	5540
55410084	Wolf	55400	5540	409	50	554100000	6	-1	4070	5540
55410090	Wolf	55400	5540	409	50	554100000	6	-1	4070	5540
55500000	Fingercreeper	55500	-1	747	50	555000000	6	4240	4240	-1
55500083	Fingercreeper	55500	-1	747	50	555000000	6	4240	4240	-1
55500093	Fingercreeper	55500	-1	747	50	555000000	6	4240	4240	-1
55500100	Fingercreeper	55500	-1	747	50	-1	6	4240	4240	-1
55500200	Fingercreeper	55500	-1	747	50	555000010	6	4240	4240	-1
55505000	Fingercreeper	55500	-1	747	50	-1	6	4240	4240	-1
55505100	Fingercreeper	55500	-1	747	50	-1	6	4240	4240	-1
55505200	Fingercreeper	55500	-1	747	50	-1	6	4240	4240	-1
55505300	Fingercreeper	55500	-1	747	50	-1	6	4240	4240	-1
55505400	Fingercreeper	55500	-1	747	50	-1	6	4240	4240	-1
55505500	Fingercreeper	55500	-1	747	50	-1	6	4240	4240	-1
55505600	Fingercreeper	55500	-1	747	50	-1	6	4240	4240	-1
55505700	Fingercreeper	55500	-1	747	50	-1	6	4240	4240	-1
55505800	Fingercreeper	55500	-1	747	50	-1	6	4240	4240	-1
55506000	Fingercreeper	55500	-1	747	50	-1	6	4240	4240	-1
55506100	Fingercreeper	55500	-1	747	50	-1	6	4240	4240	-1
55506200	Fingercreeper	55500	-1	747	50	-1	6	4240	4240	-1
55506300	Fingercreeper	55500	-1	747	50	-1	6	4240	4240	-1
55506400	Fingercreeper	55500	-1	747	50	-1	6	4240	4240	-1
55507000	Fingercreeper	55500	-1	747	50	-1	6	4240	4240	-1
55507100	Fingercreeper	55500	-1	747	50	-1	6	4240	4240	-1
55507200	Fingercreeper	55500	-1	747	50	-1	6	4240	4240	-1
55507300	Fingercreeper	55500	-1	747	50	-1	6	4240	4240	-1
55507400	Fingercreeper	55500	-1	747	50	-1	6	4240	4240	-1
55507500	Fingercreeper	55500	-1	747	50	-1	6	4240	4240	-1
55507600	Fingercreeper	55500	-1	747	50	-1	6	4240	4240	-1
55507700	Fingercreeper	55500	-1	747	50	-1	6	4240	4240	-1
55507800	Fingercreeper	55500	-1	747	50	-1	6	4240	4240	-1
55508000	Fingercreeper	55500	-1	747	50	-1	6	4240	4240	-1
55508100	Fingercreeper	55500	-1	747	50	-1	6	4240	4240	-1
55508200	Fingercreeper	55500	-1	747	50	-1	6	4240	4240	-1
55508300	Fingercreeper	55500	-1	747	50	-1	6	4240	4240	-1
55508400	Fingercreeper	55500	-1	747	50	-1	6	4240	4240	-1
55508500	Fingercreeper	55500	-1	747	50	-1	6	4240	4240	-1
55508800	Fingercreeper	55500	-1	747	50	-1	6	4240	4240	-1
55510000	Fingercreeper (Large)	55510	5550	1493	50	555100000	7	4241	4240	5550
55510093	Fingercreeper (Large)	55510	5550	1493	50	555100000	7	4241	4240	5550
55510100	Fingercreeper (Large)	55510	5550	1493	50	555100100	7	4241	4240	5550
55600000	Fingercreeper (Small)	55600	5550	105	50	555600000	6	-1	4240	5550
55600083	Fingercreeper (Small)	55600	5550	105	50	555600000	6	-1	4240	5550
55600093	Fingercreeper (Small)	55600	5550	105	50	555600000	6	-1	4240	5550
55600100	Fingercreeper (Small)	55600	5550	105	50	-1	6	-1	4240	5550
55600200	Fingercreeper (Small)	55600	5550	63	50	-1	6	5560	4240	5550
55600297	Fingercreeper (Small)	55600	5550	63	50	-1	6	5560	4240	5550
55600300	Fingercreeper (Small)	55600	5550	296	50	-1	6	-1	4240	5550
55600390	Fingercreeper (Small)	55600	5550	296	50	-1	6	-1	4240	5550
55700000	Marionette Soldier	55700	-1	179	50	557000000	6	-1	3850	-1
55700090	Marionette Soldier	55700	-1	179	50	557000000	6	-1	3850	-1
55701000	Marionette Soldier	55700	-1	179	50	557000100	6	-1	3850	-1
55701090	Marionette Soldier	55700	-1	179	50	557000100	6	-1	3850	-1
55701100	Marionette Soldier	55700	-1	179	50	557000200	6	-1	3850	-1
55701190	Marionette Soldier	55700	-1	179	50	557000200	6	-1	3850	-1
55701200	Marionette Soldier	55700	-1	179	50	557000300	6	-1	3850	-1
55701290	Marionette Soldier	55700	-1	179	50	557000300	6	-1	3850	-1
55702000	Marionette Soldier	55700	-1	179	50	557000400	6	-1	3850	-1
55702090	Marionette Soldier	55700	-1	179	50	557000400	6	-1	3850	-1
55800000	Jagged Peak Drake	55800	-1	2704	50	558000000	11	4500	4500	-1
55800084	Jagged Peak Drake (Solo Boss)	55800	-1	2704	50	-1	11	4500	4500	-1
55800085	Jagged Peak Drake (Duo Mob)	55800	-1	2704	50	558000000	11	4500	4500	-1
55800985	Jagged Peak Drake (Duo Boss)	55800	-1	2704	50	-1	11	4500	4500	-1
55801000	Jagged Peak Drake	55800	-1	1639	50	558000100	11	4500	4500	-1
55808000	Jagged Peak Drake	55800	-1	1639	50	-1	6	4500	4500	-1
55810000	Jagged Peak Drake	55800	-1	1019	50	558100000	11	4505	4500	5580
55900000	Putrid Flesh	55900	-1	275	50	559000000	6	-1	4170	-1
55900081	Putrid Flesh	55900	-1	275	50	559000000	6	-1	4170	-1
55900083	Putrid Flesh	55900	-1	275	50	559000000	6	-1	4170	-1
55900087	Putrid Flesh	55900	-1	275	50	559000000	6	-1	4170	-1
55900090	Putrid Flesh	55900	-1	275	50	559000000	6	-1	4170	-1
55900091	Putrid Flesh	55900	-1	275	50	559000000	6	-1	4170	-1
55900100	Putrid Flesh	55900	-1	275	50	559000100	6	-1	4170	-1
55900180	Putrid Flesh	55900	-1	275	50	559000100	6	-1	4170	-1
55900184	Putrid Flesh	55900	-1	275	50	559000100	6	-1	4170	-1
55900190	Putrid Flesh	55900	-1	275	50	559000100	6	-1	4170	-1
55900200	Putrid Flesh	55900	-1	275	50	559000200	6	-1	4170	-1
55900300	Putrid Flesh	55900	-1	275	50	559000300	6	-1	4170	-1
55900400	Putrid Flesh	55900	-1	275	50	559000400	6	-1	4170	-1
55900483	Putrid Flesh	55900	-1	275	50	559000400	6	-1	4170	-1
55900487	Putrid Flesh	55900	-1	275	50	559000400	6	-1	4170	-1
55900500	Putrid Flesh	55900	-1	275	50	559000500	6	-1	4170	-1
55900585	Putrid Flesh	55900	-1	275	50	559000500	6	-1	4170	-1
55910000	Putrid Flesh (Large)	55910	5590	1893	50	559100000	7	-1	4170	5590
55910087	Putrid Flesh (Large)	55910	5590	1893	50	559100000	7	-1	4170	5590
55910400	Putrid Flesh (Large)	55910	5590	1893	50	559100100	7	-1	4170	5590
55910500	Putrid Flesh (Large)	55910	5590	1893	50	559100000	7	-1	4170	5590
55910587	Putrid Flesh (Large)	55910	5590	1893	50	559100000	7	-1	4170	5590
55917500	Putrid Flesh (Large)	55910	5590	1893	50	-1	7	-1	4170	5590
55917587	Putrid Flesh (Large)	55910	5590	1893	50	559100700	7	-1	4170	5590
56000000	Catacomb Skeleton	56000	-1	281	50	560000000	6	-1	3510	-1
56000087	Catacomb Skeleton	56000	-1	281	50	560000000	6	-1	3510	-1
56000100	Catacomb Skeleton	56000	-1	281	50	560000010	6	-1	3510	-1
56000187	Catacomb Skeleton	56000	-1	281	50	560000010	6	-1	3510	-1
56000200	Catacomb Skeleton	56000	-1	281	50	560000020	6	-1	3510	-1
56000287	Catacomb Skeleton	56000	-1	281	50	560000020	6	-1	3510	-1
56001000	Catacomb Skeleton	56000	-1	281	50	560000100	6	-1	3510	-1
56001087	Catacomb Skeleton	56000	-1	281	50	560000100	6	-1	3510	-1
56001100	Catacomb Skeleton	56000	-1	281	50	560000110	6	-1	3510	-1
56001187	Catacomb Skeleton	56000	-1	281	50	560000110	6	-1	3510	-1
56002000	Catacomb Skeleton	56000	-1	281	50	560000200	6	-1	3510	-1
56002087	Catacomb Skeleton	56000	-1	281	50	560000200	6	-1	3510	-1
56002100	Catacomb Skeleton	56000	-1	281	50	560000210	6	-1	3510	-1
56002187	Catacomb Skeleton	56000	-1	281	50	560000210	6	-1	3510	-1
56003000	Catacomb Skeleton	56000	-1	281	50	560000300	6	-1	3510	-1
56003087	Catacomb Skeleton	56000	-1	281	50	560000300	6	-1	3510	-1
56003100	Catacomb Skeleton	56000	-1	281	50	560000310	6	-1	3510	-1
56003187	Catacomb Skeleton	56000	-1	281	50	560000310	6	-1	3510	-1
56003200	Catacomb Skeleton	56000	-1	281	50	560000320	6	-1	3510	-1
56003287	Catacomb Skeleton	56000	-1	281	50	560000320	6	-1	3510	-1
56003300	Catacomb Skeleton	56000	-1	281	50	560000330	6	-1	3510	-1
56004000	Catacomb Skeleton	56000	-1	281	50	-1	6	-1	3510	-1
56004100	Catacomb Skeleton	56000	-1	281	50	-1	6	-1	3510	-1
56200000	Tibia Mariner	56200	-1	1918	50	562000000	7	4950	4950	-1
56200084	Tibia Mariner (Charo's Hidden Grave)	56200	-1	1918	50	562000000	33	4950	4950	-1
56300000	Giant Crayfish	56300	-1	876	50	563000000	7	-1	4420	-1
56300083	Giant Crayfish	56300	-1	876	50	563000000	7	-1	4420	-1
56300090	Giant Crayfish	56300	-1	876	50	563000000	7	-1	4420	-1
56301000	Giant Crayfish	56300	-1	876	50	563000100	7	-1	4420	-1
56302000	Giant Crayfish	56300	-1	876	50	563000200	7	-1	4420	-1
56302081	Giant Crayfish	56300	-1	876	50	563000200	7	-1	4420	-1
56307081	Giant Crayfish	56300	-1	876	50	563000700	7	-1	4420	-1
56400000	Giant Crab	56400	-1	357	50	564000000	7	-1	2270	-1
56400081	Giant Crab	56400	-1	357	50	564000000	7	-1	2270	-1
56400083	Giant Crab	56400	-1	357	50	564000000	7	-1	2270	-1
56400098	Giant Crab	56400	-1	357	50	564000000	7	-1	2270	-1
56400100	Giant Crab	56400	-1	357	50	564000100	7	-1	2270	-1
56400183	Giant Crab	56400	-1	357	50	564000100	7	-1	2270	-1
56400198	Giant Crab	56400	-1	357	50	564000100	7	-1	2270	-1
56410000	Crab	56410	-1	28	50	564100000	6	-1	2271	-1
56410081	Crab	56410	-1	28	50	564100000	6	-1	2271	-1
56410083	Crab	56410	-1	28	50	564100000	6	-1	2271	-1
56410094	Crab	56410	-1	28	50	564100000	6	-1	2271	-1
56410098	Crab	56410	-1	28	50	564100000	6	-1	2271	-1
56510000	Messmer Foot Soldier	56500	5650	147	50	565100000	48	-1	4370	5650
56510080	Messmer Foot Soldier	56500	5650	147	50	565100000	48	-1	4370	5650
56510081	Messmer Foot Soldier	56500	5650	147	50	565100000	48	-1	4370	5650
56510082	Messmer Foot Soldier	56500	5650	147	50	565100000	48	-1	4370	5650
56510090	Messmer Foot Soldier	56500	5650	147	50	565100000	48	-1	4370	5650
56510093	Messmer Foot Soldier	56500	5650	147	50	565100000	48	-1	4370	5650
56510095	Messmer Foot Soldier	56500	5650	147	50	565100000	48	-1	4370	5650
56510098	Messmer Foot Soldier	56500	5650	147	50	565100000	48	-1	4370	5650
56510100	Messmer Foot Soldier	56500	5650	147	50	565100010	48	-1	4370	5650
56510500	Messmer Foot Soldier	56500	5650	147	50	565100020	48	-1	4370	5650
56510582	Messmer Foot Soldier	56500	5650	147	50	565100020	48	-1	4370	5650
56510590	Messmer Foot Soldier	56500	5650	147	50	565100020	48	-1	4370	5650
56510598	Messmer Foot Soldier	56500	5650	147	50	565100020	48	-1	4370	5650
56510890	Messmer Foot Soldier	56500	5650	147	50	565100800	48	-1	4370	5650
56511000	Messmer Foot Soldier	56500	5650	147	50	565100030	48	-1	4370	5650
56511400	Messmer Foot Soldier	56500	5650	147	50	565100040	48	-1	4370	5650
56511500	Messmer Foot Soldier	56500	5650	147	50	565100050	48	-1	4370	5650
56511581	Messmer Foot Soldier	56500	5650	147	50	565100050	48	-1	4370	5650
56511593	Messmer Foot Soldier	56500	5650	147	50	565100050	48	-1	4370	5650
56511600	Messmer Foot Soldier	56500	5650	147	50	565100060	48	-1	4370	5650
56511690	Messmer Foot Soldier	56500	5650	147	50	565100060	48	-1	4370	5650
56511700	Messmer Foot Soldier	56500	5650	147	50	565100070	48	-1	4370	5650
56511800	Messmer Foot Soldier	56500	5650	147	50	565100080	48	-1	4370	5650
56511890	Messmer Foot Soldier	56500	5650	147	50	565100080	48	-1	4370	5650
56511900	Messmer Foot Soldier	56500	5650	147	50	565100090	48	-1	4370	5650
56512000	Messmer Foot Soldier	56500	5650	147	50	565100100	48	-1	4370	5650
56512081	Messmer Foot Soldier	56500	5650	147	50	565100100	48	-1	4370	5650
56512082	Messmer Foot Soldier	56500	5650	147	50	565100100	48	-1	4370	5650
56512090	Messmer Foot Soldier	56500	5650	147	50	565100100	48	-1	4370	5650
56512093	Messmer Foot Soldier	56500	5650	147	50	565100100	48	-1	4370	5650
56512095	Messmer Foot Soldier	56500	5650	147	50	565100100	48	-1	4370	5650
56512098	Messmer Foot Soldier	56500	5650	147	50	565100100	48	-1	4370	5650
56512100	Messmer Foot Soldier	56500	5650	147	50	565100110	48	-1	4370	5650
56512500	Messmer Foot Soldier	56500	5650	147	50	565100120	48	-1	4370	5650
56512590	Messmer Foot Soldier	56500	5650	147	50	565100120	48	-1	4370	5650
56512595	Messmer Foot Soldier	56500	5650	147	50	565100120	48	-1	4370	5650
56513000	Messmer Foot Soldier	56500	5650	147	50	565100130	48	-1	4370	5650
56514000	Messmer Foot Soldier	56500	5650	109	50	565100200	48	-1	4370	5650
56514090	Messmer Foot Soldier	56500	5650	109	50	565100200	48	-1	4370	5650
56514095	Messmer Foot Soldier	56500	5650	109	50	565100200	48	-1	4370	5650
56514098	Messmer Foot Soldier	56500	5650	109	50	565100200	48	-1	4370	5650
56516000	Messmer Foot Soldier	56500	5650	147	50	565100300	48	-1	4370	5650
56516081	Messmer Foot Soldier	56500	5650	147	50	565100300	48	-1	4370	5650
56516082	Messmer Foot Soldier	56500	5650	147	50	565100300	48	-1	4370	5650
56516090	Messmer Foot Soldier	56500	5650	147	50	565100300	48	-1	4370	5650
56516093	Messmer Foot Soldier	56500	5650	147	50	565100300	48	-1	4370	5650
56516095	Messmer Foot Soldier	56500	5650	147	50	565100300	48	-1	4370	5650
56516098	Messmer Foot Soldier	56500	5650	147	50	565100300	48	-1	4370	5650
56517000	Messmer Foot Soldier	56500	5650	147	50	-1	6	-1	4370	5650
56517081	Messmer Foot Soldier	56500	5650	147	50	-1	6	-1	4370	5650
56517095	Messmer Foot Soldier	56500	5650	147	50	-1	6	-1	4370	5650
56519000	Messmer Foot Soldier	56500	5650	147	50	-1	48	-1	4370	5650
56610000	Shadow Militia	56610	-1	153	50	566100000	6	4320	4320	5660
56610081	Shadow Militia	56610	-1	153	50	566100000	6	4320	4320	5660
56610090	Shadow Militia	56610	-1	153	50	566100000	6	4320	4320	5660
56610091	Shadow Militia	56610	-1	153	50	566100000	6	4320	4320	5660
56610095	Shadow Militia	56610	-1	153	50	566100000	6	4320	4320	5660
56610098	Shadow Militia	56610	-1	153	50	566100000	6	4320	4320	5660
56610099	Shadow Militia	56610	-1	153	50	566100000	6	4320	4320	5660
56610100	Shadow Militia	56610	-1	153	50	566100100	6	4320	4320	5660
56611000	Shadow Militia	56610	-1	153	50	566100200	6	4320	4320	5660
56611081	Shadow Militia	56610	-1	153	50	566100200	6	4320	4320	5660
56611090	Shadow Militia	56610	-1	153	50	566100200	6	4320	4320	5660
56611091	Shadow Militia	56610	-1	153	50	566100200	6	4320	4320	5660
56611095	Shadow Militia	56610	-1	153	50	566100200	6	4320	4320	5660
56611098	Shadow Militia	56610	-1	153	50	566100200	6	4320	4320	5660
56611099	Shadow Militia	56610	-1	153	50	566100200	6	4320	4320	5660
56611100	Shadow Militia	56610	-1	153	50	566100300	6	4320	4320	5660
56612000	Shadow Militia	56610	-1	153	50	566100400	6	4320	4320	5660
56612081	Shadow Militia	56610	-1	153	50	566100400	6	4320	4320	5660
56612090	Shadow Militia	56610	-1	153	50	566100400	6	4320	4320	5660
56612091	Shadow Militia	56610	-1	153	50	566100400	6	4320	4320	5660
56612095	Shadow Militia	56610	-1	153	50	566100400	6	4320	4320	5660
56612098	Shadow Militia	56610	-1	153	50	566100400	6	4320	4320	5660
56612099	Shadow Militia	56610	-1	153	50	566100400	6	4320	4320	5660
56612100	Shadow Militia	56610	-1	153	50	566100500	6	4320	4320	5660
56700000	NPC Param 56700000	56700	8000	679	50	567000000	30	-1	8100	-1
56700082	NPC Param 56700082	56700	8000	679	50	567000000	30	-1	8100	-1
56800000	Wheeled Ballista	56800	8000	679	50	568000000	30	-1	8100	-1
56800081	Wheeled Ballista	56800	8000	679	50	568000000	30	-1	8100	-1
56800093	Wheeled Ballista	56800	8000	679	50	568000000	30	-1	8100	-1
56900000	Dragon-faced Flamethrower	56900	8000	441	50	569000000	30	-1	8100	-1
56900090	Dragon-faced Flamethrower	56900	8000	441	50	569000000	30	-1	8100	-1
57000000	Demi-Human	57000	-1	119	10	570000000	6	-1	4100	-1
57000083	Demi-Human	57000	-1	119	10	570000000	6	-1	4100	-1
57000093	Demi-Human	57000	-1	119	10	570000000	6	-1	4100	-1
57000200	Demi-Human	57000	-1	119	10	-1	6	-1	4100	-1
57001000	Demi-Human	57000	-1	119	50	570000100	6	-1	4100	-1
57001083	Demi-Human	57000	-1	119	50	570000100	6	-1	4100	-1
57001093	Demi-Human	57000	-1	119	50	570000100	6	-1	4100	-1
57001200	Demi-Human	57000	-1	119	50	-1	6	-1	4100	-1
57002000	Demi-Human	57000	-1	119	50	570000200	6	-1	4100	-1
57002083	Demi-Human	57000	-1	119	50	570000200	6	-1	4100	-1
57002093	Demi-Human	57000	-1	119	50	570000200	6	-1	4100	-1
57002200	Demi-Human	57000	-1	119	50	-1	6	-1	4100	-1
57009000	Demi-Human	57000	-1	119	10	-1	6	-1	4100	-1
57009100	Demi-Human	57000	-1	119	10	-1	2	-1	4100	-1
57009200	Demi-Human	57000	-1	119	10	-1	29	-1	4100	-1
57010000	Demi-Human (Large)	57010	5700	233	50	570100000	6	-1	4100	5700
57010083	Demi-Human (Large)	57010	5700	233	50	570100000	6	-1	4100	5700
57010093	Demi-Human (Large)	57010	5700	233	50	570100000	6	-1	4100	5700
57100000	Demi-Human Shaman	57100	-1	85	50	571000000	6	-1	4100	-1
57100083	Demi-Human Shaman	57100	-1	85	50	571000000	6	-1	4100	-1
57100093	Demi-Human Shaman	57100	-1	85	50	571000000	6	-1	4100	-1
57109000	Demi-Human Shaman	57100	-1	599	50	-1	26	-1	4100	-1
57109100	Demi-Human Shaman	57100	-1	599	50	-1	26	-1	4100	-1
57200000	Demi-Human Chief	57200	-1	534	50	572000000	6	4120	4120	-1
57200083	Demi-Human Chief	57200	-1	534	50	572000000	6	4120	4120	-1
57200093	Demi-Human Chief	57200	-1	534	50	572000000	6	4120	4120	-1
57200100	Demi-Human Chief	57200	-1	534	50	572000100	6	4120	4120	-1
57300000	Demi-Human Queen	57300	-1	911	50	573000000	6	4130	4130	-1
57300083	Demi-Human Queen Marigga (Boss)	57300	-1	911	50	-1	6	4130	4130	-1
57301000	Demi-Human Queen	57300	-1	1222	50	573000100	6	4130	4130	-1
57301993	Demi-Human Queen	57300	-1	1222	50	573000100	6	4130	4130	-1
57400000	Kindred of Rot	57400	-1	313	50	574000000	6	3810	3810	-1
57400090	Kindred of Rot	57400	-1	313	50	574000000	6	3810	3810	-1
57400094	Kindred of Rot	57400	-1	313	50	574094000	6	3810	3810	-1
57400095	Kindred of Rot	57400	-1	313	50	574095000	6	3810	3810	-1
57401000	Kindred of Rot	57400	-1	313	50	574000100	6	3810	3810	-1
57401090	Kindred of Rot	57400	-1	313	50	574000100	6	3810	3810	-1
57401094	Kindred of Rot	57400	-1	313	50	574094100	6	3810	3810	-1
57401095	Kindred of Rot	57400	-1	313	50	574095100	6	3810	3810	-1
57402000	Kindred of Rot	57400	-1	313	50	574000200	6	3810	3810	-1
57402090	Kindred of Rot	57400	-1	313	50	574000200	6	3810	3810	-1
57402094	Kindred of Rot	57400	-1	313	50	574094200	6	3810	3810	-1
57402095	Kindred of Rot	57400	-1	313	50	574095200	6	3810	3810	-1
57403000	Kindred of Rot	57400	-1	313	50	574000300	6	3810	3810	-1
57403090	Kindred of Rot	57400	-1	313	50	574000300	6	3810	3810	-1
57403094	Kindred of Rot	57400	-1	313	50	574094300	6	3810	3810	-1
57403095	Kindred of Rot	57400	-1	313	50	574095300	6	3810	3810	-1
57404000	Kindred of Rot	57400	-1	313	50	574000000	6	3810	3810	-1
57404090	Kindred of Rot	57400	-1	313	50	574000000	6	3810	3810	-1
57404094	Kindred of Rot	57400	-1	313	50	574094400	6	3810	3810	-1
57404095	Kindred of Rot	57400	-1	313	50	574095400	6	3810	3810	-1
57405000	Kindred of Rot	57400	-1	313	50	574000100	6	3810	3810	-1
57405094	Kindred of Rot	57400	-1	313	50	574094100	6	3810	3810	-1
57405095	Kindred of Rot	57400	-1	313	50	574095100	6	3810	3810	-1
57406000	Kindred of Rot	57400	-1	313	50	574000200	6	3810	3810	-1
57406094	Kindred of Rot	57400	-1	313	50	574094200	6	3810	3810	-1
57406095	Kindred of Rot	57400	-1	313	50	574095200	6	3810	3810	-1
57407000	Kindred of Rot	57400	-1	313	50	574000300	6	3810	3810	-1
57407094	Kindred of Rot	57400	-1	313	50	574094300	6	3810	3810	-1
57407095	Kindred of Rot	57400	-1	313	50	574095300	6	3810	3810	-1
57409000	Kindred of Rot	57400	-1	313	50	-1	26	3810	3810	-1
57409080	Kindred of Rot	57400	-1	640	50	-1	26	3810	3810	-1
57409081	Kindred of Rot	57400	-1	640	50	-1	26	3810	3810	-1
57409083	Kindred of Rot	57400	-1	640	50	-1	26	3810	3810	-1
57409090	Kindred of Rot	57400	-1	640	50	-1	26	3810	3810	-1
57500000	Living Jar Warrior	57500	-1	449	50	575000000	6	4490	4490	-1
57500080	Living Jar Warrior	57500	-1	449	50	575000000	6	4490	4490	-1
57500084	Living Jar Warrior	57500	-1	449	50	575000000	6	4490	4490	-1
57500090	Living Jar Warrior	57500	-1	449	50	575000000	6	4490	4490	-1
57500098	Living Jar Warrior	57500	-1	449	50	575000000	6	4490	4490	-1
57500400	Living Jar Warrior	57500	-1	449	50	575000010	6	4490	4490	-1
57500480	Living Jar Warrior	57500	-1	449	50	575000010	6	4490	4490	-1
57500484	Living Jar Warrior	57500	-1	449	50	575000010	6	4490	4490	-1
57500490	Living Jar Warrior	57500	-1	449	50	575000010	6	4490	4490	-1
57500498	Living Jar Warrior	57500	-1	449	50	575000010	6	4490	4490	-1
57507000	Living Jar Warrior	57500	-1	449	50	575000000	6	4490	4490	-1
57508000	Living Jar Warrior	57500	-1	449	50	575000000	6	4490	4490	-1
57508080	Living Jar Warrior	57500	-1	449	50	575080700	6	4490	4490	-1
57508084	Living Jar Warrior	57500	-1	449	50	575084700	6	4490	4490	-1
57508090	Living Jar Warrior	57500	-1	449	50	575090700	6	4490	4490	-1
57508098	Living Jar Warrior	57500	-1	449	50	575098700	6	4490	4490	-1
57508100	Living Jar Warrior	57500	-1	449	50	575000000	6	4490	4490	-1
57508180	Living Jar Warrior	57500	-1	449	50	575080710	6	4490	4490	-1
57508184	Living Jar Warrior	57500	-1	449	50	575084710	6	4490	4490	-1
57508190	Living Jar Warrior	57500	-1	449	50	575090710	6	4490	4490	-1
57508200	Living Jar Warrior	57500	-1	449	50	575000000	6	4490	4490	-1
57508280	Living Jar Warrior	57500	-1	449	50	575080720	6	4490	4490	-1
57508284	Living Jar Warrior	57500	-1	449	50	575084720	6	4490	4490	-1
57508290	Living Jar Warrior	57500	-1	449	50	575090720	6	4490	4490	-1
57508300	Living Jar Warrior	57500	-1	449	50	575000000	6	4490	4490	-1
57508380	Living Jar Warrior	57500	-1	449	50	575080730	6	4490	4490	-1
57508390	Living Jar Warrior	57500	-1	449	50	575090730	6	4490	4490	-1
57508400	Living Jar Warrior	57500	-1	449	50	575000000	6	4490	4490	-1
57508480	Living Jar Warrior	57500	-1	449	50	575080740	6	4490	4490	-1
57508490	Living Jar Warrior	57500	-1	449	50	575090740	6	4490	4490	-1
57508500	Living Jar Warrior	57500	-1	449	50	575000000	6	4490	4490	-1
57508580	Living Jar Warrior	57500	-1	449	50	575080750	6	4490	4490	-1
57510000	Living Jar	57510	5750	150	50	575100000	6	-1	4490	5750
57510002	Living Jar	57510	5750	150	50	575100000	6	-1	4490	5750
57510080	Living Jar	57510	5750	150	50	575100000	6	-1	4490	5750
57510084	Living Jar	57510	5750	150	50	575100000	6	-1	4490	5750
57510090	Living Jar	57510	5750	150	50	575100000	6	-1	4490	5750
57510098	Living Jar	57510	5750	150	50	575100000	6	-1	4490	5750
57510200	Living Jar	57510	5750	150	50	575100100	6	-1	4490	5750
57510300	Living Jar	57510	5750	150	50	575100200	6	-1	4490	5750
57510400	Living Jar	57510	5750	150	50	575100300	6	-1	4490	5750
57510480	Living Jar	57510	5750	150	50	575100300	6	-1	4490	5750
57510484	Living Jar	57510	5750	150	50	575100300	6	-1	4490	5750
57510490	Living Jar	57510	5750	150	50	575100300	6	-1	4490	5750
57510498	Living Jar	57510	5750	150	50	575100300	6	-1	4490	5750
57600000	Rat	57600	-1	162	50	576000000	6	4080	4090	-1
57600080	Rat	57600	-1	162	50	576000000	6	4080	4090	-1
57600081	Rat	57600	-1	162	50	576000000	6	4080	4090	-1
57600084	Rat	57600	-1	162	50	576000000	6	4080	4090	-1
57600090	Rat	57600	-1	162	50	576000000	6	4080	4090	-1
57600100	Rat	57600	-1	162	50	576000100	6	4080	4090	-1
57600300	Rat	57600	-1	162	50	576000200	6	4080	4090	-1
57600386	Rat	57600	-1	162	50	576000200	6	4080	4090	-1
57600390	Rat	57600	-1	162	50	576000200	6	4080	4090	-1
57600886	Rat	57600	-1	162	50	576086200	6	4080	4090	-1
57610000	Giant Rat	57610	-1	556	50	576100000	6	-1	4090	-1
57610080	Giant Rat	57610	-1	556	50	576100000	6	-1	4090	-1
57610081	Giant Rat	57610	-1	556	50	576100000	6	-1	4090	-1
57610084	Giant Rat	57610	-1	556	50	576100000	6	-1	4090	-1
57610090	Giant Rat	57610	-1	556	50	576100000	6	-1	4090	-1
57610300	Giant Rat	57610	-1	556	50	576100100	6	-1	4090	-1
57610386	Giant Rat	57610	-1	556	50	576100100	6	-1	4090	-1
57610390	Giant Rat	57610	-1	556	50	576100100	6	-1	4090	-1
57610886	Giant Rat	57610	-1	556	50	576186100	6	-1	4090	-1
57700000	NPC Param 57700000	57700	-1	1918	50	577000000	7	4960	4950	-1
57700084	NPC Param 57700084	57700	-1	1918	50	-1	33	4960	4950	-1
57700100	NPC Param 57700100	57700	-1	1918	50	577000100	7	4960	4950	-1
57800000	Runebear	57800	-1	2585	50	578000000	9	5240	4630	-1
57800090	Runebear	57800	-1	2585	50	578000000	9	5240	4630	-1
57800095	Runebear	57800	-1	2585	50	578000000	9	5240	4630	-1
57800100	Runebear	57800	-1	2585	50	578000100	9	5240	4630	-1
57800200	Runebear	57800	-1	2585	50	578000200	9	5240	4630	-1
57800700	Runebear	57800	-1	2585	50	-1	9	5240	4630	-1
57900000	Guardian Golem	57900	-1	5236	50	579000000	7	4660	4660	-1
57900090	Guardian Golem	57900	-1	5236	50	579000000	7	4660	4660	-1
57900095	Guardian Golem	57900	-1	5236	50	579000000	7	4660	4660	-1
57900100	Guardian Golem	57900	-1	5236	50	579000010	7	4660	4660	-1
57901000	Guardian Golem	57900	-1	2442	50	579000100	7	4660	4660	-1
57901090	Guardian Golem	57900	-1	2442	50	579000100	7	4660	4660	-1
57901094	Guardian Golem	57900	-1	2442	50	579000100	7	4660	4660	-1
57901095	Guardian Golem	57900	-1	2442	50	579000100	7	4660	4660	-1
57901100	Guardian Golem	57900	-1	2442	50	579000110	7	4660	4660	-1
57902000	Guardian Golem	57900	-1	5236	50	579000200	7	4660	4660	-1
57902100	Guardian Golem	57900	-1	5236	50	579000210	7	4660	4660	-1
57903000	Guardian Golem	57900	-1	2442	50	579000300	7	4660	4660	-1
57903100	Guardian Golem	57900	-1	2442	50	579000310	7	4660	4660	-1
57904000	Guardian Golem	57900	-1	5236	50	579000400	7	4660	4660	-1
57904100	Guardian Golem	57900	-1	5236	50	579000410	7	4660	4660	-1
57905000	Guardian Golem	57900	-1	2442	50	579000500	7	4660	4660	-1
57905100	Guardian Golem	57900	-1	2442	50	579000510	7	4660	4660	-1
57906000	Guardian Golem	57900	-1	5236	50	579000600	7	4660	4660	-1
57907000	Guardian Golem	57900	-1	2442	50	579000700	7	4660	4660	-1
57908000	Guardian Golem	57900	-1	5236	50	579000800	7	4660	4660	-1
57909000	Guardian Golem	57900	-1	2442	50	579000900	7	4660	4660	-1
58000000	Crucible Knight Devonia	58000	-1	840	150	580000000	6	5800	-1	-1
58000001	Crucible Knight Devonia	58000	-1	840	150	580000000	6	5800	-1	-1
58000094	Crucible Knight Devonia	58000	-1	840	150	580000000	6	5800	-1	-1
58100000	Demi-Human Swordmaster Onze	58100	-1	1056	50	581000000	6	-1	-1	-1
58100001	Demi-Human Swordmaster Onze	58100	-1	1056	50	581000000	6	-1	-1	-1
58100083	Demi-Human Swordmaster Onze	58100	-1	1056	50	581000000	6	-1	-1	-1
58100093	Demi-Human Swordmaster Onze	58100	-1	1056	50	581000000	6	-1	-1	-1
58100980	Demi-Human Swordmaster Onze (Boss)	58100	-1	1056	50	-1	6	-1	-1	-1
58108083	Demi-Human Swordmaster Onze	58100	-1	1056	50	581000700	6	-1	-1	-1
58200000	Great Red Bear	58200	-1	2585	50	582000000	9	5240	-1	-1
58200001	Great Red Bear	58200	-1	2585	50	582000000	9	5240	-1	-1
58200090	Great Red Bear	58200	-1	2585	50	-1	9	5240	-1	-1
58200093	Great Red Bear	58200	-1	2585	50	-1	9	5240	-1	-1
58200095	Rugalea the Great Red Bear (Boss)	58200	-1	2585	50	-1	9	5240	-1	-1
58200990	Ralva the Great Red Bear (Boss)	58200	-1	2585	50	-1	9	5240	-1	-1
58300000	Messmer Soldier	58300	-1	192	90	583080000	48	-1	-1	-1
58300001	Messmer Soldier	58300	-1	192	90	583080000	48	-1	-1	-1
58300080	Messmer Soldier	58300	-1	192	90	583080000	48	-1	-1	-1
58300081	Messmer Soldier	58300	-1	192	90	583080000	48	-1	-1	-1
58300082	Messmer Soldier	58300	-1	192	90	583080000	48	-1	-1	-1
58300090	Messmer Soldier	58300	-1	192	90	583090000	48	-1	-1	-1
58300093	Messmer Soldier	58300	-1	192	90	583090000	48	-1	-1	-1
58300095	Messmer Soldier	58300	-1	192	90	583090000	48	-1	-1	-1
58300098	Messmer Soldier	58300	-1	192	90	583090000	48	-1	-1	-1
58300100	Messmer Soldier	58300	-1	192	90	583080010	48	-1	-1	-1
58300101	Messmer Soldier	58300	-1	192	90	583080010	48	-1	-1	-1
58300180	Messmer Soldier	58300	-1	192	90	583080010	48	-1	-1	-1
58300181	Messmer Soldier	58300	-1	192	90	583080010	48	-1	-1	-1
58300182	Messmer Soldier	58300	-1	192	90	583080010	48	-1	-1	-1
58300190	Messmer Soldier	58300	-1	192	90	583090010	48	-1	-1	-1
58300193	Messmer Soldier	58300	-1	192	90	583090010	48	-1	-1	-1
58300200	Messmer Soldier	58300	-1	192	90	583080020	48	-1	-1	-1
58300201	Messmer Soldier	58300	-1	192	90	583080020	48	-1	-1	-1
58300280	Messmer Soldier	58300	-1	192	90	583080020	48	-1	-1	-1
58300281	Messmer Soldier	58300	-1	192	90	583080020	48	-1	-1	-1
58300282	Messmer Soldier	58300	-1	192	90	583080020	48	-1	-1	-1
58300290	Messmer Soldier	58300	-1	192	90	583090020	48	-1	-1	-1
58300293	Messmer Soldier	58300	-1	192	90	583090020	48	-1	-1	-1
58300298	Messmer Soldier	58300	-1	192	90	583090020	48	-1	-1	-1
58300300	Messmer Soldier	58300	-1	192	90	583080040	48	-1	-1	-1
58300301	Messmer Soldier	58300	-1	192	90	583080040	48	-1	-1	-1
58300380	Messmer Soldier	58300	-1	192	90	583080040	48	-1	-1	-1
58300381	Messmer Soldier	58300	-1	192	90	583080040	48	-1	-1	-1
58300382	Messmer Soldier	58300	-1	192	90	583080040	48	-1	-1	-1
58300390	Messmer Soldier	58300	-1	192	90	583090040	48	-1	-1	-1
58300393	Messmer Soldier	58300	-1	192	90	583090040	48	-1	-1	-1
58300395	Messmer Soldier	58300	-1	192	90	583090040	48	-1	-1	-1
58300398	Messmer Soldier	58300	-1	192	90	583090040	48	-1	-1	-1
58300400	Messmer Soldier	58300	-1	192	90	583080050	48	-1	-1	-1
58300401	Messmer Soldier	58300	-1	192	90	583080050	48	-1	-1	-1
58300482	Messmer Soldier	58300	-1	192	90	583080050	48	-1	-1	-1
58300490	Messmer Soldier	58300	-1	192	90	583090050	48	-1	-1	-1
58300500	Messmer Soldier	58300	-1	192	90	583080100	48	-1	-1	-1
58300501	Messmer Soldier	58300	-1	192	90	583080100	48	-1	-1	-1
58300580	Messmer Soldier	58300	-1	192	90	583080100	48	-1	-1	-1
58300581	Messmer Soldier	58300	-1	192	90	583080100	48	-1	-1	-1
58300582	Messmer Soldier	58300	-1	192	90	583080100	48	-1	-1	-1
58300590	Messmer Soldier	58300	-1	192	90	583090100	48	-1	-1	-1
58300593	Messmer Soldier	58300	-1	192	90	583090100	48	-1	-1	-1
58300595	Messmer Soldier	58300	-1	192	90	583090100	48	-1	-1	-1
58300598	Messmer Soldier	58300	-1	192	90	583090100	48	-1	-1	-1
58300600	Messmer Soldier	58300	-1	192	90	583080200	48	-1	-1	-1
58300680	Messmer Soldier	58300	-1	192	90	583080200	48	-1	-1	-1
58300681	Messmer Soldier	58300	-1	192	90	583080200	48	-1	-1	-1
58300690	Messmer Soldier	58300	-1	192	90	583090200	48	-1	-1	-1
58300698	Messmer Soldier	58300	-1	192	90	583090200	48	-1	-1	-1
58301590	Messmer Soldier	58300	-1	192	90	-1	48	-1	-1	-1
58309000	Messmer Soldier	58300	-1	192	90	-1	0	-1	-1	-1
58309082	Messmer Soldier	58300	-1	192	90	-1	0	-1	-1	-1
58309090	Messmer Soldier	58300	-1	192	90	-1	0	-1	-1	-1
58309098	Messmer Soldier	58300	-1	192	90	-1	0	-1	-1	-1
58400000	Black Knight	58400	4350	512	120	584080000	48	-1	-1	-1
58400001	Black Knight	58400	4350	512	120	584080000	48	-1	-1	-1
58400080	Black Knight	58400	4350	512	120	584080000	48	-1	-1	-1
58400081	Black Knight	58400	4350	512	120	584080000	48	-1	-1	-1
58400082	Black Knight	58400	4350	512	120	584080000	48	-1	-1	-1
58400090	Black Knight	58400	4350	512	120	584090000	48	-1	-1	-1
58400093	Black Knight	58400	4350	512	120	584090000	48	-1	-1	-1
58400098	Black Knight	58400	4350	512	120	584090000	48	-1	-1	-1
58400100	Black Knight	58400	4350	512	120	584080100	48	-1	-1	-1
58400101	Black Knight	58400	4350	512	120	584080100	48	-1	-1	-1
58400182	Black Knight	58400	4350	512	120	584080100	48	-1	-1	-1
58400190	Black Knight	58400	4350	512	120	584090100	48	-1	-1	-1
58400193	Black Knight	58400	4350	512	120	584090100	48	-1	-1	-1
58400195	Black Knight	58400	4350	512	120	584090100	48	-1	-1	-1
58400198	Black Knight	58400	4350	512	120	584090100	48	-1	-1	-1
58400200	Black Knight	58400	4350	512	120	584080200	48	-1	-1	-1
58400201	Black Knight	58400	4350	512	120	584080200	48	-1	-1	-1
58400290	Black Knight	58400	4350	512	120	584090200	48	-1	-1	-1
58400293	Black Knight	58400	4350	512	120	584090200	48	-1	-1	-1
58400300	Black Knight	58400	4350	512	120	584080300	48	-1	-1	-1
58400301	Black Knight	58400	4350	512	120	584080300	48	-1	-1	-1
58400382	Black Knight	58400	4350	512	120	584080300	48	-1	-1	-1
58400390	Black Knight	58400	4350	512	120	584090300	48	-1	-1	-1
58400398	Black Knight	58400	4350	512	120	584090300	48	-1	-1	-1
58400500	Black Knight	58400	4350	660	120	584000400	48	-1	-1	-1
58400501	Black Knight	58400	4350	660	120	584000400	48	-1	-1	-1
58400590	Black Knight Garrew (Boss)	58400	4350	855	120	-1	48	-1	-1	-1
58400600	Black Knight	58400	4350	660	120	584000500	48	-1	-1	-1
58400601	Black Knight	58400	4350	660	120	584000500	48	-1	-1	-1
58400690	Black Knight Edredd (Boss)	58400	4350	855	120	-1	48	-1	-1	-1
58401290	Black Knight	58400	4350	512	120	-1	48	-1	-1	-1
58401390	Black Knight	58400	4350	512	120	-1	48	-1	-1	-1
58409000	Black Knight	58400	4350	512	120	-1	0	-1	-1	-1
58409098	Black Knight	58400	4350	512	120	-1	0	-1	-1	-1
58500000	Giant Ram	58500	-1	448	50	585000000	48	-1	-1	-1
58500083	Giant Ram	58500	-1	448	50	585000000	48	-1	-1	-1
58500084	Giant Ram	58500	-1	448	50	585000000	48	-1	-1	-1
58500100	Giant Ram	58500	-1	448	50	585000100	6	-1	-1	-1
58500180	Giant Ram	58500	-1	448	50	585000100	6	-1	-1	-1
58500183	Giant Ram	58500	-1	448	50	585000100	6	-1	-1	-1
58500184	Giant Ram	58500	-1	448	50	585000100	6	-1	-1	-1
58500190	Giant Ram	58500	-1	448	50	585000100	6	-1	-1	-1
58600000	Ghostflame Dragon	58600	-1	3661	50	586000000	11	5860	-1	-1
58600001	Ghostflame Dragon	58600	-1	3661	50	586000000	11	5860	-1	-1
58600080	Ghostflame Dragon (Gravesite Plain Boss)	58600	-1	3661	50	-1	64	5860	-1	-1
58600083	Ghostflame Dragon (Cerulean Coast Boss)	58600	-1	3661	50	-1	64	5860	-1	-1
58600090	Ghostflame Dragon (Moorth Highway Boss)	58600	-1	3661	50	-1	64	5860	-1	-1
58700000	Imp (Lion Head)	58700	-1	172	50	587000000	51	-1	3080	-1
58700001	Imp (Lion Head)	58700	-1	172	50	587000000	51	-1	3080	-1
58700081	Imp (Lion Head)	58700	-1	172	50	587000000	51	-1	3080	-1
58700090	Imp (Lion Head)	58700	-1	172	50	587000000	51	-1	3080	-1
58700091	Imp (Lion Head)	58700	-1	172	50	587000000	51	-1	3080	-1
58700095	Imp (Lion Head)	58700	-1	172	50	587000000	51	-1	3080	-1
58700100	Imp (Lion Head)	58700	-1	172	50	587000100	51	-1	3080	-1
58700101	Imp (Lion Head)	58700	-1	172	50	587000100	51	-1	3080	-1
58700181	Imp (Lion Head)	58700	-1	172	50	587000100	51	-1	3080	-1
58700190	Imp (Lion Head)	58700	-1	172	50	587000100	51	-1	3080	-1
58700191	Imp (Lion Head)	58700	-1	172	50	587000100	51	-1	3080	-1
58700195	Imp (Lion Head)	58700	-1	172	50	587000100	51	-1	3080	-1
58700200	Imp (Lion Head)	58700	-1	172	50	587000200	51	-1	3080	-1
58700201	Imp (Lion Head)	58700	-1	172	50	587000200	51	-1	3080	-1
58700281	Imp (Lion Head)	58700	-1	172	50	587000200	51	-1	3080	-1
58700290	Imp (Lion Head)	58700	-1	172	50	587000200	51	-1	3080	-1
58700291	Imp (Lion Head)	58700	-1	172	50	587000200	51	-1	3080	-1
58700295	Imp (Lion Head)	58700	-1	172	50	587000200	51	-1	3080	-1
58700300	Imp (Lion Head)	58700	-1	172	50	587000300	51	-1	3080	-1
58700301	Imp (Lion Head)	58700	-1	172	50	587000300	51	-1	3080	-1
58700381	Imp (Lion Head)	58700	-1	172	50	587000300	51	-1	3080	-1
58700390	Imp (Lion Head)	58700	-1	172	50	587000300	51	-1	3080	-1
58700391	Imp (Lion Head)	58700	-1	172	50	587000300	51	-1	3080	-1
58700395	Imp (Lion Head)	58700	-1	172	50	587000300	51	-1	3080	-1
58700400	Imp (Lion Head)	58700	-1	172	50	587000100	51	-1	3080	-1
58700481	Imp (Lion Head)	58700	-1	172	50	587000100	51	-1	3080	-1
58700491	Imp (Lion Head)	58700	-1	172	50	587000100	51	-1	3080	-1
58700495	Imp (Lion Head)	58700	-1	172	50	587000100	51	-1	3080	-1
58710000	Imp (Dragon Head)	58710	-1	172	50	587100000	51	-1	3080	5870
58710001	Imp (Dragon Head)	58710	-1	172	50	587100000	51	-1	3080	5870
58710090	Imp (Dragon Head)	58710	-1	172	50	587100000	51	-1	3080	5870
58710095	Imp (Dragon Head)	58710	-1	172	50	587100000	51	-1	3080	5870
58720000	Imp (Dragon Head)	58720	-1	172	50	587200000	51	-1	3080	5870
58720001	Imp (Dragon Head)	58720	-1	172	50	587200000	51	-1	3080	5870
58720090	Imp (Dragon Head)	58720	-1	172	50	587200000	51	-1	3080	5870
58720091	Imp (Dragon Head)	58720	-1	172	50	587200000	51	-1	3080	5870
58727000	Imp (Dragon Head)	58720	-1	172	50	587200000	51	-1	3080	5870
58727090	Imp (Dragon Head)	58720	-1	172	50	587200700	51	-1	3080	5870
58727091	Imp (Dragon Head)	58720	-1	172	50	587200700	51	-1	3080	5870
58800000	Catacombs Sorcerer	58800	-1	210	50	588000000	51	-1	-1	-1
58800001	Catacombs Sorcerer	58800	-1	210	50	588000000	51	-1	-1	-1
58800090	Catacombs Sorcerer	58800	-1	210	50	588000000	51	-1	-1	-1
58800091	Catacombs Sorcerer	58800	-1	210	50	588000000	51	-1	-1	-1
58800095	Catacombs Sorcerer	58800	-1	210	50	588000000	51	-1	-1	-1
58800100	Catacombs Sorcerer	58800	-1	210	50	588000100	51	-1	-1	-1
58800101	Catacombs Sorcerer	58800	-1	210	50	588000100	51	-1	-1	-1
58800181	Catacombs Sorcerer	58800	-1	210	50	588000100	51	-1	-1	-1
58800190	Catacombs Sorcerer	58800	-1	210	50	588000100	51	-1	-1	-1
58800191	Catacombs Sorcerer	58800	-1	210	50	588000100	51	-1	-1	-1
58800200	Catacombs Sorcerer	58800	-1	210	50	588000200	51	-1	-1	-1
58800201	Catacombs Sorcerer	58800	-1	210	50	588000200	51	-1	-1	-1
58800281	Catacombs Sorcerer	58800	-1	210	50	588000200	51	-1	-1	-1
58800290	Catacombs Sorcerer	58800	-1	210	50	588000200	51	-1	-1	-1
58900000	Black Knight Horse	58900	-1	448	50	589000000	48	4360	5840	-1
58900001	Black Knight Horse	58900	-1	448	50	589000000	48	4360	5840	-1
58900090	Black Knight Horse	58900	-1	448	50	589000000	48	4360	5840	-1
58900093	Black Knight Horse	58900	-1	448	50	589000000	48	4360	5840	-1
58900190	Black Knight Horse	58900	-1	448	50	-1	48	4360	5840	-1
59000000	Man-Fly	59000	-1	192	120	590000000	6	-1	-1	-1
59000001	Man-Fly	59000	-1	192	120	590000000	6	-1	-1	-1
59000080	Man-Fly	59000	-1	192	120	590000000	6	-1	-1	-1
59000081	Man-Fly	59000	-1	192	120	590000000	6	-1	-1	-1
59000083	Man-Fly	59000	-1	192	120	590000000	6	-1	-1	-1
59000088	Man-Fly	59000	-1	192	120	590000000	6	-1	-1	-1
59000089	Man-Fly	59000	-1	192	120	590000000	6	-1	-1	-1
59000090	Man-Fly	59000	-1	192	120	590000000	6	-1	-1	-1
59000091	Man-Fly	59000	-1	192	120	590000000	6	-1	-1	-1
59000094	Man-Fly	59000	-1	192	120	590000000	6	-1	-1	-1
59000100	Man-Fly	59000	-1	192	120	590000100	6	-1	-1	-1
59000180	Man-Fly	59000	-1	192	120	590000100	6	-1	-1	-1
59000181	Man-Fly	59000	-1	192	120	590000100	6	-1	-1	-1
59000183	Man-Fly	59000	-1	192	120	590000100	6	-1	-1	-1
59000188	Man-Fly	59000	-1	192	120	590000100	6	-1	-1	-1
59000189	Man-Fly	59000	-1	192	120	590000100	6	-1	-1	-1
59000190	Man-Fly	59000	-1	192	120	590000100	6	-1	-1	-1
59000191	Man-Fly	59000	-1	192	120	590000100	6	-1	-1	-1
59000194	Man-Fly	59000	-1	192	120	590000100	6	-1	-1	-1
59000200	Man-Fly	59000	-1	192	120	590000110	6	-1	-1	-1
59100000	Hornsent Grandam	59000	-1	173	120	-1	26	-1	-1	-1
59100088	Hornsent Grandam	59000	-1	173	120	-1	0	-1	-1	-1
59200000	Magma Wyrm	59200	-1	2968	50	592000000	7	4910	4910	-1
59200100	Magma Wyrm	59200	-1	2968	50	592000100	7	4910	4910	-1
59200181	Magma Wyrm (Dragon's Pit)	59200	-1	2968	50	592000100	7	4910	4910	-1
59300000	Giant Skeleton	59300	-1	671	50	593000000	6	-1	3060	-1
59300084	Giant Skeleton	59300	-1	671	50	593000000	6	-1	3060	-1
59301000	Giant Skeleton	59300	-1	613	50	593000100	6	-1	3060	-1
59301084	Giant Skeleton	59300	-1	613	50	593000100	6	-1	3060	-1
59310000	Giant Beast Skeleton	59310	5930	671	50	593100000	6	-1	3060	5930
59310081	Giant Beast Skeleton	59310	5930	671	50	593100000	6	-1	3060	5930
59310084	Giant Beast Skeleton	59310	5930	671	50	593100000	6	-1	3060	5930
59311000	Giant Beast Skeleton	59310	5930	613	50	593100100	6	-1	3060	5930
59311081	Giant Beast Skeleton	59310	5930	613	50	593100100	6	-1	3060	5930
59311084	Giant Beast Skeleton	59310	5930	613	50	593100100	6	-1	3060	5930
59400000	Watcher Stones	59400	-1	174	50	594000000	6	4430	4430	-1
59400087	Watcher Stones	59400	-1	174	50	594000000	6	4430	4430	-1
59400100	Watcher Stones	59400	-1	174	50	594000100	6	4430	4430	-1
59400187	Watcher Stones	59400	-1	174	50	594000100	6	4430	4430	-1
59400200	Watcher Stones	59400	-1	174	50	594000200	6	4430	4430	-1
59400287	Watcher Stones	59400	-1	174	50	594000200	6	4430	4430	-1
59400300	Watcher Stones	59400	-1	174	50	594000300	6	4430	4430	-1
59400387	Watcher Stones	59400	-1	174	50	594000300	6	4430	4430	-1
59400400	Watcher Stones	59400	-1	174	50	594000400	6	4430	4430	-1
59400487	Watcher Stones	59400	-1	174	50	594000400	6	4430	4430	-1
59401000	Watcher Stones	59400	-1	174	50	594000500	6	4430	4430	-1
59401087	Watcher Stones	59400	-1	174	50	594000500	6	4430	4430	-1
59500000	Leonine Misbegotten	59500	-1	564	50	595000000	6	-1	3460	-1
59500087	Leonine Misbegotten	59500	-1	564	50	595000000	6	-1	3460	-1
59501000	Leonine Misbegotten	59500	-1	564	50	595000100	6	-1	3460	-1
59501087	Leonine Misbegotten	59500	-1	564	50	595000100	6	-1	3460	-1
59600000	Ulcerated Tree Spirit	59600	-1	2713	50	596000000	7	4640	4640	-1
59600081	Ulcerated Tree Spirit (Ellac River)	59600	-1	2713	50	596000000	7	4640	4640	-1
59600088	Ulcerated Tree Spirit (Belurat, Tower Settlement)	59600	-1	2713	50	596000000	7	4640	4640	-1
59600098	Ulcerated Tree Spirit (Church District)	59600	-1	2713	50	596000000	7	4640	4640	-1
59600100	Ulcerated Tree Spirit	59600	-1	2713	50	596000100	7	4640	4640	-1
59600198	Ulcerated Tree Spirit	59600	-1	2713	50	596000100	7	4640	4640	-1
59700000	Abductor Virgin	59700	-1	1418	50	597000000	7	4470	4470	-1
59700083	Abductor Virgin	59700	-1	1418	50	597000000	7	4470	4470	-1
59700090	Abductor Virgin	59700	-1	1418	50	597000000	7	4470	4470	-1
59700190	Abductor Virgin	59700	-1	1418	50	597000700	7	4470	4470	-1
59701000	Abductor Virgin	59700	-1	1418	50	597000100	7	4470	4470	-1
59701100	Abductor Virgin	59700	-1	829	50	597000200	7	4470	4470	-1
59701190	Abductor Virgin	59700	-1	829	50	597000200	7	4470	4470	-1
59701290	Abductor Virgin	59700	-1	829	50	597000710	7	4470	4470	-1
59702000	Abductor Virgin	59700	-1	1418	50	597000300	7	4470	4470	-1
59702090	Abductor Virgin	59700	-1	1418	50	597000300	7	4470	4470	-1
59800000	Omenkiller	59800	-1	429	50	598000000	6	4820	4820	-1
59800090	Omenkiller	59800	-1	429	50	598000000	6	4820	4820	-1
59800100	Omenkiller	59800	-1	429	50	598000100	6	4820	4820	-1
59808000	Omenkiller	59800	-1	429	50	-1	6	4820	4820	-1
59808100	Omenkiller	59800	-1	429	50	-1	6	4820	4820	-1
59809090	Omenkiller	59800	-1	429	50	598000700	6	4820	4820	-1
59809190	Omenkiller	59800	-1	429	50	598000710	6	4820	4820	-1
59809290	Omenkiller	59800	-1	429	50	598000720	6	4820	4820	-1
59900000	Basilisk	59900	-1	338	50	599000000	6	-1	4150	-1
59900090	Basilisk	59900	-1	338	50	599000000	6	-1	4150	-1
59900094	Basilisk	59900	-1	338	50	599000000	6	-1	4150	-1
59900095	Basilisk	59900	-1	338	50	599000000	6	-1	4150	-1
59900100	Basilisk	59900	-1	338	50	599000100	6	-1	4150	-1
59900200	Basilisk	59900	-1	127	50	599000200	33	-1	4150	-1
59900294	Basilisk	59900	-1	127	50	-1	33	-1	4150	-1
60010000	Eagle	60010	6000	27	50	600000000	6	-1	6000	6000
60010010	Eagle	60010	6000	27	50	600000000	6	-1	6000	6000
60010012	Eagle	60010	6000	27	50	600000000	6	-1	6000	6000
60010014	Eagle	60010	6000	27	50	600000000	6	-1	6000	6000
60010020	Eagle	60010	6000	27	50	600000000	6	-1	6000	6000
60010022	Eagle	60010	6000	27	50	600000000	6	-1	6000	6000
60010030	Eagle	60010	6000	27	50	600000000	6	-1	6000	6000
60010032	Eagle	60010	6000	27	50	600000000	6	-1	6000	6000
60010033	Eagle	60010	6000	27	50	600000000	6	-1	6000	6000
60010040	Eagle	60010	6000	27	50	600000000	6	-1	6000	6000
60010042	Eagle	60010	6000	27	50	600000000	6	-1	6000	6000
60010050	Eagle	60010	6000	27	50	600000000	6	-1	6000	6000
60010052	Eagle	60010	6000	27	50	600000000	6	-1	6000	6000
60010064	Eagle	60010	6000	27	50	600000000	6	-1	6000	6000
60010065	Eagle	60010	6000	27	50	600000000	6	-1	6000	6000
60100000	Deer	60100	-1	55	50	601000000	6	-1	-1	-1
60100009	Deer	60100	-1	55	50	-1	6	-1	-1	-1
60100010	Deer	60100	-1	55	50	601000000	6	-1	-1	-1
60100012	Deer	60100	-1	55	50	601000000	6	-1	-1	-1
60100020	Deer	60100	-1	55	50	601000000	6	-1	-1	-1
60100022	Deer	60100	-1	55	50	601000000	6	-1	-1	-1
60100030	Deer	60100	-1	55	50	601000000	6	-1	-1	-1
60100032	Deer	60100	-1	55	50	601000000	6	-1	-1	-1
60100033	Deer	60100	-1	55	50	601000000	6	-1	-1	-1
60100040	Deer	60100	-1	55	50	601000000	6	-1	-1	-1
60100042	Deer	60100	-1	55	50	601000000	6	-1	-1	-1
60100050	Deer	60100	-1	55	50	601000000	6	-1	-1	-1
60100052	Deer	60100	-1	55	50	601000000	6	-1	-1	-1
60100064	Deer	60100	-1	55	50	601000000	6	-1	-1	-1
60100065	Deer	60100	-1	55	50	601000000	6	-1	-1	-1
60100900	Deer	60100	-1	55	50	-1	5	-1	-1	-1
60100965	Deer	60100	-1	55	50	-1	5	-1	-1	-1
60101000	Deer	60100	-1	55	50	601000000	9	-1	-1	-1
60200000	NPC Param 60200000	60200	-1	116	50	-1	6	-1	8000	-1
60310000	Bear	60300	-1	681	50	603000000	6	6031	6030	6030
60310010	Bear	60300	-1	681	50	603000000	6	6031	6030	6030
60310012	Bear	60300	-1	681	50	603000000	6	6031	6030	6030
60310020	Bear	60300	-1	681	50	603000000	6	6031	6030	6030
60310022	Bear	60300	-1	681	50	603000000	6	6031	6030	6030
60310030	Bear	60300	-1	681	50	603000000	6	6031	6030	6030
60310032	Bear	60300	-1	681	50	603000000	6	6031	6030	6030
60310033	Bear	60300	-1	681	50	603000000	6	6031	6030	6030
60310042	Bear	60300	-1	681	50	603000000	6	6031	6030	6030
60310052	Bear	60300	-1	681	50	603000000	6	6031	6030	6030
60400000	Owl	60400	-1	27	50	604000000	6	-1	-1	-1
60400010	Owl	60400	-1	27	50	604000000	6	-1	-1	-1
60400012	Owl	60400	-1	27	50	604000000	6	-1	-1	-1
60400020	Owl	60400	-1	27	50	604000000	6	-1	-1	-1
60400022	Owl	60400	-1	27	50	604000000	6	-1	-1	-1
60400030	Owl	60400	-1	27	50	604000000	6	-1	-1	-1
60400032	Owl	60400	-1	27	50	604000000	6	-1	-1	-1
60400033	Owl	60400	-1	27	50	604000000	6	-1	-1	-1
60400050	Owl	60400	-1	27	50	604000000	6	-1	-1	-1
60500000	Boar	60500	-1	82	50	605000000	6	-1	-1	-1
60500010	Boar	60500	-1	82	50	605000000	6	-1	-1	-1
60500012	Boar	60500	-1	82	50	605000000	6	-1	-1	-1
60500020	Boar	60500	-1	82	50	605000000	6	-1	-1	-1
60500022	Boar	60500	-1	82	50	605000000	6	-1	-1	-1
60500030	Boar	60500	-1	82	50	605000000	6	-1	-1	-1
60500032	Boar	60500	-1	82	50	605000000	6	-1	-1	-1
60500050	Boar	60500	-1	82	50	605000000	6	-1	-1	-1
60500052	Boar	60500	-1	82	50	605000000	6	-1	-1	-1
60500064	Boar	60500	-1	82	50	605000000	6	-1	-1	-1
60500900	Boar	60500	-1	82	50	-1	5	-1	-1	-1
60500965	Boar	60500	-1	82	50	-1	5	-1	-1	-1
60501000	Boar	60500	-1	82	50	605000100	6	-1	-1	-1
60501010	Boar	60500	-1	82	50	605000100	6	-1	-1	-1
60501012	Boar	60500	-1	82	50	605000100	6	-1	-1	-1
60501030	Boar	60500	-1	82	50	605000100	6	-1	-1	-1
60501032	Boar	60500	-1	82	50	605000100	6	-1	-1	-1
60501042	Boar	60500	-1	82	50	605000100	6	-1	-1	-1
60501050	Boar	60500	-1	82	50	605000100	6	-1	-1	-1
60501052	Boar	60500	-1	82	50	605000100	6	-1	-1	-1
60600000	Goat	60600	-1	55	50	606000000	6	-1	-1	-1
60600010	Goat	60600	-1	55	50	606000000	6	-1	-1	-1
60600012	Goat	60600	-1	55	50	606000000	6	-1	-1	-1
60600020	Goat	60600	-1	55	50	606000000	6	-1	-1	-1
60600030	Goat	60600	-1	55	50	606000000	6	-1	-1	-1
60600032	Goat	60600	-1	55	50	606000000	6	-1	-1	-1
60600033	Goat	60600	-1	55	50	606000000	6	-1	-1	-1
60600040	Goat	60600	-1	55	50	606000000	6	-1	-1	-1
60600042	Goat	60600	-1	55	50	606000000	6	-1	-1	-1
60600050	Goat	60600	-1	55	50	606000000	6	-1	-1	-1
60600052	Goat	60600	-1	55	50	606000000	6	-1	-1	-1
60600064	Goat	60600	-1	55	50	606000000	6	-1	-1	-1
60600065	Goat	60600	-1	55	50	606000000	6	-1	-1	-1
60600900	Goat	60600	-1	55	50	-1	5	-1	-1	-1
60600965	Goat	60600	-1	55	50	-1	5	-1	-1	-1
60601000	Goat	60600	-1	55	50	606000100	6	-1	-1	-1
60601010	Goat	60600	-1	55	50	606000100	6	-1	-1	-1
60601012	Goat	60600	-1	55	50	606000100	6	-1	-1	-1
60601030	Goat	60600	-1	55	50	606000100	6	-1	-1	-1
60601032	Goat	60600	-1	55	50	606000100	6	-1	-1	-1
60601040	Goat	60600	-1	55	50	606000100	6	-1	-1	-1
60601042	Goat	60600	-1	55	50	606000100	6	-1	-1	-1
60601050	Goat	60600	-1	55	50	606000100	6	-1	-1	-1
60601052	Goat	60600	-1	55	50	606000100	6	-1	-1	-1
60602000	Goat	60600	-1	82	50	606000200	6	-1	-1	-1
60602010	Goat	60600	-1	82	50	606000200	6	-1	-1	-1
60602012	Goat	60600	-1	82	50	606000200	6	-1	-1	-1
60602030	Goat	60600	-1	82	50	606000200	6	-1	-1	-1
60602032	Goat	60600	-1	82	50	606000200	6	-1	-1	-1
60602042	Goat	60600	-1	82	50	606000200	6	-1	-1	-1
60602050	Goat	60600	-1	82	50	606000200	6	-1	-1	-1
60602052	Goat	60600	-1	82	50	606000200	6	-1	-1	-1
60603000	Goat	60600	-1	82	50	-1	6	-1	-1	-1
60603030	Goat	60600	-1	82	50	606000010	6	-1	-1	-1
60604000	Goat	60600	-1	82	50	-1	6	-1	-1	-1
60604030	Goat	60600	-1	82	50	606000110	6	-1	-1	-1
60605000	Goat	60600	-1	82	50	-1	6	-1	-1	-1
60605030	Goat	60600	-1	82	50	606000210	6	-1	-1	-1
60700000	Murre	60700	-1	27	50	607000000	6	-1	-1	-1
60700010	Murre	60700	-1	27	50	607000000	6	-1	-1	-1
60700012	Murre	60700	-1	27	50	607000000	6	-1	-1	-1
60700020	Murre	60700	-1	27	50	607000000	6	-1	-1	-1
60700022	Murre	60700	-1	27	50	607000000	6	-1	-1	-1
60700032	Murre	60700	-1	27	50	607000000	6	-1	-1	-1
60700040	Murre	60700	-1	27	50	607000000	6	-1	-1	-1
60700042	Murre	60700	-1	27	50	607000000	6	-1	-1	-1
60700050	Murre	60700	-1	27	50	607000000	6	-1	-1	-1
60700052	Murre	60700	-1	27	50	607000000	6	-1	-1	-1
60720000	Carrier Pigeon	60720	6071	27	50	607200000	6	-1	6071	6071
60720010	Carrier Pigeon	60720	6071	27	50	607200000	6	-1	6071	6071
60720020	Carrier Pigeon	60720	6071	27	50	607200000	6	-1	6071	6071
60720040	Carrier Pigeon	60720	6071	27	50	607200000	6	-1	6071	6071
60720042	Carrier Pigeon	60720	6071	27	50	607200000	6	-1	6071	6071
60720050	Carrier Pigeon	60720	6071	27	50	607200000	6	-1	6071	6071
60720052	Carrier Pigeon	60720	6071	27	50	607200000	6	-1	6071	6071
60720100	Carrier Pigeon	60720	6071	27	50	607200000	6	-1	6071	6071
60720120	Carrier Pigeon	60720	6071	27	50	607200000	6	-1	6071	6071
60720134	Carrier Pigeon (Leyndell)	60720	6071	27	50	607200000	6	-1	6071	6071
60800000	Dragonfly	60800	-1	17	50	608000000	6	-1	6080	-1
60800010	Dragonfly	60800	-1	17	50	608000000	6	-1	6080	-1
60800012	Dragonfly	60800	-1	17	50	608000000	6	-1	6080	-1
60800020	Dragonfly	60800	-1	17	50	608000000	6	-1	6080	-1
60800030	Dragonfly	60800	-1	17	50	608000000	6	-1	6080	-1
60800032	Dragonfly	60800	-1	17	50	608000000	6	-1	6080	-1
60800033	Dragonfly	60800	-1	17	50	608000000	6	-1	6080	-1
60800040	Dragonfly	60800	-1	17	50	608000000	6	-1	6080	-1
60800052	Dragonfly	60800	-1	17	50	608000000	6	-1	6080	-1
60800064	Dragonfly	60800	-1	17	50	608000000	6	-1	6080	-1
60810000	Yellow Dragonfly	60810	6080	17	50	608000100	6	-1	6080	6080
60810010	Yellow Dragonfly	60810	6080	17	50	608000100	6	-1	6080	6080
60810012	Yellow Dragonfly	60810	6080	17	50	608000100	6	-1	6080	6080
60810020	Yellow Dragonfly	60810	6080	17	50	608000100	6	-1	6080	6080
60810030	Yellow Dragonfly	60810	6080	17	50	608000100	6	-1	6080	6080
60810033	Yellow Dragonfly	60810	6080	17	50	608000100	6	-1	6080	6080
60810040	Yellow Dragonfly	60810	6080	17	50	608000100	6	-1	6080	6080
60810042	Yellow Dragonfly	60810	6080	17	50	608000100	6	-1	6080	6080
60810052	Yellow Dragonfly	60810	6080	17	50	608000100	6	-1	6080	6080
60820000	Great Dragonfly	60820	-1	17	50	608000100	6	-1	6080	6080
60820040	Great Dragonfly	60820	-1	17	50	608000100	6	-1	6080	6080
60900000	Turtle	60900	-1	378	50	609000000	6	-1	-1	-1
60900010	Turtle	60900	-1	378	50	609000000	6	-1	-1	-1
60900012	Turtle	60900	-1	378	50	609000000	6	-1	-1	-1
60900020	Turtle	60900	-1	378	50	609000000	6	-1	-1	-1
60900022	Turtle	60900	-1	378	50	609000000	6	-1	-1	-1
60900030	Turtle	60900	-1	378	50	609000000	6	-1	-1	-1
60900032	Turtle	60900	-1	378	50	609000000	6	-1	-1	-1
60900033	Turtle	60900	-1	378	50	609000000	6	-1	-1	-1
60900040	Turtle	60900	-1	378	50	609000000	6	-1	-1	-1
60900042	Turtle	60900	-1	378	50	609000000	6	-1	-1	-1
60900050	Turtle	60900	-1	378	50	609000000	6	-1	-1	-1
60900052	Turtle	60900	-1	378	50	609000000	6	-1	-1	-1
60900064	Turtle	60900	-1	378	50	609000000	6	-1	-1	-1
60910000	Miriel, Pastor of Vows	60900	-1	37818	50	-1	26	-1	6091	6090
60910020	Miriel, Pastor of Vows	60900	-1	37818	50	-1	26	-1	6091	6090
60911000	Miriel, Pastor of Vows	60900	-1	378	50	-1	6	-1	6091	6090
60911022	Miriel, Pastor of Vows	60900	-1	378	50	-1	6	-1	6091	6090
61000000	Springhare	61000	-1	27	50	610000000	6	-1	-1	-1
61000010	Springhare	61000	-1	27	50	610000000	6	-1	-1	-1
61000012	Springhare	61000	-1	27	50	610000000	6	-1	-1	-1
61000020	Springhare	61000	-1	27	50	610000000	6	-1	-1	-1
61000022	Springhare	61000	-1	27	50	610000000	6	-1	-1	-1
61000030	Springhare	61000	-1	27	50	610000000	6	-1	-1	-1
61000032	Springhare	61000	-1	27	50	610000000	6	-1	-1	-1
61000033	Springhare	61000	-1	27	50	610000000	6	-1	-1	-1
61000040	Springhare	61000	-1	27	50	610000000	6	-1	-1	-1
61000042	Springhare	61000	-1	27	50	610000000	6	-1	-1	-1
61000050	Springhare	61000	-1	27	50	610000000	6	-1	-1	-1
61000052	Springhare	61000	-1	27	50	610000000	6	-1	-1	-1
61000064	Springhare	61000	-1	27	50	610000000	6	-1	-1	-1
61000065	Springhare	61000	-1	27	50	610000000	6	-1	-1	-1
61000100	Springhare	61000	-1	27	50	610000000	6	-1	-1	-1
61000150	Springhare	61000	-1	27	50	610000000	6	-1	-1	-1
61000900	Springhare	61000	-1	27	50	-1	5	-1	-1	-1
61000965	Springhare	61000	-1	27	50	-1	5	-1	-1	-1
62000000	Scarab	62000	-1	213	50	-1	6	4190	4190	-1
62001000	Scarab	62000	-1	213	50	-1	6	4190	4190	-1
62002000	Scarab	62000	-1	213	50	-1	6	4190	4190	-1
62002100	Scarab	62000	-1	213	50	-1	6	4190	4190	-1
62002200	Scarab	62000	-1	99	50	-1	6	4190	4190	-1
62003000	Scarab	62000	-1	213	50	-1	6	4190	4190	-1
62003100	Scarab	62000	-1	213	50	-1	6	4190	4190	-1
62003200	Scarab	62000	-1	99	50	-1	6	4190	4190	-1
62004000	Scarab	62000	-1	213	50	-1	6	4190	4190	-1
62004100	Scarab	62000	-1	213	50	-1	6	4190	4190	-1
62004200	Scarab	62000	-1	99	50	-1	6	4190	4190	-1
62005000	Scarab	62000	-1	213	50	-1	6	4190	4190	-1
62005100	Scarab	62000	-1	213	50	-1	6	4190	4190	-1
62005200	Scarab	62000	-1	99	50	-1	6	4190	4190	-1
62010000	Scarab	62010	6200	154	50	-1	6	4191	4190	6200
62011000	Scarab	62010	6200	154	50	-1	6	4191	4190	6200
62012000	Scarab	62010	6200	154	50	-1	6	4191	4190	6200
62012090	Scarab	62010	6200	154	50	-1	6	4191	4190	6200
62012095	Scarab	62010	6200	154	50	-1	6	4191	4190	6200
62012100	Scarab	62010	6200	154	50	-1	6	4191	4190	6200
62012200	Scarab	62010	6200	41	50	-1	6	4191	4190	6200
62012290	Scarab	62010	6200	41	50	-1	6	4191	4190	6200
62013000	Scarab	62010	6200	154	50	-1	6	4191	4190	6200
62013090	Scarab	62010	6200	154	50	-1	6	4191	4190	6200
62013100	Scarab	62010	6200	154	50	-1	6	4191	4190	6200
62013200	Scarab	62010	6200	41	50	-1	6	4191	4190	6200
62014000	Scarab	62010	6200	154	50	-1	6	4191	4190	6200
62014090	Scarab	62010	6200	154	50	-1	6	4191	4190	6200
62014100	Scarab	62010	6200	154	50	-1	6	4191	4190	6200
62014200	Scarab	62010	6200	41	50	-1	6	4191	4190	6200
62015000	Scarab	62010	6200	154	50	-1	6	4191	4190	6200
62015090	Scarab	62010	6200	154	50	-1	6	4191	4190	6200
62015091	Scarab	62010	6200	154	50	-1	6	4191	4190	6200
62015095	Scarab	62010	6200	154	50	-1	6	4191	4190	6200
62015100	Scarab	62010	6200	154	50	-1	6	4191	4190	6200
62015200	Scarab	62010	6200	41	50	-1	6	4191	4190	6200
62020000	Scarab	62020	6200	271	50	-1	6	4192	4190	6200
62021000	Scarab	62020	6200	271	50	-1	6	4192	4190	6200
62022000	Scarab	62020	6200	271	50	-1	6	4192	4190	6200
62022200	Scarab	62020	6200	154	50	-1	6	4192	4190	6200
62023000	Scarab	62020	6200	271	50	-1	6	4192	4190	6200
62023200	Scarab	62020	6200	154	50	-1	6	4192	4190	6200
62024000	Scarab	62020	6200	271	50	-1	6	4192	4190	6200
62024200	Scarab	62020	6200	154	50	-1	6	4192	4190	6200
62025000	Scarab	62020	6200	271	50	-1	6	4192	4190	6200
62025200	Scarab	62020	6200	154	50	-1	6	4192	4190	6200
62100000	Albinauric Archer	62100	-1	487	50	621000000	6	-1	3170	-1
62100092	Albinauric Archer	62100	-1	487	50	621000700	6	-1	3170	-1
62109000	Albinauric Archer	62100	-1	487	50	-1	26	-1	3170	-1
62200000	Wolf	62200	-1	774	50	622000000	6	3181	3170	-1
62200092	Wolf	62200	-1	774	50	622000000	6	3181	3170	-1
62210000	Wolf	62210	-1	973	50	622100000	6	3181	3181	-1
62211000	Wolf	62210	-1	973	50	622100000	6	3181	3181	-1
62310000	Perfumer	62300	-1	184	90	623100000	6	-1	3700	6230
62310081	Perfumer	62300	-1	184	90	623100000	6	-1	3700	6230
62310090	Perfumer	62300	-1	184	90	623100000	6	-1	3700	6230
62310098	Perfumer	62300	-1	184	90	623100000	6	-1	3700	6230
62310190	Perfumer	62300	-1	184	90	-1	48	-1	3700	6230
62311000	Perfumer	62300	-1	184	90	623100100	6	-1	3700	6230
62311081	Perfumer	62300	-1	184	90	623100100	6	-1	3700	6230
62311090	Perfumer	62300	-1	184	90	623100100	6	-1	3700	6230
62311098	Perfumer	62300	-1	184	90	623100100	6	-1	3700	6230
62322000	Glintstone Sorcerer	62320	-1	267	50	623200000	6	-1	3700	6230
62322082	Glintstone Sorcerer	62320	-1	267	50	623200000	6	-1	3700	6230
62330000	Page	62330	-1	353	50	623300000	6	-1	3700	6230
62330082	Page	62330	-1	353	50	623300000	6	-1	3700	6230
62331000	Page	62330	-1	582	50	623300100	6	-1	3700	6230
62400000	NPC Param 62400000	62400	-1	187	50	-1	6	-1	2150	-1
62400083	NPC Param 62400083	62400	-1	187	50	-1	6	-1	2150	-1
62400300	NPC Param 62400300	62400	-1	187	50	-1	6	-1	2150	-1
62400400	NPC Param 62400400	62400	-1	187	50	-1	6	-1	2150	-1
62400500	NPC Param 62400500	62400	-1	187	50	-1	6	-1	2150	-1
62400600	NPC Param 62400600	62400	-1	187	50	-1	6	-1	2150	-1
62510000	Tree Sentinel	62510	-1	1745	50	625100000	7	3251	3251	-1
62510093	Tree Sentinel (Hinterland Boss)	62510	-1	1745	50	-1	50	3251	3251	-1
62511000	Tree Sentinel	62510	-1	1454	50	625100100	7	3251	3251	-1
62511093	Tree Sentinel - Torch (Hinterland Boss)	62510	-1	1454	50	-1	33	3251	3251	-1
62600000	Death Rite Bird	62600	-1	2079	50	626000000	7	4980	4980	-1
62601000	Death Rite Bird	62600	-1	2447	50	626000100	7	4980	4980	-1
62601084	Death Rite Bird (Charo's Hidden Grave Boss)	62600	-1	2447	50	-1	7	4980	4980	-1
62700000	Royal Revenant	62700	-1	679	50	627000000	6	4020	4020	-1
62700003	Royal Revenant	62700	-1	679	50	627000000	6	4020	4020	-1
62700084	Royal Revenant	62700	-1	679	50	-1	6	4020	4020	-1
62700100	Royal Revenant	62700	-1	679	50	627000100	24	4020	4020	-1
62708000	Royal Revenant	62700	-1	679	50	-1	6	4020	4020	-1
62708100	Royal Revenant	62700	-1	679	50	-1	6	4020	4020	-1
62708200	Royal Revenant	62700	-1	679	50	-1	6	4020	4020	-1
62708300	Royal Revenant	62700	-1	679	50	-1	6	4020	4020	-1
62708400	Royal Revenant	62700	-1	679	50	-1	6	4020	4020	-1
62900000	Misbegotten	62900	-1	192	50	629000000	6	-1	3450	-1
62900090	Misbegotten	62900	-1	192	50	629000000	6	-1	3450	-1
62900095	Misbegotten	62900	-1	192	50	629000000	6	-1	3450	-1
62900100	Misbegotten	62900	-1	192	50	629000010	24	-1	3450	-1
62900200	Misbegotten	62900	-1	192	50	629000020	48	-1	3450	-1
62900290	Misbegotten	62900	-1	192	50	629000020	48	-1	3450	-1
62901000	Misbegotten	62900	-1	192	50	629000100	6	-1	3450	-1
62901090	Misbegotten	62900	-1	192	50	629000100	6	-1	3450	-1
62901095	Misbegotten	62900	-1	192	50	629000100	6	-1	3450	-1
62901100	Misbegotten	62900	-1	192	50	629000110	24	-1	3450	-1
62902000	Misbegotten	62900	-1	192	50	629000120	6	-1	3450	-1
62902090	Misbegotten	62900	-1	192	50	629000120	6	-1	3450	-1
62902100	Misbegotten	62900	-1	192	50	629000130	24	-1	3450	-1
62909000	Misbegotten	62900	-1	192	50	-1	26	-1	3450	-1
62909100	Misbegotten	62900	-1	192	50	-1	26	-1	3450	-1
62910000	Scaly Misbegotten	62910	-1	531	50	629100000	6	-1	3450	6290
62910090	Scaly Misbegotten	62910	-1	531	50	629100000	6	-1	3450	6290
62910095	Scaly Misbegotten	62910	-1	531	50	629100000	6	-1	3450	6290
62910100	Scaly Misbegotten	62910	-1	531	50	-1	26	-1	3450	6290
62910200	Scaly Misbegotten	62910	-1	531	50	629100100	24	-1	3450	6290
62919000	Scaly Misbegotten	62910	-1	531	50	-1	26	-1	3450	6290
63000000	Snail (Base)	63000	-1	126	50	630000000	6	-1	4140	-1
63000094	Snail (Rauh Base)	63000	-1	126	50	630000000	6	-1	4140	-1
63001000	Snail	63000	-1	190	50	630000100	6	-1	4140	-1
63002000	Snail	63000	-1	190	50	630000200	6	-1	4140	-1
63002100	Snail	63000	-1	190	50	630000200	6	-1	4140	-1
63003000	Snail	63000	-1	190	50	630000300	6	-1	4140	-1
63004000	Snail	63000	-1	126	50	630000400	6	-1	4140	-1
63009000	Snail	63000	-1	1070	50	-1	6	-1	4140	-1
63100000	Fallingstar Beast (Base)	63100	-1	3154	50	-1	7	4680	4680	-1
63101000	Fallingstar Beast	63100	-1	1893	50	-1	7	4680	4680	-1
63101093	Fallingstar Beast (Scaduview) - Hinterland [Boss]	63100	-1	1893	50	-1	7	4680	4680	-1
63202000	Wandering Noble (Base)	63200	-1	85	50	632000000	6	-1	4300	-1
63202009	Wandering Noble	63200	-1	85	50	-1	6	-1	4300	-1
63202082	Wandering Noble (Gravesite Plain) - Castle Ensis	63200	-1	85	50	632000000	6	-1	4300	-1
63202200	Wandering Noble	63200	-1	85	50	632000000	6	-1	4300	-1
63202300	Wandering Noble	63200	-1	85	50	632000010	6	-1	4300	-1
63202382	Wandering Noble (Gravesite Plain) - Castle Ensis	63200	-1	85	50	632000010	6	-1	4300	-1
63202400	Wandering Noble	63200	-1	85	50	-1	6	-1	4300	-1
63202800	Wandering Noble	63200	-1	85	50	-1	6	-1	4300	-1
63202900	Wandering Noble	63200	-1	85	50	-1	6	-1	4300	-1
63207100	Wandering Noble	63200	-1	85	50	632000100	0	-1	-1	-1
63207180	Wandering Noble (Gravesite Plain) - Dragon Lake	63200	-1	85	50	632000100	0	-1	-1	-1
63207185	Wandering Noble (Jagged Peak)	63200	-1	85	50	632000100	0	-1	-1	-1
63207190	Wandering Noble	63200	-1	85	50	632000100	0	-1	-1	-1
63207195	Wandering Noble (Rauh Base)	63200	-1	85	50	632000100	0	-1	-1	-1
70000000	Fallen Hawks Soldier (Base)	70000	-1	115	50	-1	6	-1	-1	-1
70000065	Fallen Hawks Soldier (Siofra River/Nokron)	70000	-1	115	50	700000000	6	-1	-1	-1
70000100	Fallen Hawks Soldier	70000	-1	115	50	-1	6	-1	-1	-1
70001000	Fallen Hawks Soldier	70000	-1	147	160	-1	6	-1	-1	-1
70001065	Fallen Hawks Soldier (Siofra River/Nokron)	70000	-1	147	160	700000100	6	-1	-1	-1
70002000	Fallen Hawks Soldier	70000	-1	115	50	-1	6	-1	-1	-1
70002065	Fallen Hawks Soldier (Siofra River/Nokron)	70000	-1	115	50	700000200	6	-1	-1	-1
70003000	Fallen Hawks Soldier	70000	-1	115	50	-1	6	-1	-1	-1
70003100	Fallen Hawks Soldier	70000	-1	115	50	-1	6	-1	-1	-1
70003165	Fallen Hawks Soldier (Siofra River/Nokron)	70000	-1	115	50	700000300	6	-1	-1	-1
71000000	Ancient Hero of Zamor (Base)	71000	-1	1418	50	-1	6	7100	-1	-1
71000012	Ancient Hero of Zamor (Weeping Peninsula) - Weeping Evergaol [Boss]	71000	-1	1418	50	-1	6	7100	-1	-1
71000030	Ancient Hero of Zamor (Altus Plateau) - Sainted Hero's Grave [Boss]	71000	-1	1418	50	-1	6	7100	-1	-1
71000050	Ancient Hero of Zamor	71000	-1	1418	50	710000000	6	7100	-1	-1
71000100	Ancient Hero of Zamor	71000	-1	851	50	-1	6	7100	-1	-1
71000150	Ancient Hero of Zamor (Mountaintops of the Giants) - Zamor Ruins	71000	-1	851	50	710000100	6	7100	-1	-1
71000950	Ancient Hero of Zamor (Mountaintops of the Giants) - Giant-Conquering Hero's Grave [Boss]	71000	-1	1418	50	-1	6	7100	-1	-1
80000000	Torrent	80000	-1	1939	50	-1	10	-1	8000	-1
81000000	Ballista (Base)	81000	8000	679	50	-1	30	-1	8100	-1
81000010	Ballista (Limgrave) - Fort Haight	81000	8000	679	50	-1	30	-1	8100	-1
81000012	Ballista (Weeping Peninsula) - Tower of Return / Forest Lookout Tower	81000	8000	679	50	-1	30	-1	8100	-1
81000014	Ballista (Stormveil Castle)	81000	8000	679	50	-1	30	-1	8100	-1
81000030	Ballista (Altus Plateau)	81000	8000	679	50	-1	30	-1	8100	-1
81000041	Ballista (Caelid) - Redmane Castle	81000	8000	679	50	-1	30	-1	8100	-1
81000051	Ballista (Mountaintops of the Giants) - Castle Sol	81000	8000	679	50	-1	30	-1	8100	-1
81000056	Ballista (Miquella's Haligtree)	81000	8000	679	50	-1	30	-1	8100	-1
81010000	Trebuchet (Base)	81010	8000	679	50	-1	30	-1	8100	-1
81010010	Trebuchet (Limgrave) - Stormhill	81010	8000	679	50	-1	30	-1	8100	-1
81010012	Trebuchet (Weeping Peninsula) - Bridge of Sacrifice	81010	8000	679	50	-1	30	-1	8100	-1
81010030	Trebuchet (Altus Plateau) - Altus Highway	81010	8000	679	50	-1	30	-1	8100	-1
81010041	Trebuchet (Caelid) - Redmane Castle	81010	8000	679	50	-1	30	-1	8100	-1
81010050	Trebuchet	81010	8000	679	50	-1	30	-1	8100	-1
81100000	Dragon-faced Flamethrower (Base)	81100	8000	441	50	-1	30	-1	8100	-1
81100014	Dragon-Faced Flamethrower (Stormveil Castle)	81100	8000	441	50	-1	30	-1	8100	-1
81100020	Dragon-Faced Flamethrower (Liurnia) - Gate Town	81100	8000	441	50	-1	30	-1	8100	-1
81100041	Dragon-Faced Flamethrower (Caelid) - Redmane Castle	81100	8000	441	50	-1	30	-1	8100	-1
81100050	Dragon-faced Flamethrower	81100	8000	441	50	-1	30	-1	8100	-1
81200000	Merciless Chariot (Base)	81200	-1	0	50	-1	30	-1	-1	-1
81200007	Merciless Chariot (Limgrave) - Fringefolk Hero's Grave	81200	-1	0	50	-1	30	-1	-1	-1
81200032	Merciless Chariot (Mt. Gelmer) - Gelmir Hero's Grave / Auriza Hero's Grave	81200	-1	0	50	-1	30	-1	-1	-1
81200033	Merciless Chariot	81200	-1	0	50	-1	30	-1	-1	-1
81200132	Merciless Chariot (Mt. Gelmer) - Gelmir Hero's Grave	81200	-1	0	50	-1	30	-1	-1	-1
89010000	Beast Clergyman / Maliketh- the Black Blade	21100	2110	2444	50	-1	6	2110	-1	-1
89990000	NPC Param 89990000	0	-1	291	100	-1	6	-1	-1	-1
90000000	NPC Param 90000000	0	-1	1939	100	-1	0	-1	-1	-1
90000100	NPC Param 90000100	0	-1	1939	100	-1	0	-1	-1	-1
90000200	NPC Param 90000200	0	-1	1939	100	-1	0	-1	-1	-1
90010000	Human	0	-1	0	0	-1	26	-1	-1	-1
90010010	NPC Param 90010010	71000	-1	1386	50	710000000	6	-1	-1	-1
90010020	NPC Param 90010020	32000	-1	776	55	32000000	26	-1	-1	-1
90010030	NPC Param 90010030	43100	-1	194	90	431000000	6	-1	-1	-1
90010031	NPC Param 90010031	43100	-1	194	90	431000000	6	-1	-1	-1
90010040	NPC Param 90010040	41000	-1	107	10	410000000	24	-1	-1	-1
90010041	NPC Param 90010041	41100	-1	77	10	411000000	24	-1	4100	-1
90020000	NPC Param 90020000	44200	-1	970	50	442000000	7	-1	-1	-1
90080000	NPC Param 90080000	43000	-1	68	50	-1	6	-1	4300	-1
90081000	NPC Param 90081000	43000	-1	68	50	-1	6	-1	4300	-1
90082000	NPC Param 90082000	43000	-1	68	50	-1	6	-1	4300	-1
90083000	NPC Param 90083000	43000	-1	68	50	-1	6	-1	4300	-1
90084000	NPC Param 90084000	43000	-1	68	50	43004000	6	-1	4300	-1
90090000	NPC Param 90090000	90090	8000	291	50	-1	30	-1	-1	-1
90510000	NPC Param 90510000	40500	-1	233	50	-1	8	-1	4050	4050
92200100	NPC Param 92200100	40500	-1	70	50	-1	6	-1	-1	-1
95000100	NPC Param 95000100	11000	-1	99999	91	-1	6	-1	-1	-1
95001000	NPC Param 95001000	11000	-1	1784	91	-1	6	-1	-1	-1
95010000	NPC Param 95010000	11000	-1	1784	91	-1	6	-1	-1	-1
95020000	NPC Param 95020000	11000	-1	3316	91	-1	6	-1	-1	-1
95021000	NPC Param 95021000	11000	-1	3316	91	-1	6	-1	-1	-1
95022000	NPC Param 95022000	11000	-1	3316	91	-1	6	-1	-1	-1
95023000	NPC Param 95023000	11000	-1	3316	91	-1	6	-1	-1	-1
95024000	NPC Param 95024000	11000	-1	3316	91	-1	6	-1	-1	-1
95025000	NPC Param 95025000	11000	-1	3316	91	-1	6	-1	-1	-1
95026000	NPC Param 95026000	11000	-1	3316	91	-1	6	-1	-1	-1
95027000	NPC Param 95027000	11000	-1	3316	91	-1	6	-1	-1	-1
95028000	NPC Param 95028000	11000	-1	3316	91	-1	6	-1	-1	-1
95029000	NPC Param 95029000	11000	-1	3316	91	-1	6	-1	-1	-1
95030000	NPC Param 95030000	11000	-1	3316	91	-1	6	-1	-1	-1
95031000	NPC Param 95031000	11000	-1	3316	91	-1	6	-1	-1	-1
95032000	NPC Param 95032000	11000	-1	3316	91	-1	6	-1	-1	-1
95033000	NPC Param 95033000	11000	-1	3316	91	-1	6	-1	-1	-1
95034000	NPC Param 95034000	11000	-1	3316	91	-1	6	-1	-1	-1
95090000	NPC Param 95090000	11000	-1	99999	91	-1	6	-1	-1	-1
95091000	NPC Param 95091000	11000	-1	99999	91	-1	6	-1	-1	-1
100000000	NPC Param 100000000	40500	-1	1551	50	-1	47	-1	-1	-1
100000010	[Spirit Summon] Mimic Tear	10000	-1	1037	100	-1	47	-1	-1	-1
100000020	[Spirit Summon] Nepheli Loux Puppet	10000	-1	1037	100	-1	47	-1	-1	-1
100000030	[Spirit Summon] Dung Eater Puppet	10000	-1	1037	100	-1	47	-1	-1	-1
100000040	[Spirit Summon] Finger Maiden Therolina Puppet	10000	-1	1037	100	-1	47	-1	-1	-1
100000050	[Spirit Summon] Dolores the Sleeping Arrow	10000	-1	1037	100	-1	47	-1	-1	-1
100000060	[Spirit Summon] Jarwight Puppet	10000	-1	1037	100	-1	47	-1	-1	-1
121000000	[Spirit Summon] Black Knife Tiche	21000	-1	876	50	-1	47	-1	2100	-1
130101000	[Spirit Summon] Banished Knight Oleg	30100	-1	1238	100	-1	47	-1	3010	-1
130102000	[Spirit Summon] Banished Knight Engvall	30100	-1	1238	100	-1	47	-1	3010	-1
130801100	[Spirit Summon] Fanged Imps	30800	-1	449	50	-1	47	-1	3080	-1
131700000	[Spirit Summon] Latenna the Albinauric	31700	-1	390	50	-1	47	-1	3170	-1
132010000	[Spirit Summon] Nomad	32000	-1	359	50	-1	47	-1	3200	-1
133001000	[Spirit Summon] Nightmaiden	33100	-1	838	200	-1	47	-1	3300	-1
133002000	[Spirit Summon] Swordstress	33100	-1	838	200	-1	47	-1	3300	-1
133201000	[Spirit Summon] Mimic Tear - Blob	33200	-1	1052	300	-1	47	-1	3320	-1
133500000	[Spirit Summon] Crystalian	33500	-1	933	50	-1	47	-1	3350	-1
133600500	[Spirit Summon] Ancestral Follower	33600	-1	1070	50	-1	47	-1	3360	-1
134502000	[Spirit Summon] Winged Misbegotten	34500	-1	646	50	-1	47	-1	3450	-1
134701300	[Spirit Summon] Albinauric Ashes	34700	-1	922	90	-1	47	-1	3470	-1
135000000	[Spirit Summon] Skeletal Militiaman	35000	-1	365	50	-1	47	-1	3500	-1
135004000	[Spirit Summon] Skeletal Bandit	35000	-1	563	50	-1	47	-1	3500	-1
136100000	[Spirit Summon] Oracle Envoy	36100	-1	570	50	-1	47	-1	3610	-1
136610000	[Spirit Summon] Putrid Corpse	36610	-1	1631	50	-1	47	-1	3661	3660
137000000	[Spirit Summon] Depraved Perfumer	37000	-1	973	50	-1	47	-1	3700	-1
137011000	[Spirit Summon] Perfumer Tricia	37000	-1	518	90	-1	47	-1	3700	3700
137021000	[Spirit Summon] Glintstone Sorcerer Scholar	37020	-1	781	50	-1	47	-1	3700	3700
137023000	[Spirit Summon] Twinsage Sorcerer	37020	-1	852	50	-1	47	-1	3700	3700
137030000	[Spirit Summon] Page	37030	-1	973	50	-1	47	-1	3700	3700
137040000	[Spirit Summon] Battlemage Hugues	37040	-1	1165	50	-1	47	3704	3700	3700
137502000	[Spirit Summon] Clayman	37500	-1	501	50	-1	47	-1	3750	-1
138001000	[Spirit Summon] Cleanrot Knight Finlay	38000	-1	876	200	-1	47	-1	3800	-1
138100000	[Spirit Summon] Kindred of Rot	38100	-1	1133	50	-1	47	3810	3810	-1
138500000	[Spirit Summon] Marionette Soldier	38500	-1	563	50	-1	47	-1	3850	-1
138601100	[Spirit Summon] Avionette Soldier	38600	-1	646	50	-1	47	-1	3860	-1
139000000	[Spirit Summon] Fire Monk	39000	-1	1306	50	-1	47	-1	3900	-1
139011000	[Spirit Summon] Blackflame Monk	39010	-1	1158	50	-1	47	-1	3900	3900
139501000	[Spirit Summon] Man-Serpent	39500	-1	1037	50	-1	47	-1	3950	-1
139701100	[Spirit Summon] Azula Beastman	39700	-1	646	100	-1	47	-1	3970	-1
140500000	[Spirit Summon] Kaiden Sellsword	40500	-1	1037	55	-1	47	-1	4050	-1
140700000	[Spirit Summon] Lone Wolf	40700	-1	500	50	-1	47	-1	4070	-1
140800000	[Spirit Summon] Giant Rat	40800	-1	429	50	-1	47	4080	4090	-1
141000000	[Spirit Summon] Demi-Human 1	41000	-1	500	10	-1	47	-1	4100	-1
141001000	[Spirit Summon] Demi-Human 2	41000	-1	500	50	-1	47	-1	4100	-1
141002000	[Spirit Summon] Demi-Human 3	41000	-1	500	50	-1	47	-1	4100	-1
141010000	[Spirit Summon] Demi-Human 4	41010	4100	711	50	-1	47	-1	4100	4100
141100000	[Spirit Summon] Demi-Human 5	41100	-1	429	50	-1	47	-1	4100	-1
141660000	[Spirit Summon] Rotten Dog	41600	-1	781	50	-1	47	-1	4160	4160
141800000	[Spirit Summon] Spirit Jellyfish	41800	-1	909	50	-1	47	-1	4180	-1
142100100	[Spirit Summon] Warhawk	42100	-1	993	50	-1	47	-1	4210	-1
142102000	[Spirit Summon] Stormhawk	42100	-1	711	50	-1	47	-1	4210	-1
142900000	[Spirit Summon] Bloodhound Knight Floh	42900	-1	657	50	-1	47	-1	4290	-1
143000000	[Spirit Summon] Wandering Noble 1	43000	-1	429	50	-1	47	-1	4300	-1
143000200	[Spirit Summon] Wandering Noble 2	43000	-1	429	50	-1	47	-1	4300	-1
143001000	[Spirit Summon] Wandering Noble 3	43000	-1	429	50	-1	47	-1	4300	-1
143002000	[Spirit Summon] Noble Sorcerer	43000	-1	711	50	-1	47	-1	4300	-1
143005000	[Spirit Summon] Wandering Noble 4	43000	-1	429	50	-1	47	-1	4300	-1
143005100	[Spirit Summon] Wandering Noble 5	43000	-1	429	50	-1	47	-1	4300	-1
143111300	[Spirit Summon] Godrick Soldier 1	43100	4310	710	90	-1	47	-1	4310	4310
143112000	[Spirit Summon] Godrick Soldier 2	43100	4310	710	90	-1	47	-1	4310	4310
143122000	[Spirit Summon] Raya Lucaria Soldier 1	43100	4310	582	90	-1	47	-1	4310	4310
143133000	[Spirit Summon] Leyndell Soldier	43100	4310	774	90	-1	47	-1	4310	4310
143140100	[Spirit Summon] Radahn Soldier 1	43100	4310	646	90	-1	47	-1	4310	4310
143142000	[Spirit Summon] Radahn Soldier 2	43100	4310	646	90	-1	47	-1	4310	4310
143150000	[Spirit Summon] Mausoleum Soldier 1	43100	4310	326	90	-1	47	-1	4310	4310
143151000	[Spirit Summon] Mausoleum Soldier 2	43100	4310	326	90	-1	47	-1	4310	4310
143152000	[Spirit Summon] Mausoleum Soldier 3	43100	4310	326	90	-1	47	-1	4310	4310
143210000	[Spirit Summon] Vulgar Militia	43210	-1	518	50	-1	47	4320	4320	4320
143410000	[Spirit Summon] Mad Pumpkin Head	43410	4340	1229	50	-1	47	-1	4340	4340
143531000	[Spirit Summon] Ancient Dragon Knight Kristoff	43500	4350	1440	120	-1	47	-1	4350	4350
143542000	[Spirit Summon] Redmane Knight Ogha	43500	4350	1187	120	-1	47	-1	4350	4350
143551000	[Spirit Summon] Lhutel the Headless	43500	4350	829	120	-1	47	-1	4350	4350
143720500	[Spirit Summon] Raya Lucaria Foot Soldier 2	43700	4370	582	50	-1	47	-1	4370	4370
143722500	[Spirit Summon] Raya Lucaria Foot Soldier 3	43700	4370	582	50	-1	47	-1	4370	4370
143760500	[Spirit Summon] Haligtree Foot Soldier	43700	4370	646	50	-1	47	-1	4370	4370
143762500	[Spirit Summon] Haligtree Foot Soldier	43700	4370	646	50	-1	47	-1	4370	4370
144400000	[Spirit Summon] Land Squirt	44400	-1	1070	50	-1	47	-1	4400	-1
144810000	[Spirit Summon] Miranda Sprout	44810	4480	500	50	-1	47	-1	4480	-1
144910200	[Spirit Summon] Soldjars of Fortune	44910	4490	507	50	-1	47	-1	4490	4490
148200000	[Spirit Summon] Omenkiller	48200	-1	1037	50	-1	47	4820	4820	-1
150000000	[Spirit Summon] Ancient Dragon Florissax	10000	-1	1037	100	-1	47	-1	-1	-1
150000001	NPC Param 150000001	10000	-1	1037	100	-1	47	-1	-1	-1
150000002	[Spirit Summon] Fire Knight Queelign	10000	-1	1376	100	-1	47	-1	-1	-1
150000003	[Spirit Summon] Swordhand of Night Jolan	10000	-1	1037	100	-1	47	-1	-1	-1
150000004	[Spirit Summon] Jolan and Anna	10000	-1	1037	100	-1	47	-1	-1	-1
150000005	[Spirit Summon] Jolan and Anna	10000	-1	1037	100	-1	47	-1	-1	-1
150000006	NPC Param 150000006	35000	-1	710	50	-1	47	-1	-1	-1
150000007	NPC Param 150000007	35000	-1	774	50	-1	47	-1	-1	-1
150000008	NPC Param 150000008	35000	-1	973	50	-1	47	-1	-1	-1
150000009	NPC Param 150000009	35000	-1	1165	50	-1	47	-1	-1	-1
150000010	NPC Param 150000010	35000	-1	557	50	-1	47	-1	-1	-1
150000011	NPC Param 150000011	35000	-1	973	50	-1	47	-1	-1	-1
150000012	NPC Param 150000012	35000	-1	973	50	-1	47	-1	-1	-1
150400000	[Spirit Summon] Curseblade Meera	50400	-1	1037	150	-1	47	-1	5040	-1
150800000	[Spirit Summon] Bloodfiend Hexer	50800	-1	973	50	-1	47	-1	5080	-1
150900000	[Spirit Summon] Gravebird	50900	-1	812	150	-1	47	5090	5090	-1
151600000	[Spirit Summon] Fire Knight Hilde	51600	-1	1238	150	-1	47	-1	5160	-1
151940000	[Spirit Summon] Spider Scorpion	51900	-1	991	50	-1	47	-1	5190	5190
152500000	[Spirit Summon] Divine Bird Warrior Ornis	52500	-1	894	150	-1	47	-1	5250	-1
152501000	[Spirit Summon] Horned Warrior	52500	-1	857	150	-1	47	-1	5250	-1
152610000	[Spirit Summon] Golem Smith	52600	-1	392	50	-1	47	-1	5260	5260
153110000	[Spirit Summon] Inquisitor 1	53100	5310	639	120	-1	47	-1	5310	5310
153110100	[Spirit Summon] Inquisitor 2	53100	5310	582	120	-1	47	-1	5310	5310
155600000	[Spirit Summon] Fingercreeper	55600	5550	687	50	-1	47	5560	4240	5550
158100000	[Spirit Summon] Demi-Human Swordsman Yosh	58100	-1	1070	50	-1	47	-1	5810	-1
158300000	[Spirit Summon] Messmer Soldier 1	58300	-1	902	90	-1	47	-1	5830	-1
158301000	[Spirit Summon] Messmer Soldier 2	58300	-1	902	90	-1	47	-1	5830	-1
158400000	[Spirit Summon] Black Knight Commander	58400	4350	1238	120	-1	47	-1	5840	-1
158400500	[Spirit Summon] Black Knight Captain Huw	58400	4350	1238	120	-1	47	-1	5840	-1
158700000	[Spirit Summon] Bigmouth Imp	58700	-1	582	50	-1	47	-1	3080	-1
159000000	[Spirit Summon] Man-Fly 1/2	59000	-1	409	120	-1	47	-1	5900	-1
159000100	[Spirit Summon] Man-Fly 3	59000	-1	409	120	-1	47	-1	5900	-1
170001000	[Spirit Summon] Fallen Hawks Greatshield Soldier	70000	-1	390	160	-1	47	-1	7000	-1
170002000	[Spirit Summon] Fallen Hawks Archer	70000	-1	454	50	-1	47	-1	7000	-1
199999999	NPC Param 199999999	40500	-1	1551	50	-1	47	-1	-1	-1
500000000	NPC Param 500000000	0	-1	1939	50	-1	0	-1	-1	-1
500000006	NPC Param 500000006	0	-1	1939	50	-1	0	-1	-1	-1
500000010	Stormhill Colosseum Silent Spirit	0	-1	1939	50	-1	0	-1	-1	-1
500000020	Caria Manor Silent Spirit	0	-1	1939	50	-1	0	-1	-1	-1
500000032	Stormhill Colosseum Silent Spirit	0	-1	1939	50	-1	0	-1	-1	-1
500000040	Stormhill Colosseum Silent Spirit	0	-1	1939	50	-1	0	-1	-1	-1
500000042	Dragonbarrow Silent Spirit	0	-1	1939	50	-1	0	-1	-1	-1
500000066	Stormhill Colosseum Silent Spirit	0	-1	1939	50	-1	0	-1	-1	-1
500001000	NPC Param 500001000	0	-1	1939	50	-1	0	-1	-1	-1
500010000	Smithing Table	0	-1	1939	50	-1	0	-1	-1	-1
500020079	Twin Maiden Husks	0	-1	1939	50	-1	0	-1	-1	-1
500030000	NPC Param 500030000	0	-1	1939	50	-1	0	-1	-1	-1
501060020	Ranni/Renna	0	-1	1939	50	-1	0	-1	-1	-1
501060024	Ranni/Renna	0	-1	1939	50	-1	0	-1	-1	-1
501060062	Ranni/Renna	0	-1	1939	50	-1	0	-1	-1	-1
501060078	Ranni/Renna	0	-1	1939	50	-1	0	-1	-1	-1
501060162	Ranni/Renna	0	-1	1939	50	-1	0	-1	-1	-1
501060262	Ranni/Renna	0	-1	1939	50	-1	0	-1	-1	-1
501060362	Ranni/Renna	0	-1	1939	50	-1	0	-1	-1	-1
501060462	Ranni/Renna	0	-1	1939	50	-1	0	-1	-1	-1
501120034	Talk Dummy	0	-1	1939	50	-1	0	-1	-1	-1
502010024	Rennala's Children	0	-1	1939	50	-1	0	-1	-1	-1
502160010	Blaidd	0	-1	1939	50	-1	0	-1	-1	-1
502160110	Blaidd	0	-1	1939	50	-1	0	-1	-1	-1
502160210	NPC Param 502160210	0	-1	1939	50	-1	0	-1	-1	-1
502160310	Blaidd	0	-1	1939	50	-1	0	-1	-1	-1
502180010	NPC Param 502180010	0	-1	1939	50	-1	0	-1	-1	-1
502180062	Asimi	0	-1	1939	50	-1	0	-1	-1	-1
502180064	Asimi	0	-1	1939	50	-1	0	-1	-1	-1
502180065	Asimi	0	-1	1939	50	-1	0	-1	-1	-1
502180164	Asimi	0	-1	1939	50	-1	0	-1	-1	-1
502180165	Asimi	0	-1	1939	50	-1	0	-1	-1	-1
502180264	Asimi	0	-1	1939	50	-1	0	-1	-1	-1
502180265	Asimi	0	-1	1939	50	-1	0	-1	-1	-1
502190020	NPC Param 502190020	0	-1	1939	50	-1	0	-1	-1	-1
502280050	Latenna	0	-1	1939	50	-1	0	-1	-1	-1
502280052	Latenna	0	-1	1939	50	-1	0	-1	-1	-1
503180010	Yura	0	-1	1939	50	-1	0	-1	-1	-1
503260034	Smithing Table	0	-1	1939	50	-1	0	-1	-1	-1
503260038	Sword of Bernahl	0	-1	1939	50	-1	0	-1	-1	-1
503300020	Basin of Atonement	0	-1	1939	50	-1	0	-1	-1	-1
503390079	Smithing Table	0	-1	1939	50	-1	0	-1	-1	-1
503490054	Smithing Table	0	-1	1939	50	-1	0	-1	-1	-1
504020088	NPC Param 504020088	0	-1	1939	50	-1	0	-1	-1	-1
504020188	NPC Param 504020188	0	-1	1939	50	-1	6	-1	-1	-1
504140098	NPC Param 504140098	0	-1	1939	50	-1	1	-1	-1	-1
504160099	NPC Param 504160099	0	-1	1939	50	-1	1	-1	-1	-1
504180089	NPC Param 504180089	0	-1	1939	50	-1	0	-1	-1	-1
506010010	Church of Dragon Communion	0	-1	1939	50	-1	0	-1	-1	-1
506010040	Cathedral of Dragon Communion	0	-1	1939	50	-1	0	-1	-1	-1
506030012	Wandering Mausoleum Corpse	0	-1	1939	50	-1	0	-1	-1	-1
506030020	Wandering Mausoleum Corpse	0	-1	1939	50	-1	0	-1	-1	-1
506030050	Wandering Mausoleum Corpse	0	-1	1939	50	-1	0	-1	-1	-1
506030052	Wandering Mausoleum Corpse	0	-1	1939	50	-1	0	-1	-1	-1
506030066	Wandering Mausoleum Corpse	0	-1	1939	50	-1	0	-1	-1	-1
506060020	NPC Param 506060020	0	-1	1939	50	-1	0	-1	-1	-1
506070078	Talk Dummy	0	-1	1939	50	-1	0	-1	-1	-1
506080079	Clouded Mirror Stand	0	-1	1939	50	-1	0	-1	-1	-1
506200034	NPC Param 506200034	0	-1	1939	50	-1	0	-1	-1	-1
506200070	NPC Param 506200070	0	-1	1939	50	-1	0	-1	-1	-1
506210010	NPC Param 506210010	0	-1	1939	50	-1	0	-1	-1	-1
506220040	NPC Param 506220040	0	-1	1939	50	-1	0	-1	-1	-1
506230079	NPC Param 506230079	0	-1	1939	50	-1	0	-1	-1	-1
506300084	Grand Altar of Dragon Communion	0	-1	1939	50	-1	0	-1	-1	-1
506310083	Wandering Mausoleum Corpse	0	-1	1939	50	-1	6	-1	-1	-1
506310090	Wandering Mausoleum Corpse	0	-1	1939	50	-1	6	-1	-1	-1
506310093	Wandering Mausoleum Corpse	0	-1	1939	50	-1	6	-1	-1	-1
520000000	Human	10000	-1	1551	100	-1	6	-1	-1	-1
520000001	NPC Param 520000001	10000	-1	1551	100	-1	6	-1	-1	-1
520000002	NPC Param 520000002	10000	-1	1551	100	-1	6	-1	-1	-1
520000003	NPC Param 520000003	10000	-1	1551	100	-1	6	-1	-1	-1
520000004	NPC Param 520000004	10000	-1	1551	100	-1	6	-1	-1	-1
520000005	NPC Param 520000005	10000	-1	1551	100	-1	6	-1	-1	-1
520000006	NPC Param 520000006	10000	-1	1551	100	-1	6	-1	-1	-1
520000007	NPC Param 520000007	10000	-1	1551	100	-1	6	-1	-1	-1
520000008	NPC Param 520000008	10000	-1	1551	100	-1	6	-1	-1	-1
520000009	NPC Param 520000009	10000	-1	1551	100	-1	6	-1	-1	-1
520000010	NPC Param 520000010	10000	-1	1551	100	-1	6	-1	-1	-1
520000011	NPC Param 520000011	10000	-1	1551	100	-1	6	-1	-1	-1
520000012	NPC Param 520000012	10000	-1	1551	100	-1	6	-1	-1	-1
520000013	NPC Param 520000013	10000	-1	1551	100	-1	6	-1	-1	-1
520000014	NPC Param 520000014	10000	-1	1551	100	-1	6	-1	-1	-1
520000015	NPC Param 520000015	10000	-1	1551	100	-1	6	-1	-1	-1
520000016	NPC Param 520000016	10000	-1	1551	100	-1	6	-1	-1	-1
520000017	NPC Param 520000017	10000	-1	1551	100	-1	6	-1	-1	-1
520000018	NPC Param 520000018	10000	-1	1551	100	-1	6	-1	-1	-1
520000019	NPC Param 520000019	10000	-1	1551	100	-1	6	-1	-1	-1
520000020	NPC Param 520000020	10000	-1	1551	100	-1	6	-1	-1	-1
520000021	NPC Param 520000021	10000	-1	1551	100	-1	6	-1	-1	-1
523000000	Tanith, Volcano Manor Proprietress	10000	-1	1551	100	-1	26	-1	-1	-1
523000038	Tanith, Volcano Manor Proprietress	10000	-1	1551	100	-1	0	-1	-1	-1
523000138	Tanith, Volcano Manor Proprietress	10000	-1	1551	100	-1	0	-1	-1	-1
523010000	White Mask Varré	10000	-1	1551	100	30100000	26	-1	-1	-1
523010010	White Mask Varré	10000	-1	1551	100	-1	26	-1	-1	-1
523010020	White Mask Varré	10000	-1	1551	100	-1	26	-1	-1	-1
523010068	White Mask Varré	10000	-1	1551	100	-1	27	-1	-1	-1
523010110	White Mask Varré	10000	-1	1551	100	-1	26	-1	-1	-1
523010168	White Mask Varré	10000	-1	1551	100	-1	26	-1	-1	-1
523020000	NPC Param 523020000	10000	-1	1551	100	-1	26	-1	-1	-1
523030000	Guilbert	10000	-1	1551	100	-1	26	-1	-1	-1
523040000	Festering Fingerprint Vyke	10000	-1	1551	100	-1	27	-1	-1	-1
523040020	Festering Fingerprint Vyke	10000	-1	1551	100	-1	27	-1	-1	-1
523040050	Roundtable Knight Vyke (Boss)	10000	-1	1551	100	-1	27	-1	-1	-1
523050000	NPC Param 523050000	10000	-1	1551	100	-1	26	-1	-1	-1
523060000	NPC Param 523060000	10000	-1	1551	100	-1	26	-1	-1	-1
523070000	Preceptor Seluvis	10000	-1	1551	100	-1	26	-1	-1	-1
523070020	Preceptor Seluvis	10000	-1	1551	100	-1	0	-1	-1	-1
523070120	Preceptor Seluvis	10000	-1	1551	100	-1	26	-1	-1	-1
523070220	Preceptor Seluvis	10000	-1	1551	100	-1	0	-1	-1	-1
523070320	Preceptor Seluvis	10000	-1	1551	100	-1	0	-1	-1	-1
523080000	NPC Param 523080000	10000	-1	1551	100	-1	26	-1	-1	-1
523090000	Patches	10000	-1	1551	100	-1	26	-1	-1	-1
523090010	Patches (Boss)	10000	-1	1551	100	-1	6	-1	-1	-1
523090020	Patches	10000	-1	1551	100	-1	26	-1	-1	-1
523090030	Patches	10000	-1	1551	100	-1	26	-1	-1	-1
523090032	Patches	10000	-1	1551	100	-1	26	-1	-1	-1
523090038	Patches	10000	-1	1551	100	-1	0	-1	-1	-1
523090110	Patches	10000	-1	1551	100	-1	26	-1	-1	-1
523090132	Patches	10000	-1	1551	100	-1	26	-1	-1	-1
523090210	Patches	10000	-1	1551	100	-1	26	-1	-1	-1
523090310	Patches	10000	-1	1551	100	-1	26	-1	-1	-1
523090410	Patches	10000	-1	1551	100	-1	26	-1	-1	-1
523100000	Irina of Morne	10000	-1	1551	100	-1	26	-1	-1	-1
523100010	Lightseeker Hyetta	10000	-1	1551	100	-1	26	-1	-1	-1
523100012	Irina of Morne	10000	-1	1551	100	-1	26	-1	-1	-1
523100020	Lightseeker Hyetta	10000	-1	1551	100	-1	26	-1	-1	-1
523100035	Finger Maiden Hyetta	10000	-1	1551	100	-1	0	-1	-1	-1
523100112	Irina of Morne	10000	-1	1551	100	-1	26	-1	-1	-1
523100120	Lightseeker Hyetta	10000	-1	1551	100	-1	26	-1	-1	-1
523100220	Lightseeker Hyetta	10000	-1	1551	100	-1	26	-1	-1	-1
523110000	Castellan Edgar	10000	-1	1551	100	-1	26	-1	-1	-1
523110012	Castellan Edgar	10000	-1	1551	100	-1	26	-1	-1	-1
523110020	Castellan Edgar	10000	-1	1551	100	-1	26	-1	-1	-1
523110112	Castellan Edgar	10000	-1	1551	100	-1	26	-1	-1	-1
523110120	Castellan Edgar	10000	-1	1551	100	-1	26	-1	-1	-1
523120000	Castellan Jerren	10000	-1	1551	100	-1	26	-1	-1	-1
523120012	Castellan Jerren	10000	-1	1551	100	-1	26	-1	-1	-1
523120024	Witch-Hunter Jerren	10000	-1	1551	100	-1	27	-1	-1	-1
523120040	Castellan Jerren	10000	-1	1551	100	-1	0	-1	-1	-1
523120124	Witch-Hunter Jerren	10000	-1	1551	100	-1	26	-1	-1	-1
523120140	Castellan Jerren	10000	-1	1551	100	-1	0	-1	-1	-1
523120240	Castellan Jerren	10000	-1	1551	100	-1	0	-1	-1	-1
523120340	Castellan Jerren	10000	-1	1551	100	-1	28	-1	-1	-1
523130000	Rya the Scout	10000	-1	1551	100	-1	26	-1	-1	-1
523130020	Rya the Scout	10000	-1	1551	100	-1	0	-1	-1	-1
523130030	Rya the Scout	10000	-1	1551	100	-1	0	-1	-1	-1
523130038	Rya the Scout	10000	-1	1551	100	-1	0	-1	-1	-1
523130130	Rya the Scout	10000	-1	1551	100	-1	0	-1	-1	-1
523130138	Zorayas the Scout	10000	-1	2	100	-1	26	-1	-1	-1
523140000	Knight Diallos	10000	-1	1551	100	-1	26	-1	-1	-1
523140020	Knight Diallos	10000	-1	1551	100	-1	26	-1	-1	-1
523140038	Knight Diallos	10000	-1	1551	100	-1	0	-1	-1	-1
523140079	Knight Diallos	10000	-1	1551	100	-1	0	-1	-1	-1
523140120	Potentate Diallos	10000	-1	1551	100	-1	26	-1	-1	-1
523140179	Knight Diallos	10000	-1	1551	100	-1	0	-1	-1	-1
523140220	Potentate Diallos	10000	-1	1551	100	-1	26	-1	-1	-1
523150000	NPC Param 523150000	10000	-1	1551	100	-1	26	-1	-1	-1
523150020	Human	10000	-1	1551	100	-1	26	-1	-1	-1
523160000	Sorceress Sellen	10000	-1	1551	100	-1	26	-1	-1	-1
523160010	Sorceress Sellen	10000	-1	1551	100	-1	26	-1	-1	-1
523160012	Sorceress Sellen	10000	-1	1551	100	-1	26	-1	-1	-1
523160020	Sorceress Sellen	10000	-1	1551	100	-1	26	-1	-1	-1
523160024	Sorceress Sellen	10000	-1	1551	100	-1	0	-1	-1	-1
523160124	Sorceress Sellen	10000	-1	1551	100	-1	27	-1	-1	-1
523170000	NPC Param 523170000	10000	-1	1551	100	-1	26	-1	-1	-1
523180000	Yura, Hunter of Bloody Fingers	10000	-1	1551	100	31800000	26	-1	-1	-1
523180010	Yura, Hunter of Bloody Fingers	10000	-1	1551	100	-1	26	-1	-1	-1
523180020	Yura, Hunter of Bloody Fingers	10000	-1	1551	100	-1	26	-1	-1	-1
523180030	Yura, Hunter of Bloody Fingers	10000	-1	1551	100	-1	26	-1	-1	-1
523180050	Shabriri	10000	-1	1551	100	-1	26	-1	-1	-1
523180079	Yura, Hunter of Bloody Fingers	10000	-1	1551	100	-1	0	-1	-1	-1
523180110	Yura, Hunter of Bloody Fingers	10000	-1	1551	100	-1	26	-1	-1	-1
523180130	Yura, Hunter of Bloody Fingers	10000	-1	1551	100	-1	26	-1	-1	-1
523180210	Yura, Hunter of Bloody Fingers	10000	-1	1551	100	-1	26	-1	-1	-1
523180230	Yura, Hunter of Bloody Fingers	10000	-1	1551	100	-1	26	-1	-1	-1
523180330	Yura, Hunter of Bloody Fingers	10000	-1	2	100	-1	26	-1	-1	-1
523190000	D, Hunter of the Dead	10000	-1	1551	100	-1	26	-1	-1	-1
523190010	D, Hunter of the Dead	10000	-1	1551	100	-1	26	-1	-1	-1
523190065	D, Beholder of Death	10000	-1	1551	100	-1	0	-1	-1	-1
523190066	D, Beholder of Death	10000	-1	1551	100	-1	26	-1	-1	-1
523190079	D, Hunter of the Dead	10000	-1	1551	100	-1	0	-1	-1	-1
523190110	D, Hunter of the Dead	10000	-1	1551	100	-1	26	-1	-1	-1
523190179	D, Hunter of the Dead	10000	-1	1551	100	-1	0	-1	-1	-1
523200000	Heartbroken Maiden	10000	-1	1551	100	-1	26	-1	-1	-1
523200010	Heartbroken Maiden	10000	-1	1551	100	-1	0	-1	-1	-1
523200079	Roderika	10000	-1	1551	100	-1	0	-1	-1	-1
523200179	Roderika, Spirit Tuner	10000	-1	1551	100	-1	0	-1	-1	-1
523200279	Roderika, Spirit Tuner	10000	-1	1551	100	-1	0	-1	-1	-1
523210000	Kenneth Haight, Limgrave Heir	10000	-1	1551	100	-1	26	-1	-1	-1
523210010	Kenneth Haight, Limgrave Heir	10000	-1	1551	100	-1	26	-1	-1	-1
523210014	Kenneth Haight, Limgrave Heir	10000	-1	2	100	-1	0	-1	-1	-1
523210110	Kenneth Haight, Limgrave Heir	10000	-1	2	100	-1	26	-1	-1	-1
523220000	Fia, Deathbed Companion	10000	-1	1551	100	-1	26	-1	-1	-1
523220066	Fia, Deathbed Companion	10000	-1	1551	100	-1	0	-1	-1	-1
523220079	Fia, Deathbed Companion	10000	-1	1551	100	-1	0	-1	-1	-1
523220166	Fia, Deathbed Companion	10000	-1	1551	100	-1	0	-1	-1	-1
523220179	Fia, Deathbed Companion	10000	-1	1551	100	-1	0	-1	-1	-1
523220266	Fia, Deathbed Companion	10000	-1	1551	100	-1	26	-1	-1	-1
523220366	Fia, Deathbed Companion	10000	-1	1551	100	-1	0	-1	-1	-1
523230000	Dung Eater	10000	-1	1551	100	-1	26	-1	-1	-1
523230020	Dung Eater	10000	-1	1551	100	-1	0	-1	-1	-1
523230033	Dung Eater	10000	-1	1551	100	-1	0	-1	-1	-1
523230035	Dung Eater	10000	-1	1551	100	-1	26	-1	-1	-1
523230079	Dung Eater	10000	-1	1551	100	-1	0	-1	-1	-1
523230135	Dung Eater	10000	-1	1551	100	-1	26	-1	-1	-1
523230179	Dung Eater	10000	-1	1551	100	-1	0	-1	-1	-1
523230279	Dung Eater	10000	-1	1551	100	-1	26	-1	-1	-1
523240000	Sir Gideon Ofnir, the All-Knowing	10000	-1	1551	100	-1	26	-1	-1	-1
523240070	Sir Gideon Ofnir, the All-Knowing	10000	-1	1551	100	-1	0	-1	-1	-1
523240079	Sir Gideon Ofnir, the All-Knowing	10000	-1	1551	100	-1	0	-1	-1	-1
523240179	Sir Gideon Ofnir, the All-Knowing	10000	-1	1551	100	-1	0	-1	-1	-1
523250000	Sorcerer Rogier	10000	-1	1551	100	-1	26	-1	-1	-1
523250014	Sorcerer Rogier	10000	-1	1551	100	-1	26	-1	-1	-1
523250050	Sorcerer Rogier	10000	-1	1551	100	-1	26	-1	-1	-1
523250066	Sorcerer Rogier (Fia's Champions Boss)	10000	-1	1551	100	-1	6	-1	-1	-1
523250079	Sorcerer Rogier	10000	-1	1551	100	-1	0	-1	-1	-1
523250114	Sorcerer Rogier	10000	-1	1551	100	-1	0	-1	-1	-1
523250166	Sorcerer Rogier	10000	-1	1551	100	-1	27	-1	-1	-1
523250214	Sorcerer Rogier	10000	-1	1551	100	-1	26	-1	-1	-1
523260000	Knight Bernahl	10000	-1	1551	100	-1	26	-1	-1	-1
523260010	Knight Bernahl	10000	-1	1551	100	-1	26	-1	-1	-1
523260038	Recusant Bernahl	10000	-1	1551	100	-1	0	-1	-1	-1
523260070	Recusant Bernahl	10000	-1	1551	100	-1	26	-1	-1	-1
523270000	Eleonora, Violet Bloody Finger	10000	-1	1551	100	-1	27	-1	-1	-1
523270030	Eleonora, Violet Bloody Finger	10000	-1	1551	100	-1	26	-1	-1	-1
523270130	Eleonora, Violet Bloody Finger	10000	-1	1551	100	-1	27	-1	-1	-1
523290000	NPC Param 523290000	10000	-1	1551	100	-1	27	-1	-1	-1
523290040	Human	10000	-1	1551	100	-1	0	-1	-1	-1
523290066	Lionel the Lionhearted (Fia's Champions Boss)	10000	-1	1551	100	-1	6	-1	-1	-1
523310000	Blackguard	10000	-1	1551	100	-1	26	-1	-1	-1
523310020	Blackguard	10000	-1	1551	100	-1	26	-1	-1	-1
523310033	Blackguard	10000	-1	1551	100	-1	26	-1	-1	-1
523310133	Blackguard	10000	-1	1551	100	-1	26	-1	-1	-1
523320000	NPC Param 523320000	10000	-1	1551	100	-1	26	-1	-1	-1
523320038	Rykard-Hating Ghost	10000	-1	1551	100	-1	0	-1	-1	-1
523330000	Sorcerer Thops	10000	-1	1551	100	-1	26	-1	-1	-1
523330020	Sorcerer Thops	10000	-1	1551	100	-1	26	-1	-1	-1
523330024	Sorcerer Thops	10000	-1	1551	100	-1	26	-1	-1	-1
523340000	Nepheli Loux, Warrior	10000	-1	1551	100	-1	26	-1	-1	-1
523340014	Nepheli Loux, Warrior	10000	-1	1551	100	-1	26	-1	-1	-1
523340020	Nepheli Loux, Warrior	10000	-1	1551	100	-1	26	-1	-1	-1
523340079	Nepheli Loux, Warrior	10000	-1	1551	100	-1	0	-1	-1	-1
523340114	Nepheli Loux, Warrior	10000	-1	1551	100	-1	26	-1	-1	-1
523340120	Nepheli Loux, Warrior	10000	-1	1551	100	-1	0	-1	-1	-1
523340179	Nepheli Loux, Warrior	10000	-1	1551	100	-1	0	-1	-1	-1
523340214	Nepheli Loux, Warrior	10000	-1	1551	100	-1	0	-1	-1	-1
523350000	Reeling Rico	10000	-1	1551	100	-1	26	-1	-1	-1
523350010	Reeling Rico	10000	-1	1551	100	-1	26	-1	-1	-1
523350052	Reeling Rico	10000	-1	1551	100	-1	26	-1	-1	-1
523350068	Reeling Rico	10000	-1	1551	100	-1	0	-1	-1	-1
523350079	Reeling Rico	10000	-1	1551	100	-1	0	-1	-1	-1
523360000	Vyke's Finger Maiden	10000	-1	1551	100	-1	26	-1	-1	-1
523360012	Vyke's Finger Maiden	10000	-1	1551	100	-1	26	-1	-1	-1
523370000	NPC Param 523370000	10000	-1	1551	100	-1	26	-1	-1	-1
523370034	NPC Param 523370034	10000	-1	1551	100	-1	26	-1	-1	-1
523370134	NPC Param 523370134	10000	-1	1551	100	-1	26	-1	-1	-1
523380000	Finger Maiden	10000	-1	1551	100	-1	26	-1	-1	-1
523380016	Finger Maiden	10000	-1	1551	100	-1	0	-1	-1	-1
523390000	Ensha of the Royal Remains	10000	-1	1551	100	-1	26	-1	-1	-1
523390079	Ensha of the Royal Remains	10000	-1	1551	100	-1	0	-1	-1	-1
523400000	Bloody Finger Ravenmount Assassin	10000	-1	1551	100	-1	27	-1	-1	-1
523400020	Bloody Finger Ravenmount Assassin	10000	-1	1551	100	-1	27	-1	-1	-1
523410000	NPC Param 523410000	10000	-1	1551	100	-1	26	-1	-1	-1
523420000	Boc the Seamster	10000	-1	1551	100	-1	26	-1	-1	-1
523420024	Boc the Seamster	10000	-1	1551	100	-1	0	-1	-1	-1
523430000	Bloody Finger Nerijus	10000	-1	1551	100	34300000	27	-1	-1	-1
523440000	Great Horned Tragoth	10000	-1	1551	100	-1	26	-1	-1	-1
523440026	Great Horned Tragoth	10000	-1	1551	100	-1	27	-1	-1	-1
523440040	Great Horned Tragoth	10000	-1	1551	100	-1	0	-1	-1	-1
523450000	Old Knight Istvan	10000	-1	1551	100	-1	27	-1	-1	-1
523450010	Old Knight Istvan	10000	-1	1551	100	-1	6	-1	-1	-1
523460000	Rileigh the Idle	10000	-1	1551	100	-1	27	-1	-1	-1
523460030	Rileigh the Idle	10000	-1	1551	100	-1	6	-1	-1	-1
523470000	Juno Hoslow, Knight of Blood	10000	-1	1551	100	-1	27	-1	-1	-1
523470050	Juno Hoslow, Knight of Blood	10000	-1	1551	100	-1	6	-1	-1	-1
523480000	Millicent	10000	-1	1551	100	-1	26	-1	-1	-1
523480030	Millicent	10000	-1	1551	100	-1	26	-1	-1	-1
523480040	Millicent	10000	-1	1551	100	-1	0	-1	-1	-1
523480050	Millicent	10000	-1	1551	100	-1	26	-1	-1	-1
523480056	Millicent	10000	-1	1551	100	-1	26	-1	-1	-1
523480130	Millicent	10000	-1	1551	100	-1	26	-1	-1	-1
523480140	Millicent	10000	-1	1551	100	-1	26	-1	-1	-1
523480156	Millicent	10000	-1	1551	100	-1	27	-1	-1	-1
523480230	Millicent	10000	-1	1551	100	-1	26	-1	-1	-1
523480240	Millicent	10000	-1	1551	100	-1	28	-1	-1	-1
523480256	Millicent	10000	-1	1551	100	-1	0	-1	-1	-1
523480340	Millicent	10000	-1	1551	100	-1	28	-1	-1	-1
523480440	Millicent	10000	-1	1551	100	-1	26	-1	-1	-1
523490000	Sage Gowry	10000	-1	1551	100	-1	26	-1	-1	-1
523490040	Sage Gowry	10000	-1	1551	100	-1	26	-1	-1	-1
523490140	Sage Gowry	10000	-1	1551	100	-1	26	-1	-1	-1
523490240	Sage Gowry	10000	-1	1551	100	-1	26	-1	-1	-1
523490340	Sage Gowry	10000	-1	1551	100	-1	26	-1	-1	-1
523500000	NPC Param 523500000	10000	-1	1551	100	-1	26	-1	-1	-1
523500032	NPC Param 523500032	10000	-1	1551	100	-1	26	-1	-1	-1
523510000	Scribe Corhyn	10000	-1	1551	100	-1	26	-1	-1	-1
523510030	Brother Corhyn	10000	-1	1551	100	-1	26	-1	-1	-1
523510034	Scribe Corhyn	10000	-1	1551	100	-1	26	-1	-1	-1
523510050	Scribe Corhyn	10000	-1	1551	100	-1	26	-1	-1	-1
523510070	Scribe Corhyn	10000	-1	1551	100	-1	26	-1	-1	-1
523510079	Brother Corhyn	10000	-1	1551	100	-1	0	-1	-1	-1
523510130	Scribe Corhyn	10000	-1	1551	100	-1	26	-1	-1	-1
523510170	Scribe Corhyn	10000	-1	1551	100	-1	26	-1	-1	-1
523520000	Preceptor Miriam	10000	-1	1551	100	-1	27	-1	-1	-1
523520028	Preceptor Miriam	10000	-1	1551	100	-1	27	-1	-1	-1
523521000	Preceptor Miriam	10000	-1	1551	100	-1	27	-1	-1	-1
523521028	Preceptor Miriam	10000	-1	1551	100	-1	27	-1	-1	-1
523530000	Anastasia, Tarnished-Eater	10000	-1	1551	100	-1	27	-1	-1	-1
523530032	Anastasia, Tarnished-Eater	10000	-1	1551	100	-1	27	-1	-1	-1
523530040	Anastasia, Tarnished-Eater	10000	-1	1551	100	-1	27	-1	-1	-1
523530052	Anastasia, Tarnished-Eater	10000	-1	1551	100	-1	27	-1	-1	-1
523540000	NPC Param 523540000	10000	-1	1551	100	-1	27	-1	-1	-1
523550000	Okina	10000	-1	1551	100	-1	27	-1	-1	-1
523550040	Okina	10000	-1	1551	100	-1	0	-1	-1	-1
523550050	Bloody Finger Okina	10000	-1	1551	100	-1	27	-1	-1	-1
523560000	Adan, Thief of Fire	10000	-1	1551	100	-1	27	-1	-1	-1
523560020	Adan, Thief of Fire (Boss)	10000	-1	1551	100	-1	27	-1	-1	-1
523570000	NPC Param 523570000	10000	-1	1551	100	-1	27	-1	-1	-1
523580000	NPC Param 523580000	10000	-1	1551	100	-1	27	-1	-1	-1
523590000	Moongrum, Carian Knight	10000	-1	1551	100	-1	27	-1	-1	-1
523590024	Moongrum, Carian Knight	10000	-1	1551	100	-1	6	-1	-1	-1
523600000	Vargram the Raging Wolf	10000	-1	1551	100	-1	27	-1	-1	-1
523600034	Vargram the Raging Wolf	10000	-1	1551	100	-1	6	-1	-1	-1
523610000	Fia's Champion	10000	-1	1551	100	-1	27	-1	-1	-1
523610066	Fia's Champion 1	10000	-1	1551	100	-1	6	-1	-1	-1
523620000	NPC Param 523620000	10000	-1	1551	100	-1	27	-1	-1	-1
523630000	Finger Maiden Therolina	10000	-1	1551	100	-1	27	-1	-1	-1
523630020	Finger Maiden Therolina	10000	-1	1551	100	-1	0	-1	-1	-1
523630040	Finger Maiden Therolina	10000	-1	1551	100	-1	0	-1	-1	-1
523640000	Dolores the Sleeping Arrow	10000	-1	1551	100	-1	27	-1	-1	-1
523640020	Dolores the Sleeping Arrow	10000	-1	1551	100	-1	0	-1	-1	-1
523650000	Jarwight	10000	-1	1551	100	-1	27	-1	-1	-1
523650020	Jarwight	10000	-1	1551	100	-1	0	-1	-1	-1
523670000	Inaba, Disciple of Okina	10000	-1	1551	100	-1	27	-1	-1	-1
523670050	Inaba, Disciple of Okina	10000	-1	1551	100	-1	6	-1	-1	-1
523680000	Silver Tear	10000	-1	1551	100	-1	27	-1	-1	-1
523680062	Silver Tear	10000	-1	1551	100	-1	6	-1	-1	-1
523680065	Silver Tear	10000	-1	1551	100	-1	6	-1	-1	-1
523690000	Recusant Henricus	10000	-1	1551	100	-1	27	-1	-1	-1
523700000	Fia's Champion	10000	-1	1551	100	-1	27	-1	-1	-1
523710000	Fia's Champion	10000	-1	1551	100	-1	27	-1	-1	-1
523720000	Maleigh Marais, Shaded Castle Castellan	10000	-1	1551	100	-1	27	-1	-1	-1
523720030	Maleigh Marais, Shaded Castle Castellan	10000	-1	1551	100	-1	27	-1	-1	-1
523730000	Knight of the Great Jar	10000	-1	1551	100	-1	27	-1	-1	-1
523730040	Knight of the Great Jar	10000	-1	1551	100	-1	27	-1	-1	-1
523740000	Knight of the Great Jar	10000	-1	1551	100	-1	27	-1	-1	-1
523740040	Knight of the Great Jar	10000	-1	1551	100	-1	27	-1	-1	-1
523750000	Knight of the Great Jar	10000	-1	1551	100	-1	27	-1	-1	-1
523750040	Knight of the Great Jar	10000	-1	1551	100	-1	27	-1	-1	-1
523760000	Necromancer Garris	10000	-1	1551	100	-1	27	-1	-1	-1
523760930	Necromancer Garris (Boss)	10000	-1	1551	100	-1	6	-1	-1	-1
523770000	Nameless White Mask	10000	-1	1551	100	-1	27	-1	-1	-1
523770068	Nameless White Mask	10000	-1	1551	100	-1	27	-1	-1	-1
523790000	NPC Param 523790000	10000	-1	1551	100	-1	27	-1	-1	-1
523800000	Errant Sorcerer Wilhelm	10000	-1	1551	100	-1	27	-1	-1	-1
523800034	Errant Sorcerer Wilhelm	10000	-1	1551	100	-1	6	-1	-1	-1
523810000	NPC Param 523810000	10000	-1	1551	100	-1	27	-1	-1	-1
523820000	Chief Guardian Arghanthy	10000	-1	1551	100	-1	27	-1	-1	-1
523820050	Chief Guardian Arghanthy	10000	-1	1551	100	-1	6	-1	-1	-1
523830000	Flame Guardian	10000	-1	1551	100	-1	27	-1	-1	-1
523830050	Flame Guardian	10000	-1	1551	100	-1	6	-1	-1	-1
523840000	Inquisitor Ghiza	10000	-1	1551	100	-1	27	-1	-1	-1
523840038	Inquisitor Ghiza	10000	-1	1551	100	-1	27	-1	-1	-1
523850000	Mad Tongue Alberich	10000	-1	1551	100	-1	27	-1	-1	-1
523860000	Esgar, Priest of Blood (Boss)	10000	-1	1551	100	-1	33	-1	-1	-1
523870000	Mary, Eldest Sister	10000	-1	1551	100	-1	27	-1	-1	-1
523870056	Mary, Eldest Sister	10000	-1	1551	100	-1	27	-1	-1	-1
523880000	Maureen, Second Sister	10000	-1	1551	100	-1	27	-1	-1	-1
523880056	Maureen, Second Sister	10000	-1	1551	100	-1	27	-1	-1	-1
523890000	Amy, Third Sister	10000	-1	1551	100	-1	27	-1	-1	-1
523890056	Amy, Third Sister	10000	-1	1551	100	-1	27	-1	-1	-1
523900000	Polyanna, Youngest Sister	10000	-1	1551	100	-1	27	-1	-1	-1
523900056	Polyanna, Youngest Sister	10000	-1	1551	100	-1	27	-1	-1	-1
523910000	Magnus the Beast Claw	10000	-1	1551	100	-1	27	-1	-1	-1
523910030	Magnus the Beast Claw	10000	-1	1551	100	-1	6	-1	-1	-1
523920000	NPC Param 523920000	10000	-1	1551	100	-1	27	-1	-1	-1
523930000	NPC Param 523930000	10000	-1	1551	100	-1	27	-1	-1	-1
524030000	Igon	10000	-1	1551	100	-1	26	-1	-1	-1
524030081	Igon (NPC) (Gravesite Plain - Pillar Path Waypoint)	10000	-1	1551	100	-1	26	-1	-1	-1
524030085	Igon (NPC) (Foot of the Jagged Peak - Drake Duo Area)	10000	-1	1551	100	-1	26	-1	-1	-1
524060000	Dragon Communion Priestess	10000	-1	1551	100	-1	26	-1	-1	-1
524060084	Dragon Communion Priestess (NPC) (Foot of the Jagged Peak - Grand Altar)	10000	-1	1551	100	-1	26	-1	-1	-1
524070000	Ancient Dragon-Man	10000	-1	1551	100	-1	27	-1	-1	-1
524070001	Ancient Dragon-Man	10000	-1	1551	100	-1	27	-1	-1	-1
524070081	Ancient Dragon-Man (Boss) (Dragon's Pit)	10000	-1	1551	100	-1	27	-1	-1	-1
524090000	Swordhand of Night Jolan	10000	-1	1551	100	-1	26	-1	-1	-1
524090090	Swordhand of Night Jolan (NPC) (Scadu Altus - Cathedral of Manus Metyr)	10000	-1	1551	100	-1	26	-1	-1	-1
524090100	Swordhand of Night Jolan	10000	-1	1551	100	-1	6	-1	-1	-1
524090190	Swordhand of Night Jolan (Invader) (Scadu Altus - Cathedral of Manus Metyr)	10000	-1	1551	100	-1	6	-1	-1	-1
524090290	Swordhand of Night Jolan (NPC) (Scadu Altus - Cathedral of Manus Metyr)	10000	-1	1551	100	-1	26	-1	-1	-1
524120000	Swordhand of Night Anna	10000	-1	1551	100	-1	0	-1	-1	-1
524120090	Swordhand of Night Anna (NPC) (Scadu Altus - Rabbath's Rise)	10000	-1	1551	100	-1	0	-1	-1	-1
524130000	Fire Knight Queelign	10000	-1	1551	100	-1	26	-1	-1	-1
524130098	Fire Knight Queelign (NPC) (Shadow Keep - Church District)	10000	-1	1551	100	-1	26	-1	-1	-1
524140000	Hornsent	10000	-1	1551	100	-1	26	-1	-1	-1
524140080	Hornsent (NPC) (Gravesite Plain - Three-Path Cross)	10000	-1	1551	100	-1	26	-1	-1	-1
524140089	Hornsent (NPC) (Enir-Ilim)	10000	-1	1551	100	-1	26	-1	-1	-1
524140090	Hornsent (NPC) (Scadu Altus - Highroad Cross)	10000	-1	1551	100	-1	26	-1	-1	-1
524140099	Hornsent (NPC) (Specimen Storehouse)	10000	-1	1551	100	-1	26	-1	-1	-1
524140189	Hornsent (Boss) (Enir-Ilim)	10000	-1	1551	100	-1	1	-1	-1	-1
524140198	Hornsent (Invasion Target) (Shadow Keep)	10000	-1	1551	100	-1	1	-1	-1	-1
524140289	Hornsent	10000	-1	1551	100	-1	6	-1	-1	-1
524150000	Moore	10000	-1	1551	100	-1	26	-1	-1	-1
524150080	Moore (NPC) (Gravesite Plain - Belurat Main Gate Cross)	10000	-1	1551	100	-1	26	-1	-1	-1
524150089	Moore (NPC) (Enir-Ilim)	10000	-1	1551	100	-1	26	-1	-1	-1
524150090	Moore (NPC) (Scadu Altus - Church of the Crusade)	10000	-1	1551	100	-1	26	-1	-1	-1
524150189	Moore (Boss) (Enir-Ilim)	10000	-1	931	100	-1	1	-1	-1	-1
524150289	Moore	10000	-1	931	100	-1	6	-1	-1	-1
524160000	Sir Ansbach	10000	-1	1551	100	-1	26	-1	-1	-1
524160080	Sir Ansbach (NPC) (Gravesite Plain - Belurat Main Gate Cross)	10000	-1	1551	100	-1	26	-1	-1	-1
524160089	Sir Ansbach (NPC) (Enir-Ilim)	10000	-1	1551	100	-1	26	-1	-1	-1
524160099	Sir Ansbach (NPC) (Specimen Storehouse)	10000	-1	1551	100	-1	26	-1	-1	-1
524160199	Sir Ansbach (Invasion Target) (Specimen Storehouse)	10000	-1	1551	100	-1	1	-1	-1	-1
524160289	Pureblood Knight Ansbach	10000	-1	1551	100	-1	1	-1	-1	-1
524170000	Redmane Freyja	10000	-1	1551	100	-1	26	-1	-1	-1
524170080	Redmane Freyja (NPC) (Gravesite Plain - Three-Path Cross)	10000	-1	1551	100	-1	26	-1	-1	-1
524170089	Redmane Freyja (NPC) (Enir-Ilim)	10000	-1	1551	100	-1	26	-1	-1	-1
524170099	Redmane Freyja (NPC) (Specimen Storehouse)	10000	-1	1551	100	-1	26	-1	-1	-1
524170189	Redmane Freyja (Boss) (Enir-Ilim)	10000	-1	931	100	-1	1	-1	-1	-1
524170289	Redmane Freyja	10000	-1	931	100	-1	6	-1	-1	-1
524180000	Needle Knight Leda	10000	-1	1551	100	-1	26	-1	-1	-1
524180068	Needle Knight Leda (NPC) (Mohgwyn Palace)	10000	-1	1551	100	-1	26	-1	-1	-1
524180089	Needle Knight Leda (NPC) (Enir-Ilim)	10000	-1	1551	100	-1	26	-1	-1	-1
524180090	Needle Knight Leda (NPC) (Scadu Altus - Highroad Cross)	10000	-1	1551	100	-1	26	-1	-1	-1
524180189	Needle Knight Leda (Boss) (Enir-Ilim)	10000	-1	1551	100	-1	1	-1	-1	-1
524180198	Needle Knight Leda (Invasion Target) (Shadow Keep)	10000	-1	1551	100	-1	6	-1	-1	-1
524180199	Needle Knight Leda (Invasion Target) (Specimen Storehouse)	10000	-1	1551	100	-1	6	-1	-1	-1
524180289	Needle Knight Leda	10000	-1	931	100	-1	6	-1	-1	-1
524190000	Thiollier	10000	-1	1551	100	-1	26	-1	-1	-1
524190081	Thiollier (NPC) (Gravesite Plain - Pillar Path Cross)	10000	-1	1551	100	-1	26	-1	-1	-1
524190087	Thiollier (NPC) (Stone Coffin Fissure)	10000	-1	1551	100	-1	26	-1	-1	-1
524190089	Thiollier (NPC) (Enir-Ilim)	10000	-1	1551	100	-1	26	-1	-1	-1
524190189	Thiollier	10000	-1	1551	100	-1	1	-1	-1	-1
524200000	Count Ymir, High Priest	10000	-1	1551	100	-1	26	-1	-1	-1
524200090	Count Ymir, High Priest (NPC) (Scadu Altus - Cathedral of Manus Metyr)	10000	-1	1551	100	-1	26	-1	-1	-1
524200190	Count Ymir, Mother of Fingers (Boss)	10000	-1	1551	100	-1	6	-1	-1	-1
524210000	(Tarnished) Red Bear	10000	-1	1551	100	-1	6	-1	-1	-1
524210001	(Tarnished) Red Bear	10000	-1	1551	100	-1	6	-1	-1	-1
524210090	(Tarnished) Red Bear	10000	-1	1551	100	-1	6	-1	-1	-1
524210095	(Tarnished) Red Bear (Boss) (Gravesite Plain - Northern Nameless Mausoleum)	10000	-1	1551	100	-1	6	-1	-1	-1
524220000	Dancer of Ranah	10000	-1	1551	100	-1	6	-1	-1	-1
524220001	Dancer of Ranah	10000	-1	1551	100	-1	6	-1	-1	-1
524220083	Dancer of Ranah (Boss) (Cerulean Coast - Southern Nameless Mausoleum)	10000	-1	1551	100	-1	6	-1	-1	-1
524230000	Rakshasa	10000	-1	1551	100	-1	6	-1	-1	-1
524230090	Rakshasa	10000	-1	1551	100	-1	6	-1	-1	-1
524230091	Rakshasa (Boss) (Scadu Altus - Western Nameless Mausoleum)	10000	-1	1551	100	-1	6	-1	-1	-1
524240000	Knight of the Solitary Gaol	10000	-1	1551	100	-1	6	-1	-1	-1
524240080	Knight of the Solitary Gaol (Boss) (Gravesite Plain - Western Nameless Mausoleum)	10000	-1	1551	100	-1	6	-1	-1	-1
524250000	Dryleaf Dane	10000	-1	1551	100	-1	26	-1	-1	-1
524250001	Dryleaf Dane	10000	-1	1551	100	-1	27	-1	-1	-1
524250002	Dryleaf Dane	10000	-1	1551	100	-1	27	-1	-1	-1
524250089	Dryleaf Dane (NPC) (Enir-Ilim)	10000	-1	1551	100	-1	26	-1	-1	-1
524250090	Dryleaf Dane (NPC) (Scadu Altus - Moorth Ruins)	10000	-1	1551	100	-1	26	-1	-1	-1
524250189	Dryleaf Dane (Boss) (Enir-Ilim)	10000	-1	931	100	-1	1	-1	-1	-1
524250190	Dryleaf Dane (Miniboss) (Scadu Altus - Moorth Ruins)	10000	-1	1551	100	-1	6	-1	-1	-1
524250289	Dryleaf Dane	10000	-1	931	100	-1	6	-1	-1	-1
524270000	Lamenter	10000	-1	1551	100	-1	6	-1	-1	-1
524270001	Lamenter (Illusion) (Lamenter's Gaol)	10000	-1	1551	100	-1	6	-1	-1	-1
524270084	Lamenter (Boss) (Lamenter's Gaol)	10000	-1	1551	100	-1	6	-1	-1	-1
524280000	Greater Potentate	10000	-1	1551	100	-1	6	-1	-1	-1
524280090	Greater Potentate (Scadu Altus - Bonny Village)	10000	-1	1551	100	-1	6	-1	-1	-1
524290000	Madding Hand	10000	-1	1551	100	-1	6	-1	-1	-1
524290086	Madding Hand (Abyssal Woods - Woodland Trail)	10000	-1	1551	100	-1	6	-1	-1	-1
524310000	Logur, the Beast Claw	10000	-1	1551	100	-1	6	-1	-1	-1
524310080	Logur, the Beast Claw (Gravesite Plain - South of Scorched Ruins)	10000	-1	1551	100	-1	6	-1	-1	-1
524320000	Moonrithyll, Carian Knight	10000	-1	1551	100	-1	6	-1	-1	-1
524320082	Moonrithyll, Carian Knight (Gravesite Plain - West Castle Ensis)	10000	-1	1551	100	-1	6	-1	-1	-1
526000000	NPC Param 526000000	10000	-1	1551	100	-1	6	-1	-1	-1
526050000	NPC Param 526050000	10000	-1	1551	100	-1	6	-1	-1	-1
526060000	NPC Param 526060000	10000	-1	1551	100	-1	6	-1	-1	-1
526100000	NPC Param 526100000	10000	-1	1551	100	-1	6	-1	-1	-1
526100052	Stray Mimic Tear	10000	-1	1551	100	-1	6	-1	-1	-1
526100965	Mimic Tear	10000	-1	1551	100	-1	6	-1	-1	-1
527900000	NPC Param 527900000	10000	-1	1551	100	-1	0	-1	-1	-1
527900010	Human	10000	-1	1551	100	-1	0	-1	-1	-1
528500000	NPC Param 528500000	10000	-1	1551	100	-1	0	-1	-1	-1
529000000	NPC Param 529000000	10000	-1	1551	100	-1	0	-1	-1	-1
529000085	NPC Param 529000085	10000	-1	1551	100	-1	0	-1	-1	-1
533030100	NPC Param 533030100	10000	-1	1551	100	-1	2	-1	-1	-1
533040100	Roundtable Knight Vyke	10000	-1	1551	100	-1	2	-1	-1	-1
533090000	Patches	10000	-1	1551	100	-1	2	-1	-1	-1
533090040	Patches	10000	-1	1551	100	-1	2	-1	-1	-1
533110000	Castellan Edgar	10000	-1	1551	100	-1	2	-1	-1	-1
533110012	Castellan Edgar	10000	-1	1551	100	-1	2	-1	-1	-1
533120000	Witch-Hunter Jerren	10000	-1	1551	100	-1	2	-1	-1	-1
533120024	Witch-Hunter Jerren	10000	-1	1551	100	-1	2	-1	-1	-1
533121000	Castellan Jerren	10000	-1	1551	100	-1	2	-1	-1	-1
533121040	Castellan Jerren	10000	-1	1551	100	-1	2	-1	-1	-1
533160000	Sorceress Sellen	10000	-1	1551	100	-1	2	-1	-1	-1
533160024	Sorceress Sellen	10000	-1	1551	100	-1	2	-1	-1	-1
533160124	Sorceress Sellen	10000	-1	1551	100	-1	2	-1	-1	-1
533180000	Yura, Hunter of Bloody Fingers	10000	-1	1551	100	-1	2	-1	-1	-1
533180030	Yura, Hunter of Bloody Fingers	10000	-1	1551	100	-1	2	-1	-1	-1
533181000	Yura, Hunter of Bloody Fingers	10000	-1	1551	100	-1	2	-1	-1	-1
533181010	Yura, Hunter of Bloody Fingers	10000	-1	1551	100	-1	2	-1	-1	-1
533181020	Yura, Hunter of Bloody Fingers	10000	-1	1551	100	-1	2	-1	-1	-1
533181070	Shabriri	10000	-1	1551	100	-1	2	-1	-1	-1
533181110	Yura, Hunter of Bloody Fingers	10000	-1	1551	100	-1	2	-1	-1	-1
533190000	D, Hunter of the Dead	10000	-1	1551	100	-1	2	-1	-1	-1
533190020	D, Hunter of the Dead	10000	-1	1551	100	-1	2	-1	-1	-1
533190065	D, Beholder of Death	10000	-1	1551	100	-1	2	-1	-1	-1
533190120	D, Hunter of the Dead	10000	-1	1551	100	-1	2	-1	-1	-1
533230000	Dung Eater	10000	-1	1551	100	-1	2	-1	-1	-1
533230034	Dung Eater	10000	-1	1551	100	-1	2	-1	-1	-1
533230035	Dung Eater	10000	-1	1551	100	-1	2	-1	-1	-1
533250000	Sorcerer Rogier	10000	-1	1551	100	-1	2	-1	-1	-1
533250014	Sorcerer Rogier	10000	-1	1551	100	-1	2	-1	-1	-1
533260000	Knight Bernahl	10000	-1	1551	100	-1	2	-1	-1	-1
533260034	Recusant Bernahl	10000	-1	1551	100	-1	2	-1	-1	-1
533260072	Recusant Bernahl	10000	-1	1551	100	-1	2	-1	-1	-1
533290000	Recusant Bernahl	10000	-1	1551	100	-1	2	-1	-1	-1
533290040	Human	10000	-1	1551	100	-1	2	-1	-1	-1
533310000	Blackguard	10000	-1	1551	100	-1	2	-1	-1	-1
533310026	Blackguard	10000	-1	1551	100	-1	2	-1	-1	-1
533340000	Nepheli Loux, Warrior	10000	-1	1551	100	-1	2	-1	-1	-1
533340014	Nepheli Loux, Warrior	10000	-1	1551	100	-1	2	-1	-1	-1
533340020	Nepheli Loux, Warrior	10000	-1	1551	100	-1	2	-1	-1	-1
533340070	Nepheli Loux, Warrior	10000	-1	1551	100	-1	2	-1	-1	-1
533350000	Reeling Rico	10000	-1	1551	100	-1	2	-1	-1	-1
533350068	Reeling Rico	10000	-1	1551	100	-1	2	-1	-1	-1
533440000	Great Horned Tragoth	10000	-1	1551	100	-1	2	-1	-1	-1
533440026	Great Horned Tragoth	10000	-1	1551	100	-1	2	-1	-1	-1
533440033	Great Horned Tragoth	10000	-1	1551	100	-1	2	-1	-1	-1
533440040	Great Horned Tragoth	10000	-1	1551	100	-1	2	-1	-1	-1
533450000	Old Knight Istvan	10000	-1	1551	100	-1	2	-1	-1	-1
533450010	Old Knight Istvan	10000	-1	1551	100	-1	2	-1	-1	-1
533480000	Millicent	10000	-1	1551	100	-1	2	-1	-1	-1
533480056	Millicent	10000	-1	1551	100	-1	2	-1	-1	-1
533481000	Millicent	10000	-1	1551	100	-1	2	-1	-1	-1
533481026	Millicent	10000	-1	1551	100	-1	2	-1	-1	-1
533481030	Millicent	10000	-1	1551	100	-1	2	-1	-1	-1
533481033	Millicent	10000	-1	1551	100	-1	2	-1	-1	-1
533481050	Millicent	10000	-1	1551	100	-1	2	-1	-1	-1
533550000	Okina	10000	-1	1551	100	-1	2	-1	-1	-1
533550040	Okina	10000	-1	1551	100	-1	2	-1	-1	-1
533630000	Finger Maiden Therolina	10000	-1	1551	100	-1	2	-1	-1	-1
533630040	Finger Maiden Therolina	10000	-1	1551	100	-1	2	-1	-1	-1
533870000	Mary, Eldest Sister	10000	-1	1551	100	-1	2	-1	-1	-1
533870056	Mary, Eldest Sister	10000	-1	1551	100	-1	6	-1	-1	-1
533880000	Maureen, Second Sister	10000	-1	1551	100	-1	2	-1	-1	-1
533880056	Maureen, Second Sister	10000	-1	1551	100	-1	2	-1	-1	-1
533890000	Amy, Third Sister	10000	-1	1551	100	-1	2	-1	-1	-1
533890056	Amy, Third Sister	10000	-1	1551	100	-1	2	-1	-1	-1
533900000	Polyanna, Youngest Sister	10000	-1	1551	100	-1	2	-1	-1	-1
533900040	Polyanna, Adopted Daughter	10000	-1	1551	100	-1	2	-1	-1	-1
533900056	Polyanna, Youngest Sister	10000	-1	1551	100	-1	2	-1	-1	-1
534000000	NPC Param 534000000	10000	-1	1551	100	-1	2	-1	-1	-1
534031000	Igon	10000	-1	1551	100	-1	2	-1	-1	-1
534031085	Drake Warrior Igon (Co-op) (Jagged Peak)	10000	-1	1551	100	-1	2	-1	-1	-1
534090000	Swordhand of Night Jolan	10000	-1	1551	100	-1	2	-1	-1	-1
534090083	Swordhand of Night Jolan (Co-op) (Cerulean Coast - Dragon Area)	10000	-1	1551	100	-1	2	-1	-1	-1
534090093	Swordhand of Night Jolan (Co-op) (Scadu Altus - Hinterlands)	10000	-1	1551	100	-1	2	-1	-1	-1
534090099	Swordhand of Night Jolan (Co-op) (Specimen Storehouse)	10000	-1	1551	100	-1	2	-1	-1	-1
534100000	NPC Param 534100000	10000	-1	1551	100	-1	2	-1	-1	-1
534140000	Hornsent	10000	-1	1551	100	-1	2	-1	-1	-1
534140098	Hornsent (Co-op) (Shadow Keep)	10000	-1	1551	100	-1	2	-1	-1	-1
534140099	Hornsent (Co-op) (Specimen Storehouse)	10000	-1	1551	100	-1	2	-1	-1	-1
534140198	Hornsent (Assisted Spirit) (Shadow Keep)	10000	-1	1551	100	-1	1	-1	-1	-1
534160000	Sir Ansbach	10000	-1	1551	100	-1	2	-1	-1	-1
534160089	Pureblood Knight Ansbach (Co-op) (Enir-Ilim)	10000	-1	1551	100	-1	2	-1	-1	-1
534160099	Sir Ansbach (Assisted Spirit) (Specimen Storehouse)	10000	-1	1551	100	-1	1	-1	-1	-1
534160189	Pureblood Knight Ansbach (Helpful Spirit) (Enir-Ilim)	10000	-1	931	100	-1	6	-1	-1	-1
534160289	Pureblood Knight Ansbach	10000	-1	931	100	-1	1	-1	-1	-1
534170000	Redmane Freyja	10000	-1	1551	100	-1	2	-1	-1	-1
534170088	Redmane Freyja (Co-op) (Belurat, Tower Settlement)	10000	-1	1551	100	-1	2	-1	-1	-1
534170090	Redmane Freyja (Co-op) (Rauh Base - Northwest Great Red Bear)	10000	-1	1551	100	-1	2	-1	-1	-1
534170098	Redmane Freyja (Co-op) (Shadow Keep)	10000	-1	1551	100	-1	2	-1	-1	-1
534180000	Needle Knight Leda	10000	-1	1551	100	-1	2	-1	-1	-1
534180082	Needle Knight Leda (Co-op) (Gravesite Plain - East Castle Ensis)	10000	-1	1551	100	-1	2	-1	-1	-1
534180094	Needle Knight Leda	10000	-1	1551	100	-1	2	-1	-1	-1
534180098	Needle Knight Leda (Helpful Spirit) (Shadow Keep)	10000	-1	1551	100	-1	6	-1	-1	-1
534180099	Needle Knight Leda (Helpful Spirit) (Specimen Storehouse)	10000	-1	1551	100	-1	6	-1	-1	-1
534181000	Needle Knight Leda	10000	-1	1551	100	-1	2	-1	-1	-1
534190000	Thiollier	10000	-1	1551	100	-1	2	-1	-1	-1
534190087	Thiollier (Co-op) (Stone Coffin Fissure)	10000	-1	1551	100	-1	2	-1	-1	-1
534190089	Thiollier (Co-op) (Enir-Ilim)	10000	-1	1551	100	-1	2	-1	-1	-1
534190189	Thiollier (Helpful Spirit) (Enir-Ilim)	10000	-1	931	100	-1	6	-1	-1	-1
534190289	Thiollier	10000	-1	931	100	-1	1	-1	-1	-1
534200000	Count Ymir, Hight Priest	10000	-1	1551	100	-1	2	-1	-1	-1
534250000	Dryleaf Dane	10000	-1	1551	100	-1	2	-1	-1	-1
534250082	Dryleaf Dane (Co-op) (Gravesite Plain - East Castle Ensis) (REMOVED)	10000	-1	1551	100	-1	2	-1	-1	-1
534250094	Dryleaf Dane (Co-op) (Ancient Ruins of Rauh - North Church of the Bud)	10000	-1	1551	100	-1	2	-1	-1	-1
534260000	Sanguine Noble Nataan	10000	-1	1551	100	-1	2	-1	-1	-1
534260089	Sanguine Noble Nataan (Helpful Spirit) (Enir-Ilim)	10000	-1	931	100	-1	6	-1	-1	-1
534260189	Sanguine Noble Nataan	10000	-1	931	100	-1	1	-1	-1	-1
534300000	NPC Param 534300000	10000	-1	1551	100	-1	2	-1	-1	-1
534400000	NPC Param 534400000	10000	-1	1551	100	-1	2	-1	-1	-1
534500000	NPC Param 534500000	10000	-1	1551	100	-1	2	-1	-1	-1
534600000	NPC Param 534600000	10000	-1	1551	100	-1	2	-1	-1	-1
534700000	NPC Param 534700000	10000	-1	1551	100	-1	2	-1	-1	-1
534800000	NPC Param 534800000	10000	-1	1551	100	-1	2	-1	-1	-1
534900000	NPC Param 534900000	10000	-1	1551	100	-1	2	-1	-1	-1
543030200	NPC Param 543030200	10000	-1	1551	100	-1	27	-1	-1	-1
543110000	Edgar the Revenger	10000	-1	1551	100	-1	27	-1	-1	-1
543110020	Edgar the Revenger	10000	-1	1551	100	-1	27	-1	-1	-1
543260000	Knight Bernahl	10000	-1	1551	100	-1	27	-1	-1	-1
543260072	Recusant Bernahl	10000	-1	1551	100	-1	27	-1	-1	-1
543270000	Eleonora, Violet Bloody Finger	10000	-1	1551	100	-1	27	-1	-1	-1
543270030	Eleonora, Violet Bloody Finger	10000	-1	1551	100	-1	27	-1	-1	-1
543270130	Eleonora, Violet Bloody Finger	10000	-1	1551	100	-1	27	-1	-1	-1
543390000	Ensha of the Royal Remains	10000	-1	1551	100	-1	27	-1	-1	-1
543390079	Ensha of the Royal Remains	10000	-1	1551	100	-1	27	-1	-1	-1
543430000	Bloody Finger Nerijus	10000	-1	1551	100	34300000	27	-1	-1	-1
543430010	Bloody Finger Nerijus	10000	-1	1551	100	-1	27	-1	-1	-1
543430052	Sanguine Noble	10000	-1	1551	100	34300000	27	-1	-1	-1
543480000	Millicent	10000	-1	1551	100	-1	27	-1	-1	-1
543480040	Millicent	10000	-1	1551	100	-1	27	-1	-1	-1
543690000	Recusant Henricus	10000	-1	1551	100	-1	27	-1	-1	-1
543690010	Recusant Henricus	10000	-1	1551	100	-1	27	-1	-1	-1
543850000	Mad Tongue Alberich	10000	-1	1551	100	-1	27	-1	-1	-1
543850079	Mad Tongue Alberich	10000	-1	1551	100	-1	27	-1	-1	-1
544000000	NPC Param 544000000	10000	-1	1551	100	-1	27	-1	-1	-1
544070000	Ancient Dragon-Man	10000	-1	1551	100	-1	27	-1	-1	-1
544070081	Ancient Dragon-Man (Invader) (Gravesite Plain - North of Scorched Ruins)	10000	-1	1551	100	-1	27	-1	-1	-1
544090000	Swordhand of Night Jolan	10000	-1	1551	100	-1	27	-1	-1	-1
544100000	NPC Param 544100000	10000	-1	1551	100	-1	27	-1	-1	-1
544120000	Swordhand of Night Anna	10000	-1	1551	100	-1	27	-1	-1	-1
544120090	Swordhand of Night Anna (Invader) (Scadu Altus - Finger Ruins of Miyr)	10000	-1	1551	100	-1	27	-1	-1	-1
544130000	Fire Knight Queelign	10000	-1	1551	100	-1	27	-1	-1	-1
544130088	Fire Knight Queelign (Invader) (Belurat, Tower Settlement)	10000	-1	1551	100	-1	27	-1	-1	-1
544130090	Fire Knight Queelign (Invader) (Scadu Altus - Church of the Crusade)	10000	-1	1551	100	-1	27	-1	-1	-1
544130188	Fire Knight Queelign	10000	-1	1551	100	-1	27	-1	-1	-1
544130190	Fire Knight Queelign	10000	-1	1551	100	-1	27	-1	-1	-1
544140000	Hornsent	10000	-1	1551	100	-1	27	-1	-1	-1
544140094	Hornsent (Invader) (Ancient Ruins of Rauh - Rot Ruins)	10000	-1	1551	100	-1	27	-1	-1	-1
544150000	Moore	10000	-1	1551	100	-1	27	-1	-1	-1
544150080	Moore (Invader) (Gravesite Plain - Prospect Town)	10000	-1	1551	100	-1	27	-1	-1	-1
544150081	Moore	10000	-1	1551	100	-1	27	-1	-1	-1
544150083	Moore (Invader) (Gravesite Plain - Ellac River End)	10000	-1	1551	100	-1	27	-1	-1	-1
544150090	Moore (Invader) (Scadu Altus)	10000	-1	1551	100	-1	27	-1	-1	-1
544150180	Moore (Hostile) (Gravesite Plain - Prospect Town)	10000	-1	1551	100	-1	6	-1	-1	-1
544150181	Moore	10000	-1	1551	100	-1	6	-1	-1	-1
544150183	Moore (Hostile) (Gravesite Plain - Ellac River End)	10000	-1	1551	100	-1	6	-1	-1	-1
544150190	Moore (Hostile) (Scadu Altus)	10000	-1	1551	100	-1	6	-1	-1	-1
544160000	Sir Ansbach	10000	-1	1551	100	-1	27	-1	-1	-1
544170000	Redmane Freyja	10000	-1	1551	100	-1	27	-1	-1	-1
544180000	Needle Knight Leda	10000	-1	1551	100	-1	27	-1	-1	-1
544190000	Thiollier	10000	-1	1551	100	-1	27	-1	-1	-1
544190087	Thiollier (Invader) (Stone Coffin Fissure)	10000	-1	1551	100	-1	27	-1	-1	-1
544200000	NPC Param 544200000	10000	-1	1551	100	-1	27	-1	-1	-1
544250000	Dryleaf Dane	10000	-1	1551	100	-1	27	-1	-1	-1
544300000	NPC Param 544300000	10000	-1	1551	100	-1	27	-1	-1	-1
544400000	NPC Param 544400000	10000	-1	1551	100	-1	27	-1	-1	-1
544500000	NPC Param 544500000	10000	-1	1551	100	-1	27	-1	-1	-1
544600000	NPC Param 544600000	10000	-1	1551	100	-1	27	-1	-1	-1
544700000	NPC Param 544700000	10000	-1	1551	100	-1	27	-1	-1	-1
544800000	NPC Param 544800000	10000	-1	1551	100	-1	27	-1	-1	-1
544900000	NPC Param 544900000	10000	-1	1551	100	-1	27	-1	-1	-1
599999999	NPC Param 599999999	0	-1	0	0	-1	0	-1	-1	-1
